solid D:/VSprojects/TaihuStone/model/ori/RockSetBr.stl
facet normal 0 0 0
outer loop
vertex -1.576758e-01 -1.327056e-01 -1.020776e-01
vertex -2.228124e-01 -1.249624e-01 -1.016044e-01
vertex -1.959440e-01 -1.465569e-01 -1.728894e-01
endloop
endfacet
facet normal 0 0 0
outer loop
vertex -1.428073e-01 -1.525365e-01 -1.841457e-01
vertex -1.576758e-01 -1.327056e-01 -1.020776e-01
vertex -1.959440e-01 -1.465569e-01 -1.728894e-01
endloop
endfacet
facet normal 0 0 0
outer loop
vertex -1.428073e-01 -1.525365e-01 -1.841457e-01
vertex -1.959440e-01 -1.465569e-01 -1.728894e-01
vertex -1.600008e-01 -1.524916e-01 -2.426592e-01
endloop
endfacet
facet normal 0 0 0
outer loop
vertex -1.257263e-01 -1.591471e-01 -2.250471e-01
vertex -1.428073e-01 -1.525365e-01 -1.841457e-01
vertex -1.600008e-01 -1.524916e-01 -2.426592e-01
endloop
endfacet
facet normal 0 0 0
outer loop
vertex -1.098078e-01 -1.758096e-01 -2.668764e-01
vertex -1.257263e-01 -1.591471e-01 -2.250471e-01
vertex -1.600008e-01 -1.524916e-01 -2.426592e-01
endloop
endfacet
facet normal 0 0 0
outer loop
vertex -1.098078e-01 -1.758096e-01 -2.668764e-01
vertex -1.600008e-01 -1.524916e-01 -2.426592e-01
vertex -1.574883e-01 -1.973725e-01 -3.168744e-01
endloop
endfacet
facet normal 0 0 0
outer loop
vertex -8.070821e-02 -2.151347e-01 -3.431270e-01
vertex -1.098078e-01 -1.758096e-01 -2.668764e-01
vertex -1.574883e-01 -1.973725e-01 -3.168744e-01
endloop
endfacet
facet normal 0 0 0
outer loop
vertex -1.339199e-01 -2.490564e-01 -4.034904e-01
vertex -8.070821e-02 -2.151347e-01 -3.431270e-01
vertex -1.574883e-01 -1.973725e-01 -3.168744e-01
endloop
endfacet
facet normal 0 0 0
outer loop
vertex -1.339199e-01 -2.490564e-01 -4.034904e-01
vertex -1.574883e-01 -1.973725e-01 -3.168744e-01
vertex -2.260373e-01 -2.334431e-01 -3.655094e-01
endloop
endfacet
facet normal 0 0 0
outer loop
vertex -1.958878e-01 -2.745517e-01 -4.612108e-01
vertex -1.339199e-01 -2.490564e-01 -4.034904e-01
vertex -2.260373e-01 -2.334431e-01 -3.655094e-01
endloop
endfacet
facet normal 0 0 0
outer loop
vertex -2.571994e-01 -1.894884e-01 -4.628886e-01
vertex -1.958878e-01 -2.745517e-01 -4.612108e-01
vertex -2.260373e-01 -2.334431e-01 -3.655094e-01
endloop
endfacet
facet normal 0 0 0
outer loop
vertex -2.571994e-01 -1.894884e-01 -4.628886e-01
vertex -2.260373e-01 -2.334431e-01 -3.655094e-01
vertex -2.868990e-01 -1.294708e-01 -3.417637e-01
endloop
endfacet
facet normal 0 0 0
outer loop
vertex -3.118174e-01 -1.081330e-01 -4.477251e-01
vertex -2.571994e-01 -1.894884e-01 -4.628886e-01
vertex -2.868990e-01 -1.294708e-01 -3.417637e-01
endloop
endfacet
facet normal 0 0 0
outer loop
vertex -3.491481e-01 -7.660662e-02 -3.658186e-01
vertex -3.118174e-01 -1.081330e-01 -4.477251e-01
vertex -2.868990e-01 -1.294708e-01 -3.417637e-01
endloop
endfacet
facet normal 0 0 0
outer loop
vertex -3.491481e-01 -7.660662e-02 -3.658186e-01
vertex -2.868990e-01 -1.294708e-01 -3.417637e-01
vertex -3.182298e-01 -5.889222e-02 -3.095990e-01
endloop
endfacet
facet normal 0 0 0
outer loop
vertex -3.513793e-01 -3.994089e-02 -3.186096e-01
vertex -3.491481e-01 -7.660662e-02 -3.658186e-01
vertex -3.182298e-01 -5.889222e-02 -3.095990e-01
endloop
endfacet
facet normal 0 0 0
outer loop
vertex -3.326858e-01 -2.585936e-02 -2.823455e-01
vertex -3.513793e-01 -3.994089e-02 -3.186096e-01
vertex -3.182298e-01 -5.889222e-02 -3.095990e-01
endloop
endfacet
facet normal 0 0 0
outer loop
vertex -3.326858e-01 -2.585936e-02 -2.823455e-01
vertex -3.182298e-01 -5.889222e-02 -3.095990e-01
vertex -3.065112e-01 -2.367435e-02 -2.574495e-01
endloop
endfacet
facet normal 0 0 0
outer loop
vertex -3.184735e-01 -1.164285e-02 -2.725876e-01
vertex -3.326858e-01 -2.585936e-02 -2.823455e-01
vertex -3.065112e-01 -2.367435e-02 -2.574495e-01
endloop
endfacet
facet normal 0 0 0
outer loop
vertex -3.299483e-01 -2.834321e-03 -2.584760e-01
vertex -3.184735e-01 -1.164285e-02 -2.725876e-01
vertex -3.065112e-01 -2.367435e-02 -2.574495e-01
endloop
endfacet
facet normal 0 0 0
outer loop
vertex -3.299483e-01 -2.834321e-03 -2.584760e-01
vertex -3.065112e-01 -2.367435e-02 -2.574495e-01
vertex -3.123236e-01 1.657551e-02 -2.158766e-01
endloop
endfacet
facet normal 0 0 0
outer loop
vertex -3.383482e-01 4.873720e-02 -2.339417e-01
vertex -3.299483e-01 -2.834321e-03 -2.584760e-01
vertex -3.123236e-01 1.657551e-02 -2.158766e-01
endloop
endfacet
facet normal 0 0 0
outer loop
vertex -3.383482e-01 4.873720e-02 -2.339417e-01
vertex -3.123236e-01 1.657551e-02 -2.158766e-01
vertex -3.384607e-01 3.418900e-02 -1.690803e-01
endloop
endfacet
facet normal 0 0 0
outer loop
vertex -3.592167e-01 7.095648e-02 -1.389214e-01
vertex -3.383482e-01 4.873720e-02 -2.339417e-01
vertex -3.384607e-01 3.418900e-02 -1.690803e-01
endloop
endfacet
facet normal 0 0 0
outer loop
vertex -3.592167e-01 7.095648e-02 -1.389214e-01
vertex -3.384607e-01 3.418900e-02 -1.690803e-01
vertex -3.420982e-01 4.038574e-02 -9.804448e-02
endloop
endfacet
facet normal 0 0 0
outer loop
vertex -3.706165e-01 7.968076e-02 -7.524654e-02
vertex -3.592167e-01 7.095648e-02 -1.389214e-01
vertex -3.420982e-01 4.038574e-02 -9.804448e-02
endloop
endfacet
facet normal 0 0 0
outer loop
vertex -3.706165e-01 7.968076e-02 -7.524654e-02
vertex -3.420982e-01 4.038574e-02 -9.804448e-02
vertex -3.628916e-01 6.788921e-02 -1.878871e-02
endloop
endfacet
facet normal 0 0 0
outer loop
vertex -3.818664e-01 1.133918e-01 -2.902112e-02
vertex -3.706165e-01 7.968076e-02 -7.524654e-02
vertex -3.628916e-01 6.788921e-02 -1.878871e-02
endloop
endfacet
facet normal 0 0 0
outer loop
vertex -3.818664e-01 1.133918e-01 -2.902112e-02
vertex -3.628916e-01 6.788921e-02 -1.878871e-02
vertex -3.945974e-01 1.087121e-01 3.604915e-02
endloop
endfacet
facet normal 0 0 0
outer loop
vertex -3.852788e-01 1.471721e-01 1.062164e-02
vertex -3.818664e-01 1.133918e-01 -2.902112e-02
vertex -3.945974e-01 1.087121e-01 3.604915e-02
endloop
endfacet
facet normal 0 0 0
outer loop
vertex -3.852788e-01 1.471721e-01 1.062164e-02
vertex -3.945974e-01 1.087121e-01 3.604915e-02
vertex -3.956474e-01 1.687133e-01 5.727192e-02
endloop
endfacet
facet normal 0 0 0
outer loop
vertex -3.609979e-01 1.730726e-01 1.875599e-02
vertex -3.852788e-01 1.471721e-01 1.062164e-02
vertex -3.956474e-01 1.687133e-01 5.727192e-02
endloop
endfacet
facet normal 0 0 0
outer loop
vertex -3.609979e-01 1.730726e-01 1.875599e-02
vertex -3.956474e-01 1.687133e-01 5.727192e-02
vertex -3.552230e-01 2.088059e-01 5.529548e-02
endloop
endfacet
facet normal 0 0 0
outer loop
vertex -3.193922e-01 1.937841e-01 -8.014861e-03
vertex -3.609979e-01 1.730726e-01 1.875599e-02
vertex -3.552230e-01 2.088059e-01 5.529548e-02
endloop
endfacet
facet normal 0 0 0
outer loop
vertex -3.193922e-01 1.937841e-01 -8.014861e-03
vertex -3.552230e-01 2.088059e-01 5.529548e-02
vertex -3.017863e-01 2.431806e-01 4.209058e-02
endloop
endfacet
facet normal 0 0 0
outer loop
vertex -2.799991e-01 2.151520e-01 -2.006621e-03
vertex -3.193922e-01 1.937841e-01 -8.014861e-03
vertex -3.017863e-01 2.431806e-01 4.209058e-02
endloop
endfacet
facet normal 0 0 0
outer loop
vertex -2.799991e-01 2.151520e-01 -2.006621e-03
vertex -3.017863e-01 2.431806e-01 4.209058e-02
vertex -2.279873e-01 2.226645e-01 9.189866e-03
endloop
endfacet
facet normal 0 0 0
outer loop
vertex -2.799991e-01 2.151520e-01 -2.006621e-03
vertex -2.279873e-01 2.226645e-01 9.189866e-03
vertex -2.713742e-01 2.045270e-01 -5.462183e-02
endloop
endfacet
facet normal 0 0 0
outer loop
vertex -2.713742e-01 2.045270e-01 -5.462183e-02
vertex -2.279873e-01 2.226645e-01 9.189866e-03
vertex -2.070064e-01 1.892758e-01 -9.891655e-02
endloop
endfacet
facet normal 0 0 0
outer loop
vertex -2.623181e-01 1.928497e-01 -1.273287e-01
vertex -2.713742e-01 2.045270e-01 -5.462183e-02
vertex -2.070064e-01 1.892758e-01 -9.891655e-02
endloop
endfacet
facet normal 0 0 0
outer loop
vertex -2.249499e-01 1.813711e-01 -2.041185e-01
vertex -2.623181e-01 1.928497e-01 -1.273287e-01
vertex -2.070064e-01 1.892758e-01 -9.891655e-02
endloop
endfacet
facet normal 0 0 0
outer loop
vertex -2.249499e-01 1.813711e-01 -2.041185e-01
vertex -2.070064e-01 1.892758e-01 -9.891655e-02
vertex -1.247888e-01 1.507419e-01 -1.838618e-01
endloop
endfacet
facet normal 0 0 0
outer loop
vertex -2.249499e-01 1.813711e-01 -2.041185e-01
vertex -1.247888e-01 1.507419e-01 -1.838618e-01
vertex -1.755631e-01 1.531831e-01 -2.596465e-01
endloop
endfacet
facet normal 0 0 0
outer loop
vertex -2.080564e-01 1.759175e-01 -2.899123e-01
vertex -2.249499e-01 1.813711e-01 -2.041185e-01
vertex -1.755631e-01 1.531831e-01 -2.596465e-01
endloop
endfacet
facet normal 0 0 0
outer loop
vertex -2.080564e-01 1.759175e-01 -2.899123e-01
vertex -1.755631e-01 1.531831e-01 -2.596465e-01
vertex -1.767443e-01 1.540407e-01 -3.102225e-01
endloop
endfacet
facet normal 0 0 0
outer loop
vertex -1.950066e-01 1.665309e-01 -3.266375e-01
vertex -2.080564e-01 1.759175e-01 -2.899123e-01
vertex -1.767443e-01 1.540407e-01 -3.102225e-01
endloop
endfacet
facet normal 0 0 0
outer loop
vertex -1.950066e-01 1.665309e-01 -3.266375e-01
vertex -1.767443e-01 1.540407e-01 -3.102225e-01
vertex -1.782255e-01 1.470402e-01 -3.546719e-01
endloop
endfacet
facet normal 0 0 0
outer loop
vertex -2.264311e-01 1.633617e-01 -3.417591e-01
vertex -1.950066e-01 1.665309e-01 -3.266375e-01
vertex -1.782255e-01 1.470402e-01 -3.546719e-01
endloop
endfacet
facet normal 0 0 0
outer loop
vertex -2.264311e-01 1.633617e-01 -3.417591e-01
vertex -1.782255e-01 1.470402e-01 -3.546719e-01
vertex -2.194187e-01 1.299466e-01 -4.095269e-01
endloop
endfacet
facet normal 0 0 0
outer loop
vertex -2.900490e-01 1.329855e-01 -3.555165e-01
vertex -2.264311e-01 1.633617e-01 -3.417591e-01
vertex -2.194187e-01 1.299466e-01 -4.095269e-01
endloop
endfacet
facet normal 0 0 0
outer loop
vertex -2.900490e-01 1.329855e-01 -3.555165e-01
vertex -2.194187e-01 1.299466e-01 -4.095269e-01
vertex -2.750866e-01 7.678182e-02 -4.354837e-01
endloop
endfacet
facet normal 0 0 0
outer loop
vertex -3.279421e-01 6.732160e-02 -3.819455e-01
vertex -2.900490e-01 1.329855e-01 -3.555165e-01
vertex -2.750866e-01 7.678182e-02 -4.354837e-01
endloop
endfacet
facet normal 0 0 0
outer loop
vertex -3.279421e-01 6.732160e-02 -3.819455e-01
vertex -2.750866e-01 7.678182e-02 -4.354837e-01
vertex -3.216047e-01 2.331004e-02 -4.444295e-01
endloop
endfacet
facet normal 0 0 0
outer loop
vertex -3.475918e-01 1.700190e-02 -3.896250e-01
vertex -3.279421e-01 6.732160e-02 -3.819455e-01
vertex -3.216047e-01 2.331004e-02 -4.444295e-01
endloop
endfacet
facet normal 0 0 0
outer loop
vertex -3.475918e-01 1.700190e-02 -3.896250e-01
vertex -3.216047e-01 2.331004e-02 -4.444295e-01
vertex -3.574542e-01 -3.432189e-02 -4.278631e-01
endloop
endfacet
facet normal 0 0 0
outer loop
vertex -3.610729e-01 -1.578109e-02 -3.551224e-01
vertex -3.475918e-01 1.700190e-02 -3.896250e-01
vertex -3.574542e-01 -3.432189e-02 -4.278631e-01
endloop
endfacet
facet normal 0 0 0
outer loop
vertex -3.610729e-01 -1.578109e-02 -3.551224e-01
vertex -3.574542e-01 -3.432189e-02 -4.278631e-01
vertex -3.491481e-01 -7.660662e-02 -3.658186e-01
endloop
endfacet
facet normal 0 0 0
outer loop
vertex -3.475918e-01 1.700190e-02 -3.896250e-01
vertex -3.610729e-01 -1.578109e-02 -3.551224e-01
vertex -3.336796e-01 3.105379e-02 -3.292185e-01
endloop
endfacet
facet normal 0 0 0
outer loop
vertex -3.610729e-01 -1.578109e-02 -3.551224e-01
vertex -3.418544e-01 -9.439273e-04 -2.972459e-01
vertex -3.336796e-01 3.105379e-02 -3.292185e-01
endloop
endfacet
facet normal 0 0 0
outer loop
vertex -3.418544e-01 -9.439273e-04 -2.972459e-01
vertex -3.383482e-01 4.873720e-02 -2.339417e-01
vertex -3.336796e-01 3.105379e-02 -3.292185e-01
endloop
endfacet
facet normal 0 0 0
outer loop
vertex -3.336796e-01 3.105379e-02 -3.292185e-01
vertex -3.383482e-01 4.873720e-02 -2.339417e-01
vertex -3.213422e-01 8.673704e-02 -3.020848e-01
endloop
endfacet
facet normal 0 0 0
outer loop
vertex -3.279421e-01 6.732160e-02 -3.819455e-01
vertex -3.336796e-01 3.105379e-02 -3.292185e-01
vertex -3.213422e-01 8.673704e-02 -3.020848e-01
endloop
endfacet
facet normal 0 0 0
outer loop
vertex -3.213422e-01 8.673704e-02 -3.020848e-01
vertex -3.383482e-01 4.873720e-02 -2.339417e-01
vertex -3.199548e-01 1.043996e-01 -2.309165e-01
endloop
endfacet
facet normal 0 0 0
outer loop
vertex -2.998738e-01 1.358620e-01 -2.659844e-01
vertex -3.213422e-01 8.673704e-02 -3.020848e-01
vertex -3.199548e-01 1.043996e-01 -2.309165e-01
endloop
endfacet
facet normal 0 0 0
outer loop
vertex -3.052362e-01 1.439056e-01 -1.920332e-01
vertex -2.998738e-01 1.358620e-01 -2.659844e-01
vertex -3.199548e-01 1.043996e-01 -2.309165e-01
endloop
endfacet
facet normal 0 0 0
outer loop
vertex -3.052362e-01 1.439056e-01 -1.920332e-01
vertex -3.199548e-01 1.043996e-01 -2.309165e-01
vertex -3.361920e-01 1.107700e-01 -1.653528e-01
endloop
endfacet
facet normal 0 0 0
outer loop
vertex -3.171610e-01 1.683154e-01 -1.046105e-01
vertex -3.052362e-01 1.439056e-01 -1.920332e-01
vertex -3.361920e-01 1.107700e-01 -1.653528e-01
endloop
endfacet
facet normal 0 0 0
outer loop
vertex -3.553542e-01 1.169975e-01 -8.900664e-02
vertex -3.171610e-01 1.683154e-01 -1.046105e-01
vertex -3.361920e-01 1.107700e-01 -1.653528e-01
endloop
endfacet
facet normal 0 0 0
outer loop
vertex -3.553542e-01 1.169975e-01 -8.900664e-02
vertex -3.361920e-01 1.107700e-01 -1.653528e-01
vertex -3.592167e-01 7.095648e-02 -1.389214e-01
endloop
endfacet
facet normal 0 0 0
outer loop
vertex -3.171610e-01 1.683154e-01 -1.046105e-01
vertex -3.553542e-01 1.169975e-01 -8.900664e-02
vertex -3.540605e-01 1.526710e-01 -3.320184e-02
endloop
endfacet
facet normal 0 0 0
outer loop
vertex -3.193922e-01 1.937841e-01 -8.014861e-03
vertex -3.171610e-01 1.683154e-01 -1.046105e-01
vertex -3.540605e-01 1.526710e-01 -3.320184e-02
endloop
endfacet
facet normal 0 0 0
outer loop
vertex -3.171610e-01 1.683154e-01 -1.046105e-01
vertex -3.193922e-01 1.937841e-01 -8.014861e-03
vertex -2.713742e-01 2.045270e-01 -5.462183e-02
endloop
endfacet
facet normal 0 0 0
outer loop
vertex -3.553542e-01 1.169975e-01 -8.900664e-02
vertex -3.818664e-01 1.133918e-01 -2.902112e-02
vertex -3.540605e-01 1.526710e-01 -3.320184e-02
endloop
endfacet
facet normal 0 0 0
outer loop
vertex -3.052362e-01 1.439056e-01 -1.920332e-01
vertex -3.171610e-01 1.683154e-01 -1.046105e-01
vertex -2.826803e-01 1.796678e-01 -1.715708e-01
endloop
endfacet
facet normal 0 0 0
outer loop
vertex -3.052362e-01 1.439056e-01 -1.920332e-01
vertex -2.826803e-01 1.796678e-01 -1.715708e-01
vertex -2.761741e-01 1.650984e-01 -2.228586e-01
endloop
endfacet
facet normal 0 0 0
outer loop
vertex -2.826803e-01 1.796678e-01 -1.715708e-01
vertex -2.249499e-01 1.813711e-01 -2.041185e-01
vertex -2.761741e-01 1.650984e-01 -2.228586e-01
endloop
endfacet
facet normal 0 0 0
outer loop
vertex -2.761741e-01 1.650984e-01 -2.228586e-01
vertex -2.249499e-01 1.813711e-01 -2.041185e-01
vertex -2.594494e-01 1.689186e-01 -2.824240e-01
endloop
endfacet
facet normal 0 0 0
outer loop
vertex -2.998738e-01 1.358620e-01 -2.659844e-01
vertex -2.761741e-01 1.650984e-01 -2.228586e-01
vertex -2.594494e-01 1.689186e-01 -2.824240e-01
endloop
endfacet
facet normal 0 0 0
outer loop
vertex -2.900490e-01 1.329855e-01 -3.555165e-01
vertex -2.998738e-01 1.358620e-01 -2.659844e-01
vertex -2.594494e-01 1.689186e-01 -2.824240e-01
endloop
endfacet
facet normal 0 0 0
outer loop
vertex -3.171610e-01 1.683154e-01 -1.046105e-01
vertex -2.623181e-01 1.928497e-01 -1.273287e-01
vertex -2.826803e-01 1.796678e-01 -1.715708e-01
endloop
endfacet
facet normal 0 0 0
outer loop
vertex -2.998738e-01 1.358620e-01 -2.659844e-01
vertex -3.052362e-01 1.439056e-01 -1.920332e-01
vertex -2.761741e-01 1.650984e-01 -2.228586e-01
endloop
endfacet
facet normal 0 0 0
outer loop
vertex -2.998738e-01 1.358620e-01 -2.659844e-01
vertex -2.900490e-01 1.329855e-01 -3.555165e-01
vertex -3.213422e-01 8.673704e-02 -3.020848e-01
endloop
endfacet
facet normal 0 0 0
outer loop
vertex -3.199548e-01 1.043996e-01 -2.309165e-01
vertex -3.383482e-01 4.873720e-02 -2.339417e-01
vertex -3.361920e-01 1.107700e-01 -1.653528e-01
endloop
endfacet
facet normal 0 0 0
outer loop
vertex -3.610729e-01 -1.578109e-02 -3.551224e-01
vertex -3.513793e-01 -3.994089e-02 -3.186096e-01
vertex -3.418544e-01 -9.439273e-04 -2.972459e-01
endloop
endfacet
facet normal 0 0 0
outer loop
vertex -3.216047e-01 2.331004e-02 -4.444295e-01
vertex -2.984488e-01 -3.721846e-02 -4.803416e-01
vertex -3.574542e-01 -3.432189e-02 -4.278631e-01
endloop
endfacet
facet normal 0 0 0
outer loop
vertex -2.984488e-01 -3.721846e-02 -4.803416e-01
vertex -3.118174e-01 -1.081330e-01 -4.477251e-01
vertex -3.574542e-01 -3.432189e-02 -4.278631e-01
endloop
endfacet
facet normal 0 0 0
outer loop
vertex -3.118174e-01 -1.081330e-01 -4.477251e-01
vertex -2.984488e-01 -3.721846e-02 -4.803416e-01
vertex -1.993003e-01 -7.454550e-02 -4.897462e-01
endloop
endfacet
facet normal 0 0 0
outer loop
vertex -2.984488e-01 -3.721846e-02 -4.803416e-01
vertex -2.582494e-01 8.437160e-03 -4.719727e-01
vertex -1.993003e-01 -7.454550e-02 -4.897462e-01
endloop
endfacet
facet normal 0 0 0
outer loop
vertex -2.582494e-01 8.437160e-03 -4.719727e-01
vertex -1.958128e-01 5.416555e-02 -4.655302e-01
vertex -1.993003e-01 -7.454550e-02 -4.897462e-01
endloop
endfacet
facet normal 0 0 0
outer loop
vertex -1.958128e-01 5.416555e-02 -4.655302e-01
vertex -7.708949e-02 3.145815e-02 -4.722093e-01
vertex -1.993003e-01 -7.454550e-02 -4.897462e-01
endloop
endfacet
facet normal 0 0 0
outer loop
vertex -7.708949e-02 3.145815e-02 -4.722093e-01
vertex -5.085862e-02 -1.259401e-01 -4.916729e-01
vertex -1.993003e-01 -7.454550e-02 -4.897462e-01
endloop
endfacet
facet normal 0 0 0
outer loop
vertex -1.993003e-01 -7.454550e-02 -4.897462e-01
vertex -5.085862e-02 -1.259401e-01 -4.916729e-01
vertex -1.431635e-01 -1.993521e-01 -4.918702e-01
endloop
endfacet
facet normal 0 0 0
outer loop
vertex -2.571994e-01 -1.894884e-01 -4.628886e-01
vertex -1.993003e-01 -7.454550e-02 -4.897462e-01
vertex -1.431635e-01 -1.993521e-01 -4.918702e-01
endloop
endfacet
facet normal 0 0 0
outer loop
vertex -1.431635e-01 -1.993521e-01 -4.918702e-01
vertex -5.085862e-02 -1.259401e-01 -4.916729e-01
vertex -8.428940e-02 -1.942247e-01 -4.354246e-01
endloop
endfacet
facet normal 0 0 0
outer loop
vertex -1.339199e-01 -2.490564e-01 -4.034904e-01
vertex -1.431635e-01 -1.993521e-01 -4.918702e-01
vertex -8.428940e-02 -1.942247e-01 -4.354246e-01
endloop
endfacet
facet normal 0 0 0
outer loop
vertex -8.428940e-02 -1.942247e-01 -4.354246e-01
vertex -5.085862e-02 -1.259401e-01 -4.916729e-01
vertex -5.582732e-02 -2.066644e-01 -4.702270e-01
endloop
endfacet
facet normal 0 0 0
outer loop
vertex -4.298373e-02 -2.169756e-01 -4.170914e-01
vertex -8.428940e-02 -1.942247e-01 -4.354246e-01
vertex -5.582732e-02 -2.066644e-01 -4.702270e-01
endloop
endfacet
facet normal 0 0 0
outer loop
vertex 4.603051e-03 -2.194404e-01 -4.685980e-01
vertex -4.298373e-02 -2.169756e-01 -4.170914e-01
vertex -5.582732e-02 -2.066644e-01 -4.702270e-01
endloop
endfacet
facet normal 0 0 0
outer loop
vertex -4.298373e-02 -2.169756e-01 -4.170914e-01
vertex 4.603051e-03 -2.194404e-01 -4.685980e-01
vertex 8.615507e-03 -2.235398e-01 -3.605397e-01
endloop
endfacet
facet normal 0 0 0
outer loop
vertex -8.070821e-02 -2.151347e-01 -3.431270e-01
vertex -4.298373e-02 -2.169756e-01 -4.170914e-01
vertex 8.615507e-03 -2.235398e-01 -3.605397e-01
endloop
endfacet
facet normal 0 0 0
outer loop
vertex -4.341498e-02 -2.503372e-01 -2.922958e-01
vertex -8.070821e-02 -2.151347e-01 -3.431270e-01
vertex 8.615507e-03 -2.235398e-01 -3.605397e-01
endloop
endfacet
facet normal 0 0 0
outer loop
vertex -4.341498e-02 -2.503372e-01 -2.922958e-01
vertex 8.615507e-03 -2.235398e-01 -3.605397e-01
vertex 3.253097e-03 -2.540381e-01 -2.736436e-01
endloop
endfacet
facet normal 0 0 0
outer loop
vertex 3.253097e-03 -2.540381e-01 -2.736436e-01
vertex -4.262750e-02 -2.742457e-01 -2.158813e-01
vertex -4.341498e-02 -2.503372e-01 -2.922958e-01
endloop
endfacet
facet normal 0 0 0
outer loop
vertex -4.341498e-02 -2.503372e-01 -2.922958e-01
vertex -4.262750e-02 -2.742457e-01 -2.158813e-01
vertex -8.552688e-02 -2.271418e-01 -2.407857e-01
endloop
endfacet
facet normal 0 0 0
outer loop
vertex -8.552688e-02 -2.271418e-01 -2.407857e-01
vertex -4.262750e-02 -2.742457e-01 -2.158813e-01
vertex -9.013932e-02 -2.567762e-01 -1.795022e-01
endloop
endfacet
facet normal 0 0 0
outer loop
vertex -1.141765e-01 -2.211906e-01 -1.625167e-01
vertex -8.552688e-02 -2.271418e-01 -2.407857e-01
vertex -9.013932e-02 -2.567762e-01 -1.795022e-01
endloop
endfacet
facet normal 0 0 0
outer loop
vertex -1.027204e-01 -2.502674e-01 -1.457147e-01
vertex -1.141765e-01 -2.211906e-01 -1.625167e-01
vertex -9.013932e-02 -2.567762e-01 -1.795022e-01
endloop
endfacet
facet normal 0 0 0
outer loop
vertex -7.198957e-02 -2.535690e-01 -1.266737e-01
vertex -1.027204e-01 -2.502674e-01 -1.457147e-01
vertex -9.013932e-02 -2.567762e-01 -1.795022e-01
endloop
endfacet
facet normal 0 0 0
outer loop
vertex -7.198957e-02 -2.535690e-01 -1.266737e-01
vertex -1.196514e-01 -2.425402e-01 -1.157124e-01
vertex -1.027204e-01 -2.502674e-01 -1.457147e-01
endloop
endfacet
facet normal 0 0 0
outer loop
vertex -1.196514e-01 -2.425402e-01 -1.157124e-01
vertex -7.198957e-02 -2.535690e-01 -1.266737e-01
vertex -1.162577e-01 -2.298659e-01 -4.906855e-02
endloop
endfacet
facet normal 0 0 0
outer loop
vertex -1.196514e-01 -2.425402e-01 -1.157124e-01
vertex -1.162577e-01 -2.298659e-01 -4.906855e-02
vertex -1.396011e-01 -1.969734e-01 -9.982745e-02
endloop
endfacet
facet normal 0 0 0
outer loop
vertex -1.141765e-01 -2.211906e-01 -1.625167e-01
vertex -1.196514e-01 -2.425402e-01 -1.157124e-01
vertex -1.396011e-01 -1.969734e-01 -9.982745e-02
endloop
endfacet
facet normal 0 0 0
outer loop
vertex -1.141765e-01 -2.211906e-01 -1.625167e-01
vertex -1.396011e-01 -1.969734e-01 -9.982745e-02
vertex -1.393574e-01 -1.806786e-01 -1.509708e-01
endloop
endfacet
facet normal 0 0 0
outer loop
vertex -1.178327e-01 -1.864830e-01 -2.060651e-01
vertex -1.141765e-01 -2.211906e-01 -1.625167e-01
vertex -1.393574e-01 -1.806786e-01 -1.509708e-01
endloop
endfacet
facet normal 0 0 0
outer loop
vertex -1.393574e-01 -1.806786e-01 -1.509708e-01
vertex -1.428073e-01 -1.525365e-01 -1.841457e-01
vertex -1.178327e-01 -1.864830e-01 -2.060651e-01
endloop
endfacet
facet normal 0 0 0
outer loop
vertex -1.396011e-01 -1.969734e-01 -9.982745e-02
vertex -1.576758e-01 -1.327056e-01 -1.020776e-01
vertex -1.393574e-01 -1.806786e-01 -1.509708e-01
endloop
endfacet
facet normal 0 0 0
outer loop
vertex -1.321012e-01 -1.553772e-01 -3.340625e-02
vertex -1.576758e-01 -1.327056e-01 -1.020776e-01
vertex -1.396011e-01 -1.969734e-01 -9.982745e-02
endloop
endfacet
facet normal 0 0 0
outer loop
vertex -1.519947e-01 -9.836125e-02 -1.930294e-02
vertex -1.576758e-01 -1.327056e-01 -1.020776e-01
vertex -1.321012e-01 -1.553772e-01 -3.340625e-02
endloop
endfacet
facet normal 0 0 0
outer loop
vertex -1.519947e-01 -9.836125e-02 -1.930294e-02
vertex -1.321012e-01 -1.553772e-01 -3.340625e-02
vertex -1.358699e-01 -1.160593e-01 2.939065e-02
endloop
endfacet
facet normal 0 0 0
outer loop
vertex -1.477572e-01 -8.064426e-02 2.475783e-02
vertex -1.519947e-01 -9.836125e-02 -1.930294e-02
vertex -1.358699e-01 -1.160593e-01 2.939065e-02
endloop
endfacet
facet normal 0 0 0
outer loop
vertex -1.488072e-01 -7.283939e-02 7.069078e-02
vertex -1.477572e-01 -8.064426e-02 2.475783e-02
vertex -1.358699e-01 -1.160593e-01 2.939065e-02
endloop
endfacet
facet normal 0 0 0
outer loop
vertex -1.488072e-01 -7.283939e-02 7.069078e-02
vertex -1.358699e-01 -1.160593e-01 2.939065e-02
vertex -1.325887e-01 -1.270870e-01 8.981458e-02
endloop
endfacet
facet normal 0 0 0
outer loop
vertex -1.684382e-01 -7.873087e-02 1.589452e-01
vertex -1.488072e-01 -7.283939e-02 7.069078e-02
vertex -1.325887e-01 -1.270870e-01 8.981458e-02
endloop
endfacet
facet normal 0 0 0
outer loop
vertex -8.560187e-02 -1.120672e-01 1.354896e-01
vertex -1.684382e-01 -7.873087e-02 1.589452e-01
vertex -1.325887e-01 -1.270870e-01 8.981458e-02
endloop
endfacet
facet normal 0 0 0
outer loop
vertex -8.560187e-02 -1.120672e-01 1.354896e-01
vertex -1.325887e-01 -1.270870e-01 8.981458e-02
vertex -9.285800e-02 -1.421759e-01 8.805633e-02
endloop
endfacet
facet normal 0 0 0
outer loop
vertex -8.560187e-02 -1.120672e-01 1.354896e-01
vertex -9.285800e-02 -1.421759e-01 8.805633e-02
vertex -5.340857e-02 -1.412103e-01 7.658920e-02
endloop
endfacet
facet normal 0 0 0
outer loop
vertex 2.596859e-03 -1.248455e-01 1.160070e-01
vertex -8.560187e-02 -1.120672e-01 1.354896e-01
vertex -5.340857e-02 -1.412103e-01 7.658920e-02
endloop
endfacet
facet normal 0 0 0
outer loop
vertex -1.504664e-02 -1.325896e-01 4.953293e-02
vertex 2.596859e-03 -1.248455e-01 1.160070e-01
vertex -5.340857e-02 -1.412103e-01 7.658920e-02
endloop
endfacet
facet normal 0 0 0
outer loop
vertex -1.504664e-02 -1.325896e-01 4.953293e-02
vertex -5.340857e-02 -1.412103e-01 7.658920e-02
vertex -3.473387e-02 -1.542883e-01 1.452778e-02
endloop
endfacet
facet normal 0 0 0
outer loop
vertex -6.065549e-03 -1.391788e-01 1.568640e-02
vertex -1.504664e-02 -1.325896e-01 4.953293e-02
vertex -3.473387e-02 -1.542883e-01 1.452778e-02
endloop
endfacet
facet normal 0 0 0
outer loop
vertex 5.353058e-03 -1.537779e-01 -2.592182e-02
vertex -6.065549e-03 -1.391788e-01 1.568640e-02
vertex -3.473387e-02 -1.542883e-01 1.452778e-02
endloop
endfacet
facet normal 0 0 0
outer loop
vertex 5.353058e-03 -1.537779e-01 -2.592182e-02
vertex -3.473387e-02 -1.542883e-01 1.452778e-02
vertex -3.895253e-02 -1.988820e-01 -5.696840e-02
endloop
endfacet
facet normal 0 0 0
outer loop
vertex 3.482760e-02 -1.819185e-01 -1.067754e-01
vertex 5.353058e-03 -1.537779e-01 -2.592182e-02
vertex -3.895253e-02 -1.988820e-01 -5.696840e-02
endloop
endfacet
facet normal 0 0 0
outer loop
vertex -5.709285e-03 -2.327128e-01 -1.591616e-01
vertex 3.482760e-02 -1.819185e-01 -1.067754e-01
vertex -3.895253e-02 -1.988820e-01 -5.696840e-02
endloop
endfacet
facet normal 0 0 0
outer loop
vertex -7.198957e-02 -2.535690e-01 -1.266737e-01
vertex -5.709285e-03 -2.327128e-01 -1.591616e-01
vertex -3.895253e-02 -1.988820e-01 -5.696840e-02
endloop
endfacet
facet normal 0 0 0
outer loop
vertex -7.198957e-02 -2.535690e-01 -1.266737e-01
vertex -4.262750e-02 -2.742457e-01 -2.158813e-01
vertex -5.709285e-03 -2.327128e-01 -1.591616e-01
endloop
endfacet
facet normal 0 0 0
outer loop
vertex -5.709285e-03 -2.327128e-01 -1.591616e-01
vertex -4.262750e-02 -2.742457e-01 -2.158813e-01
vertex 7.040536e-03 -2.639725e-01 -2.194670e-01
endloop
endfacet
facet normal 0 0 0
outer loop
vertex -5.709285e-03 -2.327128e-01 -1.591616e-01
vertex 7.040536e-03 -2.639725e-01 -2.194670e-01
vertex 2.952149e-02 -2.435847e-01 -2.095152e-01
endloop
endfacet
facet normal 0 0 0
outer loop
vertex 2.952149e-02 -2.435847e-01 -2.095152e-01
vertex 4.791495e-02 -2.161949e-01 -1.844448e-01
vertex -5.709285e-03 -2.327128e-01 -1.591616e-01
endloop
endfacet
facet normal 0 0 0
outer loop
vertex 6.025229e-02 -2.361447e-01 -2.370436e-01
vertex 4.791495e-02 -2.161949e-01 -1.844448e-01
vertex 2.952149e-02 -2.435847e-01 -2.095152e-01
endloop
endfacet
facet normal 0 0 0
outer loop
vertex 3.475265e-02 -2.570862e-01 -2.472584e-01
vertex 6.025229e-02 -2.361447e-01 -2.370436e-01
vertex 2.952149e-02 -2.435847e-01 -2.095152e-01
endloop
endfacet
facet normal 0 0 0
outer loop
vertex 3.475265e-02 -2.570862e-01 -2.472584e-01
vertex 5.790858e-02 -2.448792e-01 -2.955221e-01
vertex 6.025229e-02 -2.361447e-01 -2.370436e-01
endloop
endfacet
facet normal 0 0 0
outer loop
vertex 6.025229e-02 -2.361447e-01 -2.370436e-01
vertex 5.790858e-02 -2.448792e-01 -2.955221e-01
vertex 1.011642e-01 -2.274924e-01 -2.627292e-01
endloop
endfacet
facet normal 0 0 0
outer loop
vertex 6.025229e-02 -2.361447e-01 -2.370436e-01
vertex 1.011642e-01 -2.274924e-01 -2.627292e-01
vertex 8.792685e-02 -2.166535e-01 -2.135962e-01
endloop
endfacet
facet normal 0 0 0
outer loop
vertex 1.011642e-01 -2.274924e-01 -2.627292e-01
vertex 1.382699e-01 -2.055222e-01 -2.170398e-01
vertex 8.792685e-02 -2.166535e-01 -2.135962e-01
endloop
endfacet
facet normal 0 0 0
outer loop
vertex 8.792685e-02 -2.166535e-01 -2.135962e-01
vertex 1.382699e-01 -2.055222e-01 -2.170398e-01
vertex 9.051432e-02 -1.956118e-01 -1.616539e-01
endloop
endfacet
facet normal 0 0 0
outer loop
vertex 4.791495e-02 -2.161949e-01 -1.844448e-01
vertex 8.792685e-02 -2.166535e-01 -2.135962e-01
vertex 9.051432e-02 -1.956118e-01 -1.616539e-01
endloop
endfacet
facet normal 0 0 0
outer loop
vertex 3.482760e-02 -1.819185e-01 -1.067754e-01
vertex 4.791495e-02 -2.161949e-01 -1.844448e-01
vertex 9.051432e-02 -1.956118e-01 -1.616539e-01
endloop
endfacet
facet normal 0 0 0
outer loop
vertex 9.574549e-02 -1.929362e-01 -9.775595e-02
vertex 3.482760e-02 -1.819185e-01 -1.067754e-01
vertex 9.051432e-02 -1.956118e-01 -1.616539e-01
endloop
endfacet
facet normal 0 0 0
outer loop
vertex 9.574549e-02 -1.929362e-01 -9.775595e-02
vertex 9.051432e-02 -1.956118e-01 -1.616539e-01
vertex 1.376699e-01 -2.073094e-01 -1.385121e-01
endloop
endfacet
facet normal 0 0 0
outer loop
vertex 1.300763e-01 -1.998118e-01 -9.150163e-02
vertex 9.574549e-02 -1.929362e-01 -9.775595e-02
vertex 1.376699e-01 -2.073094e-01 -1.385121e-01
endloop
endfacet
facet normal 0 0 0
outer loop
vertex 1.642570e-01 -1.816400e-01 -9.123184e-02
vertex 1.300763e-01 -1.998118e-01 -9.150163e-02
vertex 1.376699e-01 -2.073094e-01 -1.385121e-01
endloop
endfacet
facet normal 0 0 0
outer loop
vertex 1.642570e-01 -1.816400e-01 -9.123184e-02
vertex 1.376699e-01 -2.073094e-01 -1.385121e-01
vertex 1.886879e-01 -1.775628e-01 -1.698494e-01
endloop
endfacet
facet normal 0 0 0
outer loop
vertex 2.186312e-01 -1.271488e-01 -8.933505e-02
vertex 1.642570e-01 -1.816400e-01 -9.123184e-02
vertex 1.886879e-01 -1.775628e-01 -1.698494e-01
endloop
endfacet
facet normal 0 0 0
outer loop
vertex 2.442246e-01 -1.390272e-01 -1.985575e-01
vertex 2.186312e-01 -1.271488e-01 -8.933505e-02
vertex 1.886879e-01 -1.775628e-01 -1.698494e-01
endloop
endfacet
facet normal 0 0 0
outer loop
vertex 2.442246e-01 -1.390272e-01 -1.985575e-01
vertex 1.886879e-01 -1.775628e-01 -1.698494e-01
vertex 2.073251e-01 -1.826252e-01 -2.657418e-01
endloop
endfacet
facet normal 0 0 0
outer loop
vertex 2.694242e-01 -1.443059e-01 -2.705935e-01
vertex 2.442246e-01 -1.390272e-01 -1.985575e-01
vertex 2.073251e-01 -1.826252e-01 -2.657418e-01
endloop
endfacet
facet normal 0 0 0
outer loop
vertex 2.816303e-01 -1.841871e-01 -3.570541e-01
vertex 2.694242e-01 -1.443059e-01 -2.705935e-01
vertex 2.073251e-01 -1.826252e-01 -2.657418e-01
endloop
endfacet
facet normal 0 0 0
outer loop
vertex 1.892692e-01 -2.293379e-01 -3.414572e-01
vertex 2.816303e-01 -1.841871e-01 -3.570541e-01
vertex 2.073251e-01 -1.826252e-01 -2.657418e-01
endloop
endfacet
facet normal 0 0 0
outer loop
vertex 1.892692e-01 -2.293379e-01 -3.414572e-01
vertex 2.073251e-01 -1.826252e-01 -2.657418e-01
vertex 1.483948e-01 -2.167202e-01 -2.927693e-01
endloop
endfacet
facet normal 0 0 0
outer loop
vertex 1.456573e-01 -2.315261e-01 -3.340357e-01
vertex 1.892692e-01 -2.293379e-01 -3.414572e-01
vertex 1.483948e-01 -2.167202e-01 -2.927693e-01
endloop
endfacet
facet normal 0 0 0
outer loop
vertex 1.109890e-01 -2.337809e-01 -3.186920e-01
vertex 1.456573e-01 -2.315261e-01 -3.340357e-01
vertex 1.483948e-01 -2.167202e-01 -2.927693e-01
endloop
endfacet
facet normal 0 0 0
outer loop
vertex 1.109890e-01 -2.337809e-01 -3.186920e-01
vertex 1.483948e-01 -2.167202e-01 -2.927693e-01
vertex 1.011642e-01 -2.274924e-01 -2.627292e-01
endloop
endfacet
facet normal 0 0 0
outer loop
vertex 1.456573e-01 -2.315261e-01 -3.340357e-01
vertex 1.109890e-01 -2.337809e-01 -3.186920e-01
vertex 1.344074e-01 -2.499785e-01 -3.691148e-01
endloop
endfacet
facet normal 0 0 0
outer loop
vertex 1.109890e-01 -2.337809e-01 -3.186920e-01
vertex 7.939576e-02 -2.374958e-01 -3.551561e-01
vertex 1.344074e-01 -2.499785e-01 -3.691148e-01
endloop
endfacet
facet normal 0 0 0
outer loop
vertex 7.939576e-02 -2.374958e-01 -3.551561e-01
vertex 8.430814e-02 -2.420428e-01 -4.279005e-01
vertex 1.344074e-01 -2.499785e-01 -3.691148e-01
endloop
endfacet
facet normal 0 0 0
outer loop
vertex 1.344074e-01 -2.499785e-01 -3.691148e-01
vertex 8.430814e-02 -2.420428e-01 -4.279005e-01
vertex 1.923066e-01 -2.354648e-01 -4.407595e-01
endloop
endfacet
facet normal 0 0 0
outer loop
vertex 1.892692e-01 -2.293379e-01 -3.414572e-01
vertex 1.344074e-01 -2.499785e-01 -3.691148e-01
vertex 1.923066e-01 -2.354648e-01 -4.407595e-01
endloop
endfacet
facet normal 0 0 0
outer loop
vertex 1.923066e-01 -2.354648e-01 -4.407595e-01
vertex 8.430814e-02 -2.420428e-01 -4.279005e-01
vertex 1.029079e-01 -1.416918e-01 -5.000000e-01
endloop
endfacet
facet normal 0 0 0
outer loop
vertex 2.543119e-01 -1.140113e-01 -4.701368e-01
vertex 1.923066e-01 -2.354648e-01 -4.407595e-01
vertex 1.029079e-01 -1.416918e-01 -5.000000e-01
endloop
endfacet
facet normal 0 0 0
outer loop
vertex 1.764069e-01 -1.700299e-03 -4.799514e-01
vertex 2.543119e-01 -1.140113e-01 -4.701368e-01
vertex 1.029079e-01 -1.416918e-01 -5.000000e-01
endloop
endfacet
facet normal 0 0 0
outer loop
vertex 4.545873e-02 -2.419577e-02 -4.813428e-01
vertex 1.764069e-01 -1.700299e-03 -4.799514e-01
vertex 1.029079e-01 -1.416918e-01 -5.000000e-01
endloop
endfacet
facet normal 0 0 0
outer loop
vertex -5.085862e-02 -1.259401e-01 -4.916729e-01
vertex 4.545873e-02 -2.419577e-02 -4.813428e-01
vertex 1.029079e-01 -1.416918e-01 -5.000000e-01
endloop
endfacet
facet normal 0 0 0
outer loop
vertex -5.085862e-02 -1.259401e-01 -4.916729e-01
vertex 1.029079e-01 -1.416918e-01 -5.000000e-01
vertex 4.603051e-03 -2.194404e-01 -4.685980e-01
endloop
endfacet
facet normal 0 0 0
outer loop
vertex 4.545873e-02 -2.419577e-02 -4.813428e-01
vertex 7.097711e-02 1.115687e-01 -4.571618e-01
vertex 1.764069e-01 -1.700299e-03 -4.799514e-01
endloop
endfacet
facet normal 0 0 0
outer loop
vertex 2.331810e-01 1.235877e-01 -4.701954e-01
vertex 1.764069e-01 -1.700299e-03 -4.799514e-01
vertex 7.097711e-02 1.115687e-01 -4.571618e-01
endloop
endfacet
facet normal 0 0 0
outer loop
vertex 1.656258e-01 2.148203e-01 -3.930189e-01
vertex 2.331810e-01 1.235877e-01 -4.701954e-01
vertex 7.097711e-02 1.115687e-01 -4.571618e-01
endloop
endfacet
facet normal 0 0 0
outer loop
vertex 9.534239e-03 1.847673e-01 -3.013515e-01
vertex 1.656258e-01 2.148203e-01 -3.930189e-01
vertex 7.097711e-02 1.115687e-01 -4.571618e-01
endloop
endfacet
facet normal 0 0 0
outer loop
vertex -5.629605e-02 1.239034e-01 -3.942218e-01
vertex 9.534239e-03 1.847673e-01 -3.013515e-01
vertex 7.097711e-02 1.115687e-01 -4.571618e-01
endloop
endfacet
facet normal 0 0 0
outer loop
vertex -7.708949e-02 3.145815e-02 -4.722093e-01
vertex -5.629605e-02 1.239034e-01 -3.942218e-01
vertex 7.097711e-02 1.115687e-01 -4.571618e-01
endloop
endfacet
facet normal 0 0 0
outer loop
vertex -7.708949e-02 3.145815e-02 -4.722093e-01
vertex -1.411573e-01 1.094958e-01 -4.082318e-01
vertex -5.629605e-02 1.239034e-01 -3.942218e-01
endloop
endfacet
facet normal 0 0 0
outer loop
vertex -1.411573e-01 1.094958e-01 -4.082318e-01
vertex -1.276575e-01 1.201032e-01 -3.116098e-01
vertex -5.629605e-02 1.239034e-01 -3.942218e-01
endloop
endfacet
facet normal 0 0 0
outer loop
vertex -1.276575e-01 1.201032e-01 -3.116098e-01
vertex -1.411573e-01 1.094958e-01 -4.082318e-01
vertex -1.782255e-01 1.470402e-01 -3.546719e-01
endloop
endfacet
facet normal 0 0 0
outer loop
vertex -1.276575e-01 1.201032e-01 -3.116098e-01
vertex 9.534239e-03 1.847673e-01 -3.013515e-01
vertex -5.629605e-02 1.239034e-01 -3.942218e-01
endloop
endfacet
facet normal 0 0 0
outer loop
vertex 9.534239e-03 1.847673e-01 -3.013515e-01
vertex -1.276575e-01 1.201032e-01 -3.116098e-01
vertex -1.247888e-01 1.507419e-01 -1.838618e-01
endloop
endfacet
facet normal 0 0 0
outer loop
vertex 9.534239e-03 1.847673e-01 -3.013515e-01
vertex -1.247888e-01 1.507419e-01 -1.838618e-01
vertex 3.234358e-03 2.227253e-01 -1.357357e-01
endloop
endfacet
facet normal 0 0 0
outer loop
vertex 1.621195e-01 2.327857e-01 -2.262291e-01
vertex 9.534239e-03 1.847673e-01 -3.013515e-01
vertex 3.234358e-03 2.227253e-01 -1.357357e-01
endloop
endfacet
facet normal 0 0 0
outer loop
vertex 1.367137e-01 2.744175e-01 -4.664115e-02
vertex 1.621195e-01 2.327857e-01 -2.262291e-01
vertex 3.234358e-03 2.227253e-01 -1.357357e-01
endloop
endfacet
facet normal 0 0 0
outer loop
vertex -3.000893e-02 2.621585e-01 2.000645e-02
vertex 1.367137e-01 2.744175e-01 -4.664115e-02
vertex 3.234358e-03 2.227253e-01 -1.357357e-01
endloop
endfacet
facet normal 0 0 0
outer loop
vertex -1.247888e-01 2.048774e-01 -4.573583e-02
vertex -3.000893e-02 2.621585e-01 2.000645e-02
vertex 3.234358e-03 2.227253e-01 -1.357357e-01
endloop
endfacet
facet normal 0 0 0
outer loop
vertex -3.000893e-02 2.621585e-01 2.000645e-02
vertex -1.247888e-01 2.048774e-01 -4.573583e-02
vertex -1.517509e-01 2.574755e-01 7.096843e-02
endloop
endfacet
facet normal 0 0 0
outer loop
vertex -8.155194e-02 2.528535e-01 1.441079e-01
vertex -3.000893e-02 2.621585e-01 2.000645e-02
vertex -1.517509e-01 2.574755e-01 7.096843e-02
endloop
endfacet
facet normal 0 0 0
outer loop
vertex -8.155194e-02 2.528535e-01 1.441079e-01
vertex -1.517509e-01 2.574755e-01 7.096843e-02
vertex -1.799693e-01 2.623520e-01 1.787864e-01
endloop
endfacet
facet normal 0 0 0
outer loop
vertex -8.155194e-02 2.528535e-01 1.441079e-01
vertex -1.799693e-01 2.623520e-01 1.787864e-01
vertex -1.245263e-01 2.528191e-01 2.501618e-01
endloop
endfacet
facet normal 0 0 0
outer loop
vertex -3.664633e-02 2.635646e-01 2.399511e-01
vertex -8.155194e-02 2.528535e-01 1.441079e-01
vertex -1.245263e-01 2.528191e-01 2.501618e-01
endloop
endfacet
facet normal 0 0 0
outer loop
vertex -3.664633e-02 2.635646e-01 2.399511e-01
vertex -1.245263e-01 2.528191e-01 2.501618e-01
vertex -8.520813e-02 2.664641e-01 2.886416e-01
endloop
endfacet
facet normal 0 0 0
outer loop
vertex -5.449607e-02 2.744960e-01 3.321247e-01
vertex -3.664633e-02 2.635646e-01 2.399511e-01
vertex -8.520813e-02 2.664641e-01 2.886416e-01
endloop
endfacet
facet normal 0 0 0
outer loop
vertex -1.253513e-01 2.714634e-01 3.259417e-01
vertex -5.449607e-02 2.744960e-01 3.321247e-01
vertex -8.520813e-02 2.664641e-01 2.886416e-01
endloop
endfacet
facet normal 0 0 0
outer loop
vertex -1.087015e-01 2.713589e-01 4.024637e-01
vertex -5.449607e-02 2.744960e-01 3.321247e-01
vertex -1.253513e-01 2.714634e-01 3.259417e-01
endloop
endfacet
facet normal 0 0 0
outer loop
vertex -1.087015e-01 2.713589e-01 4.024637e-01
vertex -1.253513e-01 2.714634e-01 3.259417e-01
vertex -1.539634e-01 2.643889e-01 3.771589e-01
endloop
endfacet
facet normal 0 0 0
outer loop
vertex -1.774381e-01 2.269424e-01 4.283237e-01
vertex -1.087015e-01 2.713589e-01 4.024637e-01
vertex -1.539634e-01 2.643889e-01 3.771589e-01
endloop
endfacet
facet normal 0 0 0
outer loop
vertex -1.958315e-01 2.566061e-01 3.444156e-01
vertex -1.774381e-01 2.269424e-01 4.283237e-01
vertex -1.539634e-01 2.643889e-01 3.771589e-01
endloop
endfacet
facet normal 0 0 0
outer loop
vertex -1.774381e-01 2.269424e-01 4.283237e-01
vertex -1.958315e-01 2.566061e-01 3.444156e-01
vertex -2.365372e-01 2.250664e-01 3.825950e-01
endloop
endfacet
facet normal 0 0 0
outer loop
vertex -2.710930e-01 1.671425e-01 4.090965e-01
vertex -1.774381e-01 2.269424e-01 4.283237e-01
vertex -2.365372e-01 2.250664e-01 3.825950e-01
endloop
endfacet
facet normal 0 0 0
outer loop
vertex -2.787616e-01 2.136561e-01 3.179271e-01
vertex -2.710930e-01 1.671425e-01 4.090965e-01
vertex -2.365372e-01 2.250664e-01 3.825950e-01
endloop
endfacet
facet normal 0 0 0
outer loop
vertex -3.131861e-01 1.308113e-01 3.317691e-01
vertex -2.710930e-01 1.671425e-01 4.090965e-01
vertex -2.787616e-01 2.136561e-01 3.179271e-01
endloop
endfacet
facet normal 0 0 0
outer loop
vertex -3.216422e-01 1.696565e-01 2.429056e-01
vertex -3.131861e-01 1.308113e-01 3.317691e-01
vertex -2.787616e-01 2.136561e-01 3.179271e-01
endloop
endfacet
facet normal 0 0 0
outer loop
vertex -2.755929e-01 2.265805e-01 2.461245e-01
vertex -3.216422e-01 1.696565e-01 2.429056e-01
vertex -2.787616e-01 2.136561e-01 3.179271e-01
endloop
endfacet
facet normal 0 0 0
outer loop
vertex -2.755929e-01 2.265805e-01 2.461245e-01
vertex -2.787616e-01 2.136561e-01 3.179271e-01
vertex -2.089001e-01 2.469639e-01 2.638243e-01
endloop
endfacet
facet normal 0 0 0
outer loop
vertex -2.481433e-01 2.563140e-01 2.037365e-01
vertex -2.755929e-01 2.265805e-01 2.461245e-01
vertex -2.089001e-01 2.469639e-01 2.638243e-01
endloop
endfacet
facet normal 0 0 0
outer loop
vertex -1.799693e-01 2.623520e-01 1.787864e-01
vertex -2.481433e-01 2.563140e-01 2.037365e-01
vertex -2.089001e-01 2.469639e-01 2.638243e-01
endloop
endfacet
facet normal 0 0 0
outer loop
vertex -1.799693e-01 2.623520e-01 1.787864e-01
vertex -2.528870e-01 2.662311e-01 1.184912e-01
vertex -2.481433e-01 2.563140e-01 2.037365e-01
endloop
endfacet
facet normal 0 0 0
outer loop
vertex -2.481433e-01 2.563140e-01 2.037365e-01
vertex -2.528870e-01 2.662311e-01 1.184912e-01
vertex -2.994238e-01 2.271313e-01 1.855083e-01
endloop
endfacet
facet normal 0 0 0
outer loop
vertex -2.994238e-01 2.271313e-01 1.855083e-01
vertex -2.528870e-01 2.662311e-01 1.184912e-01
vertex -3.334921e-01 2.355599e-01 1.189539e-01
endloop
endfacet
facet normal 0 0 0
outer loop
vertex -3.367545e-01 1.763193e-01 1.564413e-01
vertex -2.994238e-01 2.271313e-01 1.855083e-01
vertex -3.334921e-01 2.355599e-01 1.189539e-01
endloop
endfacet
facet normal 0 0 0
outer loop
vertex -3.791664e-01 1.941927e-01 1.102302e-01
vertex -3.367545e-01 1.763193e-01 1.564413e-01
vertex -3.334921e-01 2.355599e-01 1.189539e-01
endloop
endfacet
facet normal 0 0 0
outer loop
vertex -3.552230e-01 2.088059e-01 5.529548e-02
vertex -3.791664e-01 1.941927e-01 1.102302e-01
vertex -3.334921e-01 2.355599e-01 1.189539e-01
endloop
endfacet
facet normal 0 0 0
outer loop
vertex -3.367545e-01 1.763193e-01 1.564413e-01
vertex -3.791664e-01 1.941927e-01 1.102302e-01
vertex -3.755102e-01 1.334368e-01 1.083989e-01
endloop
endfacet
facet normal 0 0 0
outer loop
vertex -3.367545e-01 1.763193e-01 1.564413e-01
vertex -3.755102e-01 1.334368e-01 1.083989e-01
vertex -3.429044e-01 1.074070e-01 1.682494e-01
endloop
endfacet
facet normal 0 0 0
outer loop
vertex -3.216422e-01 1.696565e-01 2.429056e-01
vertex -3.367545e-01 1.763193e-01 1.564413e-01
vertex -3.429044e-01 1.074070e-01 1.682494e-01
endloop
endfacet
facet normal 0 0 0
outer loop
vertex -3.153423e-01 6.938494e-02 2.444965e-01
vertex -3.216422e-01 1.696565e-01 2.429056e-01
vertex -3.429044e-01 1.074070e-01 1.682494e-01
endloop
endfacet
facet normal 0 0 0
outer loop
vertex -3.153423e-01 6.938494e-02 2.444965e-01
vertex -3.429044e-01 1.074070e-01 1.682494e-01
vertex -3.132798e-01 4.712782e-02 1.630953e-01
endloop
endfacet
facet normal 0 0 0
outer loop
vertex -2.865240e-01 3.172147e-02 2.013055e-01
vertex -3.153423e-01 6.938494e-02 2.444965e-01
vertex -3.132798e-01 4.712782e-02 1.630953e-01
endloop
endfacet
facet normal 0 0 0
outer loop
vertex -2.752741e-01 1.300254e-02 1.653711e-01
vertex -2.865240e-01 3.172147e-02 2.013055e-01
vertex -3.132798e-01 4.712782e-02 1.630953e-01
endloop
endfacet
facet normal 0 0 0
outer loop
vertex -2.752741e-01 1.300254e-02 1.653711e-01
vertex -3.132798e-01 4.712782e-02 1.630953e-01
vertex -3.059487e-01 7.514422e-03 1.091621e-01
endloop
endfacet
facet normal 0 0 0
outer loop
vertex -2.758554e-01 -2.559193e-02 1.276262e-01
vertex -2.752741e-01 1.300254e-02 1.653711e-01
vertex -3.059487e-01 7.514422e-03 1.091621e-01
endloop
endfacet
facet normal 0 0 0
outer loop
vertex -2.977738e-01 -3.630587e-02 7.405111e-02
vertex -2.758554e-01 -2.559193e-02 1.276262e-01
vertex -3.059487e-01 7.514422e-03 1.091621e-01
endloop
endfacet
facet normal 0 0 0
outer loop
vertex -2.977738e-01 -3.630587e-02 7.405111e-02
vertex -3.059487e-01 7.514422e-03 1.091621e-01
vertex -3.211735e-01 -1.189008e-02 3.624520e-02
endloop
endfacet
facet normal 0 0 0
outer loop
vertex -2.977738e-01 -3.630587e-02 7.405111e-02
vertex -3.211735e-01 -1.189008e-02 3.624520e-02
vertex -2.954864e-01 -7.135655e-02 -1.675069e-03
endloop
endfacet
facet normal 0 0 0
outer loop
vertex -2.977738e-01 -3.630587e-02 7.405111e-02
vertex -2.954864e-01 -7.135655e-02 -1.675069e-03
vertex -2.635368e-01 -6.647239e-02 8.006550e-02
endloop
endfacet
facet normal 0 0 0
outer loop
vertex -2.954864e-01 -7.135655e-02 -1.675069e-03
vertex -2.342685e-01 -8.742153e-02 2.020926e-02
vertex -2.635368e-01 -6.647239e-02 8.006550e-02
endloop
endfacet
facet normal 0 0 0
outer loop
vertex -2.635368e-01 -6.647239e-02 8.006550e-02
vertex -2.342685e-01 -8.742153e-02 2.020926e-02
vertex -2.063876e-01 -7.638104e-02 8.385140e-02
endloop
endfacet
facet normal 0 0 0
outer loop
vertex -2.372122e-01 -4.471366e-02 1.443022e-01
vertex -2.635368e-01 -6.647239e-02 8.006550e-02
vertex -2.063876e-01 -7.638104e-02 8.385140e-02
endloop
endfacet
facet normal 0 0 0
outer loop
vertex -1.684382e-01 -7.873087e-02 1.589452e-01
vertex -2.372122e-01 -4.471366e-02 1.443022e-01
vertex -2.063876e-01 -7.638104e-02 8.385140e-02
endloop
endfacet
facet normal 0 0 0
outer loop
vertex -2.372122e-01 -4.471366e-02 1.443022e-01
vertex -1.684382e-01 -7.873087e-02 1.589452e-01
vertex -2.483683e-01 -9.093076e-03 2.318298e-01
endloop
endfacet
facet normal 0 0 0
outer loop
vertex -2.372122e-01 -4.471366e-02 1.443022e-01
vertex -2.483683e-01 -9.093076e-03 2.318298e-01
vertex -2.474495e-01 -5.762536e-03 1.613286e-01
endloop
endfacet
facet normal 0 0 0
outer loop
vertex -2.758554e-01 -2.559193e-02 1.276262e-01
vertex -2.372122e-01 -4.471366e-02 1.443022e-01
vertex -2.474495e-01 -5.762536e-03 1.613286e-01
endloop
endfacet
facet normal 0 0 0
outer loop
vertex -2.474495e-01 -5.762536e-03 1.613286e-01
vertex -2.483683e-01 -9.093076e-03 2.318298e-01
vertex -2.752741e-01 1.300254e-02 1.653711e-01
endloop
endfacet
facet normal 0 0 0
outer loop
vertex -1.684382e-01 -7.873087e-02 1.589452e-01
vertex -1.528759e-01 -5.562894e-02 2.765841e-01
vertex -2.483683e-01 -9.093076e-03 2.318298e-01
endloop
endfacet
facet normal 0 0 0
outer loop
vertex -2.071751e-01 -2.213629e-02 3.610553e-01
vertex -2.483683e-01 -9.093076e-03 2.318298e-01
vertex -1.528759e-01 -5.562894e-02 2.765841e-01
endloop
endfacet
facet normal 0 0 0
outer loop
vertex -2.071751e-01 -2.213629e-02 3.610553e-01
vertex -1.528759e-01 -5.562894e-02 2.765841e-01
vertex -1.502509e-01 -4.262635e-02 3.467663e-01
endloop
endfacet
facet normal 0 0 0
outer loop
vertex -1.423011e-01 -3.475193e-02 4.018944e-01
vertex -2.071751e-01 -2.213629e-02 3.610553e-01
vertex -1.502509e-01 -4.262635e-02 3.467663e-01
endloop
endfacet
facet normal 0 0 0
outer loop
vertex -8.828308e-02 -5.467688e-02 3.472141e-01
vertex -1.423011e-01 -3.475193e-02 4.018944e-01
vertex -1.502509e-01 -4.262635e-02 3.467663e-01
endloop
endfacet
facet normal 0 0 0
outer loop
vertex -1.423011e-01 -3.475193e-02 4.018944e-01
vertex -8.828308e-02 -5.467688e-02 3.472141e-01
vertex -9.169552e-02 -3.642686e-02 4.153821e-01
endloop
endfacet
facet normal 0 0 0
outer loop
vertex -1.086078e-01 4.953915e-03 4.712335e-01
vertex -1.423011e-01 -3.475193e-02 4.018944e-01
vertex -9.169552e-02 -3.642686e-02 4.153821e-01
endloop
endfacet
facet normal 0 0 0
outer loop
vertex -3.764006e-02 -3.513645e-02 4.508283e-01
vertex -1.086078e-01 4.953915e-03 4.712335e-01
vertex -9.169552e-02 -3.642686e-02 4.153821e-01
endloop
endfacet
facet normal 0 0 0
outer loop
vertex -3.764006e-02 -3.513645e-02 4.508283e-01
vertex -9.169552e-02 -3.642686e-02 4.153821e-01
vertex -6.748965e-02 -5.495425e-02 4.035996e-01
endloop
endfacet
facet normal 0 0 0
outer loop
vertex -3.929006e-02 -7.269431e-02 3.910188e-01
vertex -3.764006e-02 -3.513645e-02 4.508283e-01
vertex -6.748965e-02 -5.495425e-02 4.035996e-01
endloop
endfacet
facet normal 0 0 0
outer loop
vertex -8.828308e-02 -5.467688e-02 3.472141e-01
vertex -3.929006e-02 -7.269431e-02 3.910188e-01
vertex -6.748965e-02 -5.495425e-02 4.035996e-01
endloop
endfacet
facet normal 0 0 0
outer loop
vertex -8.828308e-02 -5.467688e-02 3.472141e-01
vertex -1.110917e-02 -8.572676e-02 3.240436e-01
vertex -3.929006e-02 -7.269431e-02 3.910188e-01
endloop
endfacet
facet normal 0 0 0
outer loop
vertex -1.110917e-02 -8.572676e-02 3.240436e-01
vertex 3.514639e-02 -6.043200e-02 3.999401e-01
vertex -3.929006e-02 -7.269431e-02 3.910188e-01
endloop
endfacet
facet normal 0 0 0
outer loop
vertex 4.810242e-02 -6.394196e-02 3.392402e-01
vertex 3.514639e-02 -6.043200e-02 3.999401e-01
vertex -1.110917e-02 -8.572676e-02 3.240436e-01
endloop
endfacet
facet normal 0 0 0
outer loop
vertex 5.524607e-02 -7.692710e-02 2.889639e-01
vertex 4.810242e-02 -6.394196e-02 3.392402e-01
vertex -1.110917e-02 -8.572676e-02 3.240436e-01
endloop
endfacet
facet normal 0 0 0
outer loop
vertex 5.524607e-02 -7.692710e-02 2.889639e-01
vertex -1.110917e-02 -8.572676e-02 3.240436e-01
vertex 2.040912e-02 -9.679371e-02 2.467989e-01
endloop
endfacet
facet normal 0 0 0
outer loop
vertex 9.658926e-02 -9.166987e-02 2.203913e-01
vertex 5.524607e-02 -7.692710e-02 2.889639e-01
vertex 2.040912e-02 -9.679371e-02 2.467989e-01
endloop
endfacet
facet normal 0 0 0
outer loop
vertex 3.992759e-02 -1.134160e-01 1.848030e-01
vertex 9.658926e-02 -9.166987e-02 2.203913e-01
vertex 2.040912e-02 -9.679371e-02 2.467989e-01
endloop
endfacet
facet normal 0 0 0
outer loop
vertex 3.992759e-02 -1.134160e-01 1.848030e-01
vertex 2.040912e-02 -9.679371e-02 2.467989e-01
vertex -7.134269e-03 -1.074509e-01 1.988166e-01
endloop
endfacet
facet normal 0 0 0
outer loop
vertex 2.596859e-03 -1.248455e-01 1.160070e-01
vertex 3.992759e-02 -1.134160e-01 1.848030e-01
vertex -7.134269e-03 -1.074509e-01 1.988166e-01
endloop
endfacet
facet normal 0 0 0
outer loop
vertex 2.596859e-03 -1.248455e-01 1.160070e-01
vertex -7.134269e-03 -1.074509e-01 1.988166e-01
vertex -4.776493e-02 -1.006461e-01 1.845489e-01
endloop
endfacet
facet normal 0 0 0
outer loop
vertex -7.134269e-03 -1.074509e-01 1.988166e-01
vertex -4.446496e-02 -9.457946e-02 2.507588e-01
vertex -4.776493e-02 -1.006461e-01 1.845489e-01
endloop
endfacet
facet normal 0 0 0
outer loop
vertex -4.776493e-02 -1.006461e-01 1.845489e-01
vertex -4.446496e-02 -9.457946e-02 2.507588e-01
vertex -1.006017e-01 -8.964784e-02 2.153394e-01
endloop
endfacet
facet normal 0 0 0
outer loop
vertex -8.560187e-02 -1.120672e-01 1.354896e-01
vertex -4.776493e-02 -1.006461e-01 1.845489e-01
vertex -1.006017e-01 -8.964784e-02 2.153394e-01
endloop
endfacet
facet normal 0 0 0
outer loop
vertex -1.006017e-01 -8.964784e-02 2.153394e-01
vertex -4.446496e-02 -9.457946e-02 2.507588e-01
vertex -9.148931e-02 -7.805632e-02 2.783438e-01
endloop
endfacet
facet normal 0 0 0
outer loop
vertex -1.528759e-01 -5.562894e-02 2.765841e-01
vertex -1.006017e-01 -8.964784e-02 2.153394e-01
vertex -9.148931e-02 -7.805632e-02 2.783438e-01
endloop
endfacet
facet normal 0 0 0
outer loop
vertex -8.828308e-02 -5.467688e-02 3.472141e-01
vertex -1.528759e-01 -5.562894e-02 2.765841e-01
vertex -9.148931e-02 -7.805632e-02 2.783438e-01
endloop
endfacet
facet normal 0 0 0
outer loop
vertex -8.828308e-02 -5.467688e-02 3.472141e-01
vertex -9.148931e-02 -7.805632e-02 2.783438e-01
vertex -5.997099e-02 -7.887506e-02 2.997593e-01
endloop
endfacet
facet normal 0 0 0
outer loop
vertex -9.148931e-02 -7.805632e-02 2.783438e-01
vertex -4.446496e-02 -9.457946e-02 2.507588e-01
vertex -5.997099e-02 -7.887506e-02 2.997593e-01
endloop
endfacet
facet normal 0 0 0
outer loop
vertex -4.446496e-02 -9.457946e-02 2.507588e-01
vertex -1.110917e-02 -8.572676e-02 3.240436e-01
vertex -5.997099e-02 -7.887506e-02 2.997593e-01
endloop
endfacet
facet normal 0 0 0
outer loop
vertex 3.992759e-02 -1.134160e-01 1.848030e-01
vertex 2.596859e-03 -1.248455e-01 1.160070e-01
vertex 8.826438e-02 -1.304415e-01 1.352691e-01
endloop
endfacet
facet normal 0 0 0
outer loop
vertex 2.596859e-03 -1.248455e-01 1.160070e-01
vertex 8.595814e-02 -1.549695e-01 3.859325e-02
vertex 8.826438e-02 -1.304415e-01 1.352691e-01
endloop
endfacet
facet normal 0 0 0
outer loop
vertex 8.826438e-02 -1.304415e-01 1.352691e-01
vertex 8.595814e-02 -1.549695e-01 3.859325e-02
vertex 1.525009e-01 -1.462623e-01 6.705340e-02
endloop
endfacet
facet normal 0 0 0
outer loop
vertex 1.595508e-01 -1.081415e-01 1.416659e-01
vertex 8.826438e-02 -1.304415e-01 1.352691e-01
vertex 1.525009e-01 -1.462623e-01 6.705340e-02
endloop
endfacet
facet normal 0 0 0
outer loop
vertex 1.888942e-01 -1.209519e-01 8.218395e-02
vertex 1.595508e-01 -1.081415e-01 1.416659e-01
vertex 1.525009e-01 -1.462623e-01 6.705340e-02
endloop
endfacet
facet normal 0 0 0
outer loop
vertex 2.037252e-01 -1.249508e-01 2.081067e-02
vertex 1.888942e-01 -1.209519e-01 8.218395e-02
vertex 1.525009e-01 -1.462623e-01 6.705340e-02
endloop
endfacet
facet normal 0 0 0
outer loop
vertex 2.037252e-01 -1.249508e-01 2.081067e-02
vertex 1.525009e-01 -1.462623e-01 6.705340e-02
vertex 1.561196e-01 -1.486589e-01 -2.034226e-02
endloop
endfacet
facet normal 0 0 0
outer loop
vertex 2.186312e-01 -1.271488e-01 -8.933505e-02
vertex 2.037252e-01 -1.249508e-01 2.081067e-02
vertex 1.561196e-01 -1.486589e-01 -2.034226e-02
endloop
endfacet
facet normal 0 0 0
outer loop
vertex 2.037252e-01 -1.249508e-01 2.081067e-02
vertex 2.186312e-01 -1.271488e-01 -8.933505e-02
vertex 2.229811e-01 -6.867892e-02 -9.199665e-03
endloop
endfacet
facet normal 0 0 0
outer loop
vertex 2.037252e-01 -1.249508e-01 2.081067e-02
vertex 2.229811e-01 -6.867892e-02 -9.199665e-03
vertex 1.986815e-01 -7.390175e-02 8.322395e-02
endloop
endfacet
facet normal 0 0 0
outer loop
vertex 2.229811e-01 -6.867892e-02 -9.199665e-03
vertex 2.173375e-01 -2.797593e-03 6.098519e-02
vertex 1.986815e-01 -7.390175e-02 8.322395e-02
endloop
endfacet
facet normal 0 0 0
outer loop
vertex 1.986815e-01 -7.390175e-02 8.322395e-02
vertex 2.173375e-01 -2.797593e-03 6.098519e-02
vertex 1.501572e-01 -2.531777e-02 1.636002e-01
endloop
endfacet
facet normal 0 0 0
outer loop
vertex 1.595508e-01 -1.081415e-01 1.416659e-01
vertex 1.986815e-01 -7.390175e-02 8.322395e-02
vertex 1.501572e-01 -2.531777e-02 1.636002e-01
endloop
endfacet
facet normal 0 0 0
outer loop
vertex 9.658926e-02 -9.166987e-02 2.203913e-01
vertex 1.595508e-01 -1.081415e-01 1.416659e-01
vertex 1.501572e-01 -2.531777e-02 1.636002e-01
endloop
endfacet
facet normal 0 0 0
outer loop
vertex 9.658926e-02 -9.166987e-02 2.203913e-01
vertex 1.501572e-01 -2.531777e-02 1.636002e-01
vertex 1.031891e-01 -2.135968e-02 2.450087e-01
endloop
endfacet
facet normal 0 0 0
outer loop
vertex 9.658926e-02 -9.166987e-02 2.203913e-01
vertex 1.031891e-01 -2.135968e-02 2.450087e-01
vertex 8.473943e-02 -5.568012e-02 2.688153e-01
endloop
endfacet
facet normal 0 0 0
outer loop
vertex 1.031891e-01 -2.135968e-02 2.450087e-01
vertex 6.973966e-02 -2.406960e-02 3.088148e-01
vertex 8.473943e-02 -5.568012e-02 2.688153e-01
endloop
endfacet
facet normal 0 0 0
outer loop
vertex 6.973966e-02 -2.406960e-02 3.088148e-01
vertex 5.524607e-02 -7.692710e-02 2.889639e-01
vertex 8.473943e-02 -5.568012e-02 2.688153e-01
endloop
endfacet
facet normal 0 0 0
outer loop
vertex 6.973966e-02 -2.406960e-02 3.088148e-01
vertex 1.031891e-01 -2.135968e-02 2.450087e-01
vertex 8.702686e-02 2.167592e-02 2.775973e-01
endloop
endfacet
facet normal 0 0 0
outer loop
vertex 6.973966e-02 -2.406960e-02 3.088148e-01
vertex 8.702686e-02 2.167592e-02 2.775973e-01
vertex 6.859592e-02 2.346153e-02 3.120663e-01
endloop
endfacet
facet normal 0 0 0
outer loop
vertex 3.726509e-02 1.283020e-02 3.589211e-01
vertex 6.973966e-02 -2.406960e-02 3.088148e-01
vertex 6.859592e-02 2.346153e-02 3.120663e-01
endloop
endfacet
facet normal 0 0 0
outer loop
vertex 7.075209e-02 8.217768e-02 2.969800e-01
vertex 3.726509e-02 1.283020e-02 3.589211e-01
vertex 6.859592e-02 2.346153e-02 3.120663e-01
endloop
endfacet
facet normal 0 0 0
outer loop
vertex 3.726509e-02 1.283020e-02 3.589211e-01
vertex 7.075209e-02 8.217768e-02 2.969800e-01
vertex 2.342781e-02 8.169116e-02 3.576922e-01
endloop
endfacet
facet normal 0 0 0
outer loop
vertex -1.339667e-02 4.640818e-02 4.173364e-01
vertex 3.726509e-02 1.283020e-02 3.589211e-01
vertex 2.342781e-02 8.169116e-02 3.576922e-01
endloop
endfacet
facet normal 0 0 0
outer loop
vertex -9.234229e-03 1.374676e-01 3.831031e-01
vertex -1.339667e-02 4.640818e-02 4.173364e-01
vertex 2.342781e-02 8.169116e-02 3.576922e-01
endloop
endfacet
facet normal 0 0 0
outer loop
vertex -9.234229e-03 1.374676e-01 3.831031e-01
vertex 2.342781e-02 8.169116e-02 3.576922e-01
vertex 2.787149e-02 1.210455e-01 3.313575e-01
endloop
endfacet
facet normal 0 0 0
outer loop
vertex 4.504624e-02 1.859324e-01 3.025446e-01
vertex -9.234229e-03 1.374676e-01 3.831031e-01
vertex 2.787149e-02 1.210455e-01 3.313575e-01
endloop
endfacet
facet normal 0 0 0
outer loop
vertex 7.075209e-02 8.217768e-02 2.969800e-01
vertex 4.504624e-02 1.859324e-01 3.025446e-01
vertex 2.787149e-02 1.210455e-01 3.313575e-01
endloop
endfacet
facet normal 0 0 0
outer loop
vertex 4.504624e-02 1.859324e-01 3.025446e-01
vertex 7.075209e-02 8.217768e-02 2.969800e-01
vertex 9.559550e-02 1.396870e-01 2.718901e-01
endloop
endfacet
facet normal 0 0 0
outer loop
vertex 1.248451e-01 1.763108e-01 2.380133e-01
vertex 4.504624e-02 1.859324e-01 3.025446e-01
vertex 9.559550e-02 1.396870e-01 2.718901e-01
endloop
endfacet
facet normal 0 0 0
outer loop
vertex 1.492572e-01 1.062423e-01 2.520704e-01
vertex 1.248451e-01 1.763108e-01 2.380133e-01
vertex 9.559550e-02 1.396870e-01 2.718901e-01
endloop
endfacet
facet normal 0 0 0
outer loop
vertex 1.248451e-01 1.763108e-01 2.380133e-01
vertex 1.492572e-01 1.062423e-01 2.520704e-01
vertex 2.154063e-01 1.413697e-01 2.035273e-01
endloop
endfacet
facet normal 0 0 0
outer loop
vertex 2.154063e-01 1.413697e-01 2.035273e-01
vertex 1.717006e-01 2.015827e-01 1.788682e-01
vertex 1.248451e-01 1.763108e-01 2.380133e-01
endloop
endfacet
facet normal 0 0 0
outer loop
vertex 1.248451e-01 1.763108e-01 2.380133e-01
vertex 1.717006e-01 2.015827e-01 1.788682e-01
vertex 1.113265e-01 2.317018e-01 1.960594e-01
endloop
endfacet
facet normal 0 0 0
outer loop
vertex 1.248451e-01 1.763108e-01 2.380133e-01
vertex 1.113265e-01 2.317018e-01 1.960594e-01
vertex 8.938932e-02 2.204028e-01 2.539037e-01
endloop
endfacet
facet normal 0 0 0
outer loop
vertex 1.113265e-01 2.317018e-01 1.960594e-01
vertex 5.280866e-02 2.661030e-01 2.539403e-01
vertex 8.938932e-02 2.204028e-01 2.539037e-01
endloop
endfacet
facet normal 0 0 0
outer loop
vertex 5.280866e-02 2.661030e-01 2.539403e-01
vertex 4.504624e-02 1.859324e-01 3.025446e-01
vertex 8.938932e-02 2.204028e-01 2.539037e-01
endloop
endfacet
facet normal 0 0 0
outer loop
vertex 4.504624e-02 1.859324e-01 3.025446e-01
vertex 5.280866e-02 2.661030e-01 2.539403e-01
vertex 4.086506e-02 2.507952e-01 3.132412e-01
endloop
endfacet
facet normal 0 0 0
outer loop
vertex 1.259048e-02 2.509552e-01 3.684787e-01
vertex 4.504624e-02 1.859324e-01 3.025446e-01
vertex 4.086506e-02 2.507952e-01 3.132412e-01
endloop
endfacet
facet normal 0 0 0
outer loop
vertex 5.128041e-03 2.727560e-01 3.031355e-01
vertex 1.259048e-02 2.509552e-01 3.684787e-01
vertex 4.086506e-02 2.507952e-01 3.132412e-01
endloop
endfacet
facet normal 0 0 0
outer loop
vertex -5.449607e-02 2.744960e-01 3.321247e-01
vertex 1.259048e-02 2.509552e-01 3.684787e-01
vertex 5.128041e-03 2.727560e-01 3.031355e-01
endloop
endfacet
facet normal 0 0 0
outer loop
vertex 1.259048e-02 2.509552e-01 3.684787e-01
vertex -5.449607e-02 2.744960e-01 3.321247e-01
vertex -4.472746e-02 2.716380e-01 4.036176e-01
endloop
endfacet
facet normal 0 0 0
outer loop
vertex 1.259048e-02 2.509552e-01 3.684787e-01
vertex -4.472746e-02 2.716380e-01 4.036176e-01
vertex -1.557163e-02 2.544041e-01 4.262684e-01
endloop
endfacet
facet normal 0 0 0
outer loop
vertex 1.017174e-02 2.091215e-01 4.386095e-01
vertex 1.259048e-02 2.509552e-01 3.684787e-01
vertex -1.557163e-02 2.544041e-01 4.262684e-01
endloop
endfacet
facet normal 0 0 0
outer loop
vertex -6.043972e-02 2.518125e-01 4.720682e-01
vertex 1.017174e-02 2.091215e-01 4.386095e-01
vertex -1.557163e-02 2.544041e-01 4.262684e-01
endloop
endfacet
facet normal 0 0 0
outer loop
vertex 1.017174e-02 2.091215e-01 4.386095e-01
vertex -6.043972e-02 2.518125e-01 4.720682e-01
vertex -2.834019e-02 1.961229e-01 4.842570e-01
endloop
endfacet
facet normal 0 0 0
outer loop
vertex -1.079046e-02 1.436890e-01 4.693736e-01
vertex 1.017174e-02 2.091215e-01 4.386095e-01
vertex -2.834019e-02 1.961229e-01 4.842570e-01
endloop
endfacet
facet normal 0 0 0
outer loop
vertex -7.663950e-02 1.663695e-01 4.972835e-01
vertex -1.079046e-02 1.436890e-01 4.693736e-01
vertex -2.834019e-02 1.961229e-01 4.842570e-01
endloop
endfacet
facet normal 0 0 0
outer loop
vertex -5.097112e-02 7.327523e-02 4.870773e-01
vertex -1.079046e-02 1.436890e-01 4.693736e-01
vertex -7.663950e-02 1.663695e-01 4.972835e-01
endloop
endfacet
facet normal 0 0 0
outer loop
vertex -5.097112e-02 7.327523e-02 4.870773e-01
vertex -7.663950e-02 1.663695e-01 4.972835e-01
vertex -1.111578e-01 1.069240e-01 5.000000e-01
endloop
endfacet
facet normal 0 0 0
outer loop
vertex -5.097112e-02 7.327523e-02 4.870773e-01
vertex -1.111578e-01 1.069240e-01 5.000000e-01
vertex -1.102015e-01 6.138467e-02 4.952412e-01
endloop
endfacet
facet normal 0 0 0
outer loop
vertex -1.086078e-01 4.953915e-03 4.712335e-01
vertex -5.097112e-02 7.327523e-02 4.870773e-01
vertex -1.102015e-01 6.138467e-02 4.952412e-01
endloop
endfacet
facet normal 0 0 0
outer loop
vertex -1.669944e-01 7.514130e-02 4.851905e-01
vertex -1.086078e-01 4.953915e-03 4.712335e-01
vertex -1.102015e-01 6.138467e-02 4.952412e-01
endloop
endfacet
facet normal 0 0 0
outer loop
vertex -1.086078e-01 4.953915e-03 4.712335e-01
vertex -1.669944e-01 7.514130e-02 4.851905e-01
vertex -1.853317e-01 7.900547e-03 4.434377e-01
endloop
endfacet
facet normal 0 0 0
outer loop
vertex -1.669944e-01 7.514130e-02 4.851905e-01
vertex -2.495308e-01 6.623071e-02 4.316587e-01
vertex -1.853317e-01 7.900547e-03 4.434377e-01
endloop
endfacet
facet normal 0 0 0
outer loop
vertex -2.495308e-01 6.623071e-02 4.316587e-01
vertex -2.071751e-01 -2.213629e-02 3.610553e-01
vertex -1.853317e-01 7.900547e-03 4.434377e-01
endloop
endfacet
facet normal 0 0 0
outer loop
vertex -2.495308e-01 6.623071e-02 4.316587e-01
vertex -2.919614e-01 4.588601e-02 3.410369e-01
vertex -2.071751e-01 -2.213629e-02 3.610553e-01
endloop
endfacet
facet normal 0 0 0
outer loop
vertex -2.495308e-01 6.623071e-02 4.316587e-01
vertex -2.928426e-01 1.024921e-01 3.867380e-01
vertex -2.919614e-01 4.588601e-02 3.410369e-01
endloop
endfacet
facet normal 0 0 0
outer loop
vertex -2.928426e-01 1.024921e-01 3.867380e-01
vertex -3.131861e-01 1.308113e-01 3.317691e-01
vertex -2.919614e-01 4.588601e-02 3.410369e-01
endloop
endfacet
facet normal 0 0 0
outer loop
vertex -3.131861e-01 1.308113e-01 3.317691e-01
vertex -3.153423e-01 6.938494e-02 2.444965e-01
vertex -2.919614e-01 4.588601e-02 3.410369e-01
endloop
endfacet
facet normal 0 0 0
outer loop
vertex -3.153423e-01 6.938494e-02 2.444965e-01
vertex -2.483683e-01 -9.093076e-03 2.318298e-01
vertex -2.919614e-01 4.588601e-02 3.410369e-01
endloop
endfacet
facet normal 0 0 0
outer loop
vertex -2.928426e-01 1.024921e-01 3.867380e-01
vertex -2.495308e-01 6.623071e-02 4.316587e-01
vertex -2.710930e-01 1.671425e-01 4.090965e-01
endloop
endfacet
facet normal 0 0 0
outer loop
vertex -2.710930e-01 1.671425e-01 4.090965e-01
vertex -2.495308e-01 6.623071e-02 4.316587e-01
vertex -2.148438e-01 1.282049e-01 4.646563e-01
endloop
endfacet
facet normal 0 0 0
outer loop
vertex -2.710930e-01 1.671425e-01 4.090965e-01
vertex -2.148438e-01 1.282049e-01 4.646563e-01
vertex -2.087313e-01 1.732620e-01 4.562471e-01
endloop
endfacet
facet normal 0 0 0
outer loop
vertex -2.148438e-01 1.282049e-01 4.646563e-01
vertex -1.548259e-01 1.579966e-01 4.835621e-01
vertex -2.087313e-01 1.732620e-01 4.562471e-01
endloop
endfacet
facet normal 0 0 0
outer loop
vertex -1.548259e-01 1.579966e-01 4.835621e-01
vertex -1.774381e-01 2.269424e-01 4.283237e-01
vertex -2.087313e-01 1.732620e-01 4.562471e-01
endloop
endfacet
facet normal 0 0 0
outer loop
vertex -1.774381e-01 2.269424e-01 4.283237e-01
vertex -1.548259e-01 1.579966e-01 4.835621e-01
vertex -1.203264e-01 2.153053e-01 4.769260e-01
endloop
endfacet
facet normal 0 0 0
outer loop
vertex -1.774381e-01 2.269424e-01 4.283237e-01
vertex -1.203264e-01 2.153053e-01 4.769260e-01
vertex -1.198201e-01 2.464432e-01 4.509459e-01
endloop
endfacet
facet normal 0 0 0
outer loop
vertex -1.203264e-01 2.153053e-01 4.769260e-01
vertex -6.043972e-02 2.518125e-01 4.720682e-01
vertex -1.198201e-01 2.464432e-01 4.509459e-01
endloop
endfacet
facet normal 0 0 0
outer loop
vertex -6.043972e-02 2.518125e-01 4.720682e-01
vertex -1.087015e-01 2.713589e-01 4.024637e-01
vertex -1.198201e-01 2.464432e-01 4.509459e-01
endloop
endfacet
facet normal 0 0 0
outer loop
vertex -1.087015e-01 2.713589e-01 4.024637e-01
vertex -6.043972e-02 2.518125e-01 4.720682e-01
vertex -4.472746e-02 2.716380e-01 4.036176e-01
endloop
endfacet
facet normal 0 0 0
outer loop
vertex -7.663950e-02 1.663695e-01 4.972835e-01
vertex -6.043972e-02 2.518125e-01 4.720682e-01
vertex -1.203264e-01 2.153053e-01 4.769260e-01
endloop
endfacet
facet normal 0 0 0
outer loop
vertex -1.548259e-01 1.579966e-01 4.835621e-01
vertex -7.663950e-02 1.663695e-01 4.972835e-01
vertex -1.203264e-01 2.153053e-01 4.769260e-01
endloop
endfacet
facet normal 0 0 0
outer loop
vertex -1.669944e-01 7.514130e-02 4.851905e-01
vertex -1.548259e-01 1.579966e-01 4.835621e-01
vertex -2.148438e-01 1.282049e-01 4.646563e-01
endloop
endfacet
facet normal 0 0 0
outer loop
vertex -1.548259e-01 1.579966e-01 4.835621e-01
vertex -1.669944e-01 7.514130e-02 4.851905e-01
vertex -1.111578e-01 1.069240e-01 5.000000e-01
endloop
endfacet
facet normal 0 0 0
outer loop
vertex -2.495308e-01 6.623071e-02 4.316587e-01
vertex -1.669944e-01 7.514130e-02 4.851905e-01
vertex -2.148438e-01 1.282049e-01 4.646563e-01
endloop
endfacet
facet normal 0 0 0
outer loop
vertex -5.097112e-02 7.327523e-02 4.870773e-01
vertex -1.086078e-01 4.953915e-03 4.712335e-01
vertex -5.490858e-02 2.226157e-02 4.541198e-01
endloop
endfacet
facet normal 0 0 0
outer loop
vertex -1.339667e-02 4.640818e-02 4.173364e-01
vertex -5.097112e-02 7.327523e-02 4.870773e-01
vertex -5.490858e-02 2.226157e-02 4.541198e-01
endloop
endfacet
facet normal 0 0 0
outer loop
vertex -3.764006e-02 -3.513645e-02 4.508283e-01
vertex -1.339667e-02 4.640818e-02 4.173364e-01
vertex -5.490858e-02 2.226157e-02 4.541198e-01
endloop
endfacet
facet normal 0 0 0
outer loop
vertex -1.339667e-02 4.640818e-02 4.173364e-01
vertex -3.764006e-02 -3.513645e-02 4.508283e-01
vertex 1.056548e-02 -7.510989e-03 4.148778e-01
endloop
endfacet
facet normal 0 0 0
outer loop
vertex -3.764006e-02 -3.513645e-02 4.508283e-01
vertex 3.514639e-02 -6.043200e-02 3.999401e-01
vertex 1.056548e-02 -7.510989e-03 4.148778e-01
endloop
endfacet
facet normal 0 0 0
outer loop
vertex 3.514639e-02 -6.043200e-02 3.999401e-01
vertex 3.726509e-02 1.283020e-02 3.589211e-01
vertex 1.056548e-02 -7.510989e-03 4.148778e-01
endloop
endfacet
facet normal 0 0 0
outer loop
vertex 3.726509e-02 1.283020e-02 3.589211e-01
vertex 3.514639e-02 -6.043200e-02 3.999401e-01
vertex 5.370858e-02 -3.443504e-02 3.553034e-01
endloop
endfacet
facet normal 0 0 0
outer loop
vertex -5.097112e-02 7.327523e-02 4.870773e-01
vertex -1.339667e-02 4.640818e-02 4.173364e-01
vertex -7.640520e-03 9.762701e-02 4.428717e-01
endloop
endfacet
facet normal 0 0 0
outer loop
vertex -1.111578e-01 1.069240e-01 5.000000e-01
vertex -1.669944e-01 7.514130e-02 4.851905e-01
vertex -1.102015e-01 6.138467e-02 4.952412e-01
endloop
endfacet
facet normal 0 0 0
outer loop
vertex -7.663950e-02 1.663695e-01 4.972835e-01
vertex -1.548259e-01 1.579966e-01 4.835621e-01
vertex -1.111578e-01 1.069240e-01 5.000000e-01
endloop
endfacet
facet normal 0 0 0
outer loop
vertex -1.079046e-02 1.436890e-01 4.693736e-01
vertex -5.097112e-02 7.327523e-02 4.870773e-01
vertex -7.640520e-03 9.762701e-02 4.428717e-01
endloop
endfacet
facet normal 0 0 0
outer loop
vertex -9.234229e-03 1.374676e-01 3.831031e-01
vertex -1.079046e-02 1.436890e-01 4.693736e-01
vertex -7.640520e-03 9.762701e-02 4.428717e-01
endloop
endfacet
facet normal 0 0 0
outer loop
vertex 1.017174e-02 2.091215e-01 4.386095e-01
vertex -1.079046e-02 1.436890e-01 4.693736e-01
vertex -9.234229e-03 1.374676e-01 3.831031e-01
endloop
endfacet
facet normal 0 0 0
outer loop
vertex 1.017174e-02 2.091215e-01 4.386095e-01
vertex -9.234229e-03 1.374676e-01 3.831031e-01
vertex 1.020922e-02 1.948358e-01 3.735424e-01
endloop
endfacet
facet normal 0 0 0
outer loop
vertex -6.043972e-02 2.518125e-01 4.720682e-01
vertex -7.663950e-02 1.663695e-01 4.972835e-01
vertex -2.834019e-02 1.961229e-01 4.842570e-01
endloop
endfacet
facet normal 0 0 0
outer loop
vertex 1.259048e-02 2.509552e-01 3.684787e-01
vertex 1.017174e-02 2.091215e-01 4.386095e-01
vertex 1.020922e-02 1.948358e-01 3.735424e-01
endloop
endfacet
facet normal 0 0 0
outer loop
vertex -4.472746e-02 2.716380e-01 4.036176e-01
vertex -6.043972e-02 2.518125e-01 4.720682e-01
vertex -1.557163e-02 2.544041e-01 4.262684e-01
endloop
endfacet
facet normal 0 0 0
outer loop
vertex 4.504624e-02 1.859324e-01 3.025446e-01
vertex 1.259048e-02 2.509552e-01 3.684787e-01
vertex 1.020922e-02 1.948358e-01 3.735424e-01
endloop
endfacet
facet normal 0 0 0
outer loop
vertex 5.280866e-02 2.661030e-01 2.539403e-01
vertex 5.128041e-03 2.727560e-01 3.031355e-01
vertex 4.086506e-02 2.507952e-01 3.132412e-01
endloop
endfacet
facet normal 0 0 0
outer loop
vertex 5.280866e-02 2.661030e-01 2.539403e-01
vertex -3.664633e-02 2.635646e-01 2.399511e-01
vertex 5.128041e-03 2.727560e-01 3.031355e-01
endloop
endfacet
facet normal 0 0 0
outer loop
vertex -3.664633e-02 2.635646e-01 2.399511e-01
vertex 5.280866e-02 2.661030e-01 2.539403e-01
vertex 1.727792e-02 2.644111e-01 2.045034e-01
endloop
endfacet
facet normal 0 0 0
outer loop
vertex 1.727792e-02 2.644111e-01 2.045034e-01
vertex -4.396810e-03 2.615213e-01 1.549877e-01
vertex -3.664633e-02 2.635646e-01 2.399511e-01
endloop
endfacet
facet normal 0 0 0
outer loop
vertex 5.661484e-02 2.497615e-01 1.695911e-01
vertex -4.396810e-03 2.615213e-01 1.549877e-01
vertex 1.727792e-02 2.644111e-01 2.045034e-01
endloop
endfacet
facet normal 0 0 0
outer loop
vertex 4.707118e-02 2.745517e-01 8.446444e-02
vertex -4.396810e-03 2.615213e-01 1.549877e-01
vertex 5.661484e-02 2.497615e-01 1.695911e-01
endloop
endfacet
facet normal 0 0 0
outer loop
vertex 1.407261e-01 2.289545e-01 1.032110e-01
vertex 4.707118e-02 2.745517e-01 8.446444e-02
vertex 5.661484e-02 2.497615e-01 1.695911e-01
endloop
endfacet
facet normal 0 0 0
outer loop
vertex 5.661484e-02 2.497615e-01 1.695911e-01
vertex 1.113265e-01 2.317018e-01 1.960594e-01
vertex 1.407261e-01 2.289545e-01 1.032110e-01
endloop
endfacet
facet normal 0 0 0
outer loop
vertex 1.407261e-01 2.289545e-01 1.032110e-01
vertex 1.367137e-01 2.744175e-01 -4.664115e-02
vertex 4.707118e-02 2.745517e-01 8.446444e-02
endloop
endfacet
facet normal 0 0 0
outer loop
vertex 1.367137e-01 2.744175e-01 -4.664115e-02
vertex 1.407261e-01 2.289545e-01 1.032110e-01
vertex 2.174875e-01 1.860095e-01 1.158497e-02
endloop
endfacet
facet normal 0 0 0
outer loop
vertex 2.460058e-01 2.034426e-01 -1.009985e-01
vertex 1.367137e-01 2.744175e-01 -4.664115e-02
vertex 2.174875e-01 1.860095e-01 1.158497e-02
endloop
endfacet
facet normal 0 0 0
outer loop
vertex 2.939489e-01 1.235468e-01 -6.836909e-02
vertex 2.460058e-01 2.034426e-01 -1.009985e-01
vertex 2.174875e-01 1.860095e-01 1.158497e-02
endloop
endfacet
facet normal 0 0 0
outer loop
vertex 2.516683e-01 1.132476e-01 4.325954e-02
vertex 2.939489e-01 1.235468e-01 -6.836909e-02
vertex 2.174875e-01 1.860095e-01 1.158497e-02
endloop
endfacet
facet normal 0 0 0
outer loop
vertex 2.516683e-01 1.132476e-01 4.325954e-02
vertex 2.174875e-01 1.860095e-01 1.158497e-02
vertex 2.292061e-01 1.773159e-01 1.158772e-01
endloop
endfacet
facet normal 0 0 0
outer loop
vertex 2.455746e-01 1.063945e-01 1.290420e-01
vertex 2.516683e-01 1.132476e-01 4.325954e-02
vertex 2.292061e-01 1.773159e-01 1.158772e-01
endloop
endfacet
facet normal 0 0 0
outer loop
vertex 2.292061e-01 1.773159e-01 1.158772e-01
vertex 2.154063e-01 1.413697e-01 2.035273e-01
vertex 2.455746e-01 1.063945e-01 1.290420e-01
endloop
endfacet
facet normal 0 0 0
outer loop
vertex 2.154063e-01 1.413697e-01 2.035273e-01
vertex 1.971628e-01 5.854289e-02 1.694359e-01
vertex 2.455746e-01 1.063945e-01 1.290420e-01
endloop
endfacet
facet normal 0 0 0
outer loop
vertex 1.971628e-01 5.854289e-02 1.694359e-01
vertex 2.443371e-01 6.059879e-02 7.973599e-02
vertex 2.455746e-01 1.063945e-01 1.290420e-01
endloop
endfacet
facet normal 0 0 0
outer loop
vertex 1.971628e-01 5.854289e-02 1.694359e-01
vertex 2.173375e-01 -2.797593e-03 6.098519e-02
vertex 2.443371e-01 6.059879e-02 7.973599e-02
endloop
endfacet
facet normal 0 0 0
outer loop
vertex 2.443371e-01 6.059879e-02 7.973599e-02
vertex 2.173375e-01 -2.797593e-03 6.098519e-02
vertex 2.788178e-01 3.769188e-02 -2.309384e-02
endloop
endfacet
facet normal 0 0 0
outer loop
vertex 2.516683e-01 1.132476e-01 4.325954e-02
vertex 2.443371e-01 6.059879e-02 7.973599e-02
vertex 2.788178e-01 3.769188e-02 -2.309384e-02
endloop
endfacet
facet normal 0 0 0
outer loop
vertex 2.788178e-01 3.769188e-02 -2.309384e-02
vertex 2.173375e-01 -2.797593e-03 6.098519e-02
vertex 2.590557e-01 -2.674208e-02 -3.191836e-02
endloop
endfacet
facet normal 0 0 0
outer loop
vertex 2.788178e-01 3.769188e-02 -2.309384e-02
vertex 2.590557e-01 -2.674208e-02 -3.191836e-02
vertex 2.972676e-01 -2.694313e-02 -1.055054e-01
endloop
endfacet
facet normal 0 0 0
outer loop
vertex 2.788178e-01 3.769188e-02 -2.309384e-02
vertex 2.972676e-01 -2.694313e-02 -1.055054e-01
vertex 3.246422e-01 4.032738e-02 -1.370128e-01
endloop
endfacet
facet normal 0 0 0
outer loop
vertex 2.939489e-01 1.235468e-01 -6.836909e-02
vertex 2.788178e-01 3.769188e-02 -2.309384e-02
vertex 3.246422e-01 4.032738e-02 -1.370128e-01
endloop
endfacet
facet normal 0 0 0
outer loop
vertex 3.452294e-01 1.046015e-01 -1.758089e-01
vertex 2.939489e-01 1.235468e-01 -6.836909e-02
vertex 3.246422e-01 4.032738e-02 -1.370128e-01
endloop
endfacet
facet normal 0 0 0
outer loop
vertex 3.452294e-01 1.046015e-01 -1.758089e-01
vertex 3.246422e-01 4.032738e-02 -1.370128e-01
vertex 3.444607e-01 4.661074e-02 -2.210700e-01
endloop
endfacet
facet normal 0 0 0
outer loop
vertex 3.623479e-01 9.536959e-02 -2.639466e-01
vertex 3.452294e-01 1.046015e-01 -1.758089e-01
vertex 3.444607e-01 4.661074e-02 -2.210700e-01
endloop
endfacet
facet normal 0 0 0
outer loop
vertex 3.623479e-01 9.536959e-02 -2.639466e-01
vertex 3.444607e-01 4.661074e-02 -2.210700e-01
vertex 3.495418e-01 2.857754e-02 -2.981421e-01
endloop
endfacet
facet normal 0 0 0
outer loop
vertex 3.956474e-01 7.434810e-02 -3.547439e-01
vertex 3.623479e-01 9.536959e-02 -2.639466e-01
vertex 3.495418e-01 2.857754e-02 -2.981421e-01
endloop
endfacet
facet normal 0 0 0
outer loop
vertex 3.804789e-01 2.486819e-03 -3.677473e-01
vertex 3.956474e-01 7.434810e-02 -3.547439e-01
vertex 3.495418e-01 2.857754e-02 -2.981421e-01
endloop
endfacet
facet normal 0 0 0
outer loop
vertex 3.804789e-01 2.486819e-03 -3.677473e-01
vertex 3.495418e-01 2.857754e-02 -2.981421e-01
vertex 3.374670e-01 -3.261399e-02 -3.374125e-01
endloop
endfacet
facet normal 0 0 0
outer loop
vertex 3.711978e-01 -3.421321e-02 -3.911162e-01
vertex 3.804789e-01 2.486819e-03 -3.677473e-01
vertex 3.374670e-01 -3.261399e-02 -3.374125e-01
endloop
endfacet
facet normal 0 0 0
outer loop
vertex 3.462606e-01 -9.058435e-02 -3.939351e-01
vertex 3.711978e-01 -3.421321e-02 -3.911162e-01
vertex 3.374670e-01 -3.261399e-02 -3.374125e-01
endloop
endfacet
facet normal 0 0 0
outer loop
vertex 3.462606e-01 -9.058435e-02 -3.939351e-01
vertex 3.374670e-01 -3.261399e-02 -3.374125e-01
vertex 3.032300e-01 -9.540889e-02 -3.041412e-01
endloop
endfacet
facet normal 0 0 0
outer loop
vertex 2.816303e-01 -1.841871e-01 -3.570541e-01
vertex 3.462606e-01 -9.058435e-02 -3.939351e-01
vertex 3.032300e-01 -9.540889e-02 -3.041412e-01
endloop
endfacet
facet normal 0 0 0
outer loop
vertex 3.462606e-01 -9.058435e-02 -3.939351e-01
vertex 2.816303e-01 -1.841871e-01 -3.570541e-01
vertex 2.543119e-01 -1.140113e-01 -4.701368e-01
endloop
endfacet
facet normal 0 0 0
outer loop
vertex 3.462606e-01 -9.058435e-02 -3.939351e-01
vertex 2.543119e-01 -1.140113e-01 -4.701368e-01
vertex 3.426044e-01 1.156289e-02 -4.601920e-01
endloop
endfacet
facet normal 0 0 0
outer loop
vertex 3.374670e-01 -3.261399e-02 -3.374125e-01
vertex 3.155298e-01 -2.814789e-02 -2.261230e-01
vertex 3.032300e-01 -9.540889e-02 -3.041412e-01
endloop
endfacet
facet normal 0 0 0
outer loop
vertex 3.032300e-01 -9.540889e-02 -3.041412e-01
vertex 3.155298e-01 -2.814789e-02 -2.261230e-01
vertex 2.855490e-01 -1.002815e-01 -2.319485e-01
endloop
endfacet
facet normal 0 0 0
outer loop
vertex 2.694242e-01 -1.443059e-01 -2.705935e-01
vertex 3.032300e-01 -9.540889e-02 -3.041412e-01
vertex 2.855490e-01 -1.002815e-01 -2.319485e-01
endloop
endfacet
facet normal 0 0 0
outer loop
vertex 2.855490e-01 -1.002815e-01 -2.319485e-01
vertex 3.155298e-01 -2.814789e-02 -2.261230e-01
vertex 2.743929e-01 -8.394544e-02 -1.571300e-01
endloop
endfacet
facet normal 0 0 0
outer loop
vertex 2.442246e-01 -1.390272e-01 -1.985575e-01
vertex 2.855490e-01 -1.002815e-01 -2.319485e-01
vertex 2.743929e-01 -8.394544e-02 -1.571300e-01
endloop
endfacet
facet normal 0 0 0
outer loop
vertex 2.743929e-01 -8.394544e-02 -1.571300e-01
vertex 3.155298e-01 -2.814789e-02 -2.261230e-01
vertex 2.972676e-01 -2.694313e-02 -1.055054e-01
endloop
endfacet
facet normal 0 0 0
outer loop
vertex 2.590744e-01 -6.894381e-02 -7.935569e-02
vertex 2.743929e-01 -8.394544e-02 -1.571300e-01
vertex 2.972676e-01 -2.694313e-02 -1.055054e-01
endloop
endfacet
facet normal 0 0 0
outer loop
vertex 2.590744e-01 -6.894381e-02 -7.935569e-02
vertex 2.186312e-01 -1.271488e-01 -8.933505e-02
vertex 2.743929e-01 -8.394544e-02 -1.571300e-01
endloop
endfacet
facet normal 0 0 0
outer loop
vertex 3.711978e-01 -3.421321e-02 -3.911162e-01
vertex 3.462606e-01 -9.058435e-02 -3.939351e-01
vertex 3.426044e-01 1.156289e-02 -4.601920e-01
endloop
endfacet
facet normal 0 0 0
outer loop
vertex 3.804789e-01 2.486819e-03 -3.677473e-01
vertex 3.711978e-01 -3.421321e-02 -3.911162e-01
vertex 3.426044e-01 1.156289e-02 -4.601920e-01
endloop
endfacet
facet normal 0 0 0
outer loop
vertex 3.495418e-01 2.857754e-02 -2.981421e-01
vertex 3.155298e-01 -2.814789e-02 -2.261230e-01
vertex 3.374670e-01 -3.261399e-02 -3.374125e-01
endloop
endfacet
facet normal 0 0 0
outer loop
vertex 3.956474e-01 7.434810e-02 -3.547439e-01
vertex 3.804789e-01 2.486819e-03 -3.677473e-01
vertex 3.426044e-01 1.156289e-02 -4.601920e-01
endloop
endfacet
facet normal 0 0 0
outer loop
vertex 3.587480e-01 1.634223e-01 -4.314809e-01
vertex 3.956474e-01 7.434810e-02 -3.547439e-01
vertex 3.426044e-01 1.156289e-02 -4.601920e-01
endloop
endfacet
facet normal 0 0 0
outer loop
vertex 3.587480e-01 1.634223e-01 -4.314809e-01
vertex 3.426044e-01 1.156289e-02 -4.601920e-01
vertex 2.331810e-01 1.235877e-01 -4.701954e-01
endloop
endfacet
facet normal 0 0 0
outer loop
vertex 2.649993e-01 2.080399e-01 -4.336203e-01
vertex 3.587480e-01 1.634223e-01 -4.314809e-01
vertex 2.331810e-01 1.235877e-01 -4.701954e-01
endloop
endfacet
facet normal 0 0 0
outer loop
vertex 3.587480e-01 1.634223e-01 -4.314809e-01
vertex 2.649993e-01 2.080399e-01 -4.336203e-01
vertex 2.838053e-01 2.392472e-01 -3.407704e-01
endloop
endfacet
facet normal 0 0 0
outer loop
vertex 3.587480e-01 1.634223e-01 -4.314809e-01
vertex 2.838053e-01 2.392472e-01 -3.407704e-01
vertex 3.698852e-01 1.709072e-01 -3.020169e-01
endloop
endfacet
facet normal 0 0 0
outer loop
vertex 2.838053e-01 2.392472e-01 -3.407704e-01
vertex 3.017300e-01 2.353461e-01 -2.052600e-01
vertex 3.698852e-01 1.709072e-01 -3.020169e-01
endloop
endfacet
facet normal 0 0 0
outer loop
vertex 3.698852e-01 1.709072e-01 -3.020169e-01
vertex 3.017300e-01 2.353461e-01 -2.052600e-01
vertex 3.526168e-01 1.569539e-01 -2.191995e-01
endloop
endfacet
facet normal 0 0 0
outer loop
vertex 3.623479e-01 9.536959e-02 -2.639466e-01
vertex 3.698852e-01 1.709072e-01 -3.020169e-01
vertex 3.526168e-01 1.569539e-01 -2.191995e-01
endloop
endfacet
facet normal 0 0 0
outer loop
vertex 3.526168e-01 1.569539e-01 -2.191995e-01
vertex 3.017300e-01 2.353461e-01 -2.052600e-01
vertex 3.194298e-01 1.729915e-01 -1.499257e-01
endloop
endfacet
facet normal 0 0 0
outer loop
vertex 3.452294e-01 1.046015e-01 -1.758089e-01
vertex 3.526168e-01 1.569539e-01 -2.191995e-01
vertex 3.194298e-01 1.729915e-01 -1.499257e-01
endloop
endfacet
facet normal 0 0 0
outer loop
vertex 3.194298e-01 1.729915e-01 -1.499257e-01
vertex 3.017300e-01 2.353461e-01 -2.052600e-01
vertex 2.460058e-01 2.034426e-01 -1.009985e-01
endloop
endfacet
facet normal 0 0 0
outer loop
vertex 2.460058e-01 2.034426e-01 -1.009985e-01
vertex 3.017300e-01 2.353461e-01 -2.052600e-01
vertex 2.175625e-01 2.485656e-01 -1.440943e-01
endloop
endfacet
facet normal 0 0 0
outer loop
vertex 2.175625e-01 2.485656e-01 -1.440943e-01
vertex 3.017300e-01 2.353461e-01 -2.052600e-01
vertex 1.621195e-01 2.327857e-01 -2.262291e-01
endloop
endfacet
facet normal 0 0 0
outer loop
vertex 1.621195e-01 2.327857e-01 -2.262291e-01
vertex 3.017300e-01 2.353461e-01 -2.052600e-01
vertex 2.838053e-01 2.392472e-01 -3.407704e-01
endloop
endfacet
facet normal 0 0 0
outer loop
vertex 1.656258e-01 2.148203e-01 -3.930189e-01
vertex 1.621195e-01 2.327857e-01 -2.262291e-01
vertex 2.838053e-01 2.392472e-01 -3.407704e-01
endloop
endfacet
facet normal 0 0 0
outer loop
vertex 2.649993e-01 2.080399e-01 -4.336203e-01
vertex 1.656258e-01 2.148203e-01 -3.930189e-01
vertex 2.838053e-01 2.392472e-01 -3.407704e-01
endloop
endfacet
facet normal 0 0 0
outer loop
vertex 3.956474e-01 7.434810e-02 -3.547439e-01
vertex 3.587480e-01 1.634223e-01 -4.314809e-01
vertex 3.698852e-01 1.709072e-01 -3.020169e-01
endloop
endfacet
facet normal 0 0 0
outer loop
vertex 3.623479e-01 9.536959e-02 -2.639466e-01
vertex 3.956474e-01 7.434810e-02 -3.547439e-01
vertex 3.698852e-01 1.709072e-01 -3.020169e-01
endloop
endfacet
facet normal 0 0 0
outer loop
vertex 3.444607e-01 4.661074e-02 -2.210700e-01
vertex 3.155298e-01 -2.814789e-02 -2.261230e-01
vertex 3.495418e-01 2.857754e-02 -2.981421e-01
endloop
endfacet
facet normal 0 0 0
outer loop
vertex 3.452294e-01 1.046015e-01 -1.758089e-01
vertex 3.623479e-01 9.536959e-02 -2.639466e-01
vertex 3.526168e-01 1.569539e-01 -2.191995e-01
endloop
endfacet
facet normal 0 0 0
outer loop
vertex 3.246422e-01 4.032738e-02 -1.370128e-01
vertex 3.155298e-01 -2.814789e-02 -2.261230e-01
vertex 3.444607e-01 4.661074e-02 -2.210700e-01
endloop
endfacet
facet normal 0 0 0
outer loop
vertex 2.939489e-01 1.235468e-01 -6.836909e-02
vertex 3.452294e-01 1.046015e-01 -1.758089e-01
vertex 3.194298e-01 1.729915e-01 -1.499257e-01
endloop
endfacet
facet normal 0 0 0
outer loop
vertex 2.972676e-01 -2.694313e-02 -1.055054e-01
vertex 3.155298e-01 -2.814789e-02 -2.261230e-01
vertex 3.246422e-01 4.032738e-02 -1.370128e-01
endloop
endfacet
facet normal 0 0 0
outer loop
vertex 2.590557e-01 -2.674208e-02 -3.191836e-02
vertex 2.590744e-01 -6.894381e-02 -7.935569e-02
vertex 2.972676e-01 -2.694313e-02 -1.055054e-01
endloop
endfacet
facet normal 0 0 0
outer loop
vertex 2.590744e-01 -6.894381e-02 -7.935569e-02
vertex 2.590557e-01 -2.674208e-02 -3.191836e-02
vertex 2.229811e-01 -6.867892e-02 -9.199665e-03
endloop
endfacet
facet normal 0 0 0
outer loop
vertex 2.455746e-01 1.063945e-01 1.290420e-01
vertex 2.443371e-01 6.059879e-02 7.973599e-02
vertex 2.516683e-01 1.132476e-01 4.325954e-02
endloop
endfacet
facet normal 0 0 0
outer loop
vertex 2.939489e-01 1.235468e-01 -6.836909e-02
vertex 2.516683e-01 1.132476e-01 4.325954e-02
vertex 2.788178e-01 3.769188e-02 -2.309384e-02
endloop
endfacet
facet normal 0 0 0
outer loop
vertex 2.460058e-01 2.034426e-01 -1.009985e-01
vertex 2.939489e-01 1.235468e-01 -6.836909e-02
vertex 3.194298e-01 1.729915e-01 -1.499257e-01
endloop
endfacet
facet normal 0 0 0
outer loop
vertex 1.367137e-01 2.744175e-01 -4.664115e-02
vertex 2.460058e-01 2.034426e-01 -1.009985e-01
vertex 2.175625e-01 2.485656e-01 -1.440943e-01
endloop
endfacet
facet normal 0 0 0
outer loop
vertex 2.174875e-01 1.860095e-01 1.158497e-02
vertex 1.407261e-01 2.289545e-01 1.032110e-01
vertex 2.292061e-01 1.773159e-01 1.158772e-01
endloop
endfacet
facet normal 0 0 0
outer loop
vertex 1.717006e-01 2.015827e-01 1.788682e-01
vertex 2.292061e-01 1.773159e-01 1.158772e-01
vertex 1.407261e-01 2.289545e-01 1.032110e-01
endloop
endfacet
facet normal 0 0 0
outer loop
vertex -1.872160e-02 2.672277e-01 9.991489e-02
vertex -4.396810e-03 2.615213e-01 1.549877e-01
vertex 4.707118e-02 2.745517e-01 8.446444e-02
endloop
endfacet
facet normal 0 0 0
outer loop
vertex -3.000893e-02 2.621585e-01 2.000645e-02
vertex -1.872160e-02 2.672277e-01 9.991489e-02
vertex 4.707118e-02 2.745517e-01 8.446444e-02
endloop
endfacet
facet normal 0 0 0
outer loop
vertex -8.155194e-02 2.528535e-01 1.441079e-01
vertex -4.396810e-03 2.615213e-01 1.549877e-01
vertex -1.872160e-02 2.672277e-01 9.991489e-02
endloop
endfacet
facet normal 0 0 0
outer loop
vertex 5.280866e-02 2.661030e-01 2.539403e-01
vertex 5.661484e-02 2.497615e-01 1.695911e-01
vertex 1.727792e-02 2.644111e-01 2.045034e-01
endloop
endfacet
facet normal 0 0 0
outer loop
vertex 5.661484e-02 2.497615e-01 1.695911e-01
vertex 5.280866e-02 2.661030e-01 2.539403e-01
vertex 1.113265e-01 2.317018e-01 1.960594e-01
endloop
endfacet
facet normal 0 0 0
outer loop
vertex 1.717006e-01 2.015827e-01 1.788682e-01
vertex 1.407261e-01 2.289545e-01 1.032110e-01
vertex 1.113265e-01 2.317018e-01 1.960594e-01
endloop
endfacet
facet normal 0 0 0
outer loop
vertex 2.154063e-01 1.413697e-01 2.035273e-01
vertex 2.292061e-01 1.773159e-01 1.158772e-01
vertex 1.717006e-01 2.015827e-01 1.788682e-01
endloop
endfacet
facet normal 0 0 0
outer loop
vertex 2.154063e-01 1.413697e-01 2.035273e-01
vertex 1.492572e-01 1.062423e-01 2.520704e-01
vertex 1.971628e-01 5.854289e-02 1.694359e-01
endloop
endfacet
facet normal 0 0 0
outer loop
vertex 1.492572e-01 1.062423e-01 2.520704e-01
vertex 1.211889e-01 4.093451e-02 2.282635e-01
vertex 1.971628e-01 5.854289e-02 1.694359e-01
endloop
endfacet
facet normal 0 0 0
outer loop
vertex 1.501572e-01 -2.531777e-02 1.636002e-01
vertex 1.971628e-01 5.854289e-02 1.694359e-01
vertex 1.211889e-01 4.093451e-02 2.282635e-01
endloop
endfacet
facet normal 0 0 0
outer loop
vertex 1.492572e-01 1.062423e-01 2.520704e-01
vertex 7.075209e-02 8.217768e-02 2.969800e-01
vertex 1.211889e-01 4.093451e-02 2.282635e-01
endloop
endfacet
facet normal 0 0 0
outer loop
vertex 1.211889e-01 4.093451e-02 2.282635e-01
vertex 7.075209e-02 8.217768e-02 2.969800e-01
vertex 8.702686e-02 2.167592e-02 2.775973e-01
endloop
endfacet
facet normal 0 0 0
outer loop
vertex 4.504624e-02 1.859324e-01 3.025446e-01
vertex 1.248451e-01 1.763108e-01 2.380133e-01
vertex 8.938932e-02 2.204028e-01 2.539037e-01
endloop
endfacet
facet normal 0 0 0
outer loop
vertex 7.075209e-02 8.217768e-02 2.969800e-01
vertex 1.492572e-01 1.062423e-01 2.520704e-01
vertex 9.559550e-02 1.396870e-01 2.718901e-01
endloop
endfacet
facet normal 0 0 0
outer loop
vertex -9.234229e-03 1.374676e-01 3.831031e-01
vertex 4.504624e-02 1.859324e-01 3.025446e-01
vertex 1.020922e-02 1.948358e-01 3.735424e-01
endloop
endfacet
facet normal 0 0 0
outer loop
vertex -1.339667e-02 4.640818e-02 4.173364e-01
vertex -9.234229e-03 1.374676e-01 3.831031e-01
vertex -7.640520e-03 9.762701e-02 4.428717e-01
endloop
endfacet
facet normal 0 0 0
outer loop
vertex 3.726509e-02 1.283020e-02 3.589211e-01
vertex -1.339667e-02 4.640818e-02 4.173364e-01
vertex 1.056548e-02 -7.510989e-03 4.148778e-01
endloop
endfacet
facet normal 0 0 0
outer loop
vertex 2.342781e-02 8.169116e-02 3.576922e-01
vertex 7.075209e-02 8.217768e-02 2.969800e-01
vertex 2.787149e-02 1.210455e-01 3.313575e-01
endloop
endfacet
facet normal 0 0 0
outer loop
vertex 6.973966e-02 -2.406960e-02 3.088148e-01
vertex 3.726509e-02 1.283020e-02 3.589211e-01
vertex 5.370858e-02 -3.443504e-02 3.553034e-01
endloop
endfacet
facet normal 0 0 0
outer loop
vertex 4.810242e-02 -6.394196e-02 3.392402e-01
vertex 6.973966e-02 -2.406960e-02 3.088148e-01
vertex 5.370858e-02 -3.443504e-02 3.553034e-01
endloop
endfacet
facet normal 0 0 0
outer loop
vertex 8.702686e-02 2.167592e-02 2.775973e-01
vertex 7.075209e-02 8.217768e-02 2.969800e-01
vertex 6.859592e-02 2.346153e-02 3.120663e-01
endloop
endfacet
facet normal 0 0 0
outer loop
vertex 1.031891e-01 -2.135968e-02 2.450087e-01
vertex 1.211889e-01 4.093451e-02 2.282635e-01
vertex 8.702686e-02 2.167592e-02 2.775973e-01
endloop
endfacet
facet normal 0 0 0
outer loop
vertex 1.501572e-01 -2.531777e-02 1.636002e-01
vertex 1.211889e-01 4.093451e-02 2.282635e-01
vertex 1.031891e-01 -2.135968e-02 2.450087e-01
endloop
endfacet
facet normal 0 0 0
outer loop
vertex 1.501572e-01 -2.531777e-02 1.636002e-01
vertex 2.173375e-01 -2.797593e-03 6.098519e-02
vertex 1.971628e-01 5.854289e-02 1.694359e-01
endloop
endfacet
facet normal 0 0 0
outer loop
vertex 2.590557e-01 -2.674208e-02 -3.191836e-02
vertex 2.173375e-01 -2.797593e-03 6.098519e-02
vertex 2.229811e-01 -6.867892e-02 -9.199665e-03
endloop
endfacet
facet normal 0 0 0
outer loop
vertex 2.186312e-01 -1.271488e-01 -8.933505e-02
vertex 2.590744e-01 -6.894381e-02 -7.935569e-02
vertex 2.229811e-01 -6.867892e-02 -9.199665e-03
endloop
endfacet
facet normal 0 0 0
outer loop
vertex 1.888942e-01 -1.209519e-01 8.218395e-02
vertex 2.037252e-01 -1.249508e-01 2.081067e-02
vertex 1.986815e-01 -7.390175e-02 8.322395e-02
endloop
endfacet
facet normal 0 0 0
outer loop
vertex 1.595508e-01 -1.081415e-01 1.416659e-01
vertex 1.888942e-01 -1.209519e-01 8.218395e-02
vertex 1.986815e-01 -7.390175e-02 8.322395e-02
endloop
endfacet
facet normal 0 0 0
outer loop
vertex 1.595508e-01 -1.081415e-01 1.416659e-01
vertex 9.658926e-02 -9.166987e-02 2.203913e-01
vertex 8.826438e-02 -1.304415e-01 1.352691e-01
endloop
endfacet
facet normal 0 0 0
outer loop
vertex 1.525009e-01 -1.462623e-01 6.705340e-02
vertex 8.595814e-02 -1.549695e-01 3.859325e-02
vertex 1.561196e-01 -1.486589e-01 -2.034226e-02
endloop
endfacet
facet normal 0 0 0
outer loop
vertex 1.561196e-01 -1.486589e-01 -2.034226e-02
vertex 8.595814e-02 -1.549695e-01 3.859325e-02
vertex 1.171765e-01 -1.831582e-01 -4.668957e-02
endloop
endfacet
facet normal 0 0 0
outer loop
vertex 1.642570e-01 -1.816400e-01 -9.123184e-02
vertex 1.561196e-01 -1.486589e-01 -2.034226e-02
vertex 1.171765e-01 -1.831582e-01 -4.668957e-02
endloop
endfacet
facet normal 0 0 0
outer loop
vertex 1.171765e-01 -1.831582e-01 -4.668957e-02
vertex 8.595814e-02 -1.549695e-01 3.859325e-02
vertex 6.132101e-02 -1.665425e-01 -3.469158e-02
endloop
endfacet
facet normal 0 0 0
outer loop
vertex 9.574549e-02 -1.929362e-01 -9.775595e-02
vertex 1.171765e-01 -1.831582e-01 -4.668957e-02
vertex 6.132101e-02 -1.665425e-01 -3.469158e-02
endloop
endfacet
facet normal 0 0 0
outer loop
vertex 6.132101e-02 -1.665425e-01 -3.469158e-02
vertex 8.595814e-02 -1.549695e-01 3.859325e-02
vertex 2.220903e-02 -1.452630e-01 2.799020e-02
endloop
endfacet
facet normal 0 0 0
outer loop
vertex 5.353058e-03 -1.537779e-01 -2.592182e-02
vertex 6.132101e-02 -1.665425e-01 -3.469158e-02
vertex 2.220903e-02 -1.452630e-01 2.799020e-02
endloop
endfacet
facet normal 0 0 0
outer loop
vertex 2.220903e-02 -1.452630e-01 2.799020e-02
vertex 8.595814e-02 -1.549695e-01 3.859325e-02
vertex 2.596859e-03 -1.248455e-01 1.160070e-01
endloop
endfacet
facet normal 0 0 0
outer loop
vertex 2.040912e-02 -9.679371e-02 2.467989e-01
vertex -4.446496e-02 -9.457946e-02 2.507588e-01
vertex -7.134269e-03 -1.074509e-01 1.988166e-01
endloop
endfacet
facet normal 0 0 0
outer loop
vertex 9.658926e-02 -9.166987e-02 2.203913e-01
vertex 3.992759e-02 -1.134160e-01 1.848030e-01
vertex 8.826438e-02 -1.304415e-01 1.352691e-01
endloop
endfacet
facet normal 0 0 0
outer loop
vertex 5.524607e-02 -7.692710e-02 2.889639e-01
vertex 9.658926e-02 -9.166987e-02 2.203913e-01
vertex 8.473943e-02 -5.568012e-02 2.688153e-01
endloop
endfacet
facet normal 0 0 0
outer loop
vertex -1.110917e-02 -8.572676e-02 3.240436e-01
vertex -4.446496e-02 -9.457946e-02 2.507588e-01
vertex 2.040912e-02 -9.679371e-02 2.467989e-01
endloop
endfacet
facet normal 0 0 0
outer loop
vertex 4.810242e-02 -6.394196e-02 3.392402e-01
vertex 5.524607e-02 -7.692710e-02 2.889639e-01
vertex 6.973966e-02 -2.406960e-02 3.088148e-01
endloop
endfacet
facet normal 0 0 0
outer loop
vertex 3.514639e-02 -6.043200e-02 3.999401e-01
vertex 4.810242e-02 -6.394196e-02 3.392402e-01
vertex 5.370858e-02 -3.443504e-02 3.553034e-01
endloop
endfacet
facet normal 0 0 0
outer loop
vertex -1.110917e-02 -8.572676e-02 3.240436e-01
vertex -8.828308e-02 -5.467688e-02 3.472141e-01
vertex -5.997099e-02 -7.887506e-02 2.997593e-01
endloop
endfacet
facet normal 0 0 0
outer loop
vertex 3.514639e-02 -6.043200e-02 3.999401e-01
vertex -3.764006e-02 -3.513645e-02 4.508283e-01
vertex -3.929006e-02 -7.269431e-02 3.910188e-01
endloop
endfacet
facet normal 0 0 0
outer loop
vertex -1.086078e-01 4.953915e-03 4.712335e-01
vertex -3.764006e-02 -3.513645e-02 4.508283e-01
vertex -5.490858e-02 2.226157e-02 4.541198e-01
endloop
endfacet
facet normal 0 0 0
outer loop
vertex -1.086078e-01 4.953915e-03 4.712335e-01
vertex -1.853317e-01 7.900547e-03 4.434377e-01
vertex -1.423011e-01 -3.475193e-02 4.018944e-01
endloop
endfacet
facet normal 0 0 0
outer loop
vertex -9.169552e-02 -3.642686e-02 4.153821e-01
vertex -8.828308e-02 -5.467688e-02 3.472141e-01
vertex -6.748965e-02 -5.495425e-02 4.035996e-01
endloop
endfacet
facet normal 0 0 0
outer loop
vertex -1.853317e-01 7.900547e-03 4.434377e-01
vertex -2.071751e-01 -2.213629e-02 3.610553e-01
vertex -1.423011e-01 -3.475193e-02 4.018944e-01
endloop
endfacet
facet normal 0 0 0
outer loop
vertex -1.528759e-01 -5.562894e-02 2.765841e-01
vertex -8.828308e-02 -5.467688e-02 3.472141e-01
vertex -1.502509e-01 -4.262635e-02 3.467663e-01
endloop
endfacet
facet normal 0 0 0
outer loop
vertex -2.919614e-01 4.588601e-02 3.410369e-01
vertex -2.483683e-01 -9.093076e-03 2.318298e-01
vertex -2.071751e-01 -2.213629e-02 3.610553e-01
endloop
endfacet
facet normal 0 0 0
outer loop
vertex -1.528759e-01 -5.562894e-02 2.765841e-01
vertex -1.684382e-01 -7.873087e-02 1.589452e-01
vertex -1.006017e-01 -8.964784e-02 2.153394e-01
endloop
endfacet
facet normal 0 0 0
outer loop
vertex -2.372122e-01 -4.471366e-02 1.443022e-01
vertex -2.758554e-01 -2.559193e-02 1.276262e-01
vertex -2.635368e-01 -6.647239e-02 8.006550e-02
endloop
endfacet
facet normal 0 0 0
outer loop
vertex -2.063876e-01 -7.638104e-02 8.385140e-02
vertex -2.342685e-01 -8.742153e-02 2.020926e-02
vertex -1.815818e-01 -6.607929e-02 2.021316e-02
endloop
endfacet
facet normal 0 0 0
outer loop
vertex -1.488072e-01 -7.283939e-02 7.069078e-02
vertex -2.063876e-01 -7.638104e-02 8.385140e-02
vertex -1.815818e-01 -6.607929e-02 2.021316e-02
endloop
endfacet
facet normal 0 0 0
outer loop
vertex -1.815818e-01 -6.607929e-02 2.021316e-02
vertex -2.342685e-01 -8.742153e-02 2.020926e-02
vertex -2.015877e-01 -9.929235e-02 -3.773942e-02
endloop
endfacet
facet normal 0 0 0
outer loop
vertex -1.519947e-01 -9.836125e-02 -1.930294e-02
vertex -1.815818e-01 -6.607929e-02 2.021316e-02
vertex -2.015877e-01 -9.929235e-02 -3.773942e-02
endloop
endfacet
facet normal 0 0 0
outer loop
vertex -2.015877e-01 -9.929235e-02 -3.773942e-02
vertex -2.342685e-01 -8.742153e-02 2.020926e-02
vertex -2.515557e-01 -1.148119e-01 -4.637898e-02
endloop
endfacet
facet normal 0 0 0
outer loop
vertex -2.228124e-01 -1.249624e-01 -1.016044e-01
vertex -2.015877e-01 -9.929235e-02 -3.773942e-02
vertex -2.515557e-01 -1.148119e-01 -4.637898e-02
endloop
endfacet
facet normal 0 0 0
outer loop
vertex -2.553057e-01 -1.358579e-01 -9.346244e-02
vertex -2.228124e-01 -1.249624e-01 -1.016044e-01
vertex -2.515557e-01 -1.148119e-01 -4.637898e-02
endloop
endfacet
facet normal 0 0 0
outer loop
vertex -2.926176e-01 -1.247291e-01 -8.915788e-02
vertex -2.553057e-01 -1.358579e-01 -9.346244e-02
vertex -2.515557e-01 -1.148119e-01 -4.637898e-02
endloop
endfacet
facet normal 0 0 0
outer loop
vertex -2.926176e-01 -1.247291e-01 -8.915788e-02
vertex -2.515557e-01 -1.148119e-01 -4.637898e-02
vertex -2.954864e-01 -7.135655e-02 -1.675069e-03
endloop
endfacet
facet normal 0 0 0
outer loop
vertex -3.295171e-01 -5.889240e-02 -1.005655e-01
vertex -2.926176e-01 -1.247291e-01 -8.915788e-02
vertex -2.954864e-01 -7.135655e-02 -1.675069e-03
endloop
endfacet
facet normal 0 0 0
outer loop
vertex -3.237047e-01 -3.348284e-02 -2.179467e-02
vertex -3.295171e-01 -5.889240e-02 -1.005655e-01
vertex -2.954864e-01 -7.135655e-02 -1.675069e-03
endloop
endfacet
facet normal 0 0 0
outer loop
vertex -3.295171e-01 -5.889240e-02 -1.005655e-01
vertex -3.237047e-01 -3.348284e-02 -2.179467e-02
vertex -3.380482e-01 8.436695e-03 -3.201918e-02
endloop
endfacet
facet normal 0 0 0
outer loop
vertex -3.311296e-01 -5.553720e-03 -1.113721e-01
vertex -3.295171e-01 -5.889240e-02 -1.005655e-01
vertex -3.380482e-01 8.436695e-03 -3.201918e-02
endloop
endfacet
facet normal 0 0 0
outer loop
vertex -3.420982e-01 4.038574e-02 -9.804448e-02
vertex -3.311296e-01 -5.553720e-03 -1.113721e-01
vertex -3.380482e-01 8.436695e-03 -3.201918e-02
endloop
endfacet
facet normal 0 0 0
outer loop
vertex -3.311296e-01 -5.553720e-03 -1.113721e-01
vertex -3.420982e-01 4.038574e-02 -9.804448e-02
vertex -3.169548e-01 1.106687e-02 -1.581141e-01
endloop
endfacet
facet normal 0 0 0
outer loop
vertex -3.311296e-01 -5.553720e-03 -1.113721e-01
vertex -3.169548e-01 1.106687e-02 -1.581141e-01
vertex -3.192985e-01 -2.933116e-02 -1.684929e-01
endloop
endfacet
facet normal 0 0 0
outer loop
vertex -3.169548e-01 1.106687e-02 -1.581141e-01
vertex -2.962363e-01 -1.164117e-02 -2.035101e-01
vertex -3.192985e-01 -2.933116e-02 -1.684929e-01
endloop
endfacet
facet normal 0 0 0
outer loop
vertex -3.192985e-01 -2.933116e-02 -1.684929e-01
vertex -2.962363e-01 -1.164117e-02 -2.035101e-01
vertex -2.986363e-01 -4.565792e-02 -2.178338e-01
endloop
endfacet
facet normal 0 0 0
outer loop
vertex -3.239672e-01 -7.498252e-02 -2.028790e-01
vertex -3.192985e-01 -2.933116e-02 -1.684929e-01
vertex -2.986363e-01 -4.565792e-02 -2.178338e-01
endloop
endfacet
facet normal 0 0 0
outer loop
vertex -3.036237e-01 -7.505301e-02 -2.648485e-01
vertex -3.239672e-01 -7.498252e-02 -2.028790e-01
vertex -2.986363e-01 -4.565792e-02 -2.178338e-01
endloop
endfacet
facet normal 0 0 0
outer loop
vertex -3.065112e-01 -2.367435e-02 -2.574495e-01
vertex -3.036237e-01 -7.505301e-02 -2.648485e-01
vertex -2.986363e-01 -4.565792e-02 -2.178338e-01
endloop
endfacet
facet normal 0 0 0
outer loop
vertex -3.239672e-01 -7.498252e-02 -2.028790e-01
vertex -3.036237e-01 -7.505301e-02 -2.648485e-01
vertex -2.948489e-01 -1.183835e-01 -2.503576e-01
endloop
endfacet
facet normal 0 0 0
outer loop
vertex -3.239672e-01 -7.498252e-02 -2.028790e-01
vertex -2.948489e-01 -1.183835e-01 -2.503576e-01
vertex -2.958613e-01 -1.233314e-01 -1.746217e-01
endloop
endfacet
facet normal 0 0 0
outer loop
vertex -3.295171e-01 -5.889240e-02 -1.005655e-01
vertex -3.239672e-01 -7.498252e-02 -2.028790e-01
vertex -2.958613e-01 -1.233314e-01 -1.746217e-01
endloop
endfacet
facet normal 0 0 0
outer loop
vertex -2.948489e-01 -1.183835e-01 -2.503576e-01
vertex -2.380747e-01 -1.721001e-01 -2.506706e-01
vertex -2.958613e-01 -1.233314e-01 -1.746217e-01
endloop
endfacet
facet normal 0 0 0
outer loop
vertex -2.958613e-01 -1.233314e-01 -1.746217e-01
vertex -2.380747e-01 -1.721001e-01 -2.506706e-01
vertex -2.523057e-01 -1.548493e-01 -1.440396e-01
endloop
endfacet
facet normal 0 0 0
outer loop
vertex -2.926176e-01 -1.247291e-01 -8.915788e-02
vertex -2.958613e-01 -1.233314e-01 -1.746217e-01
vertex -2.523057e-01 -1.548493e-01 -1.440396e-01
endloop
endfacet
facet normal 0 0 0
outer loop
vertex -2.523057e-01 -1.548493e-01 -1.440396e-01
vertex -2.380747e-01 -1.721001e-01 -2.506706e-01
vertex -1.959440e-01 -1.465569e-01 -1.728894e-01
endloop
endfacet
facet normal 0 0 0
outer loop
vertex -2.868990e-01 -1.294708e-01 -3.417637e-01
vertex -2.380747e-01 -1.721001e-01 -2.506706e-01
vertex -2.948489e-01 -1.183835e-01 -2.503576e-01
endloop
endfacet
facet normal 0 0 0
outer loop
vertex -3.036237e-01 -7.505301e-02 -2.648485e-01
vertex -2.868990e-01 -1.294708e-01 -3.417637e-01
vertex -2.948489e-01 -1.183835e-01 -2.503576e-01
endloop
endfacet
facet normal 0 0 0
outer loop
vertex -3.239672e-01 -7.498252e-02 -2.028790e-01
vertex -3.295171e-01 -5.889240e-02 -1.005655e-01
vertex -3.192985e-01 -2.933116e-02 -1.684929e-01
endloop
endfacet
facet normal 0 0 0
outer loop
vertex -2.986363e-01 -4.565792e-02 -2.178338e-01
vertex -2.962363e-01 -1.164117e-02 -2.035101e-01
vertex -3.065112e-01 -2.367435e-02 -2.574495e-01
endloop
endfacet
facet normal 0 0 0
outer loop
vertex -3.123236e-01 1.657551e-02 -2.158766e-01
vertex -2.962363e-01 -1.164117e-02 -2.035101e-01
vertex -3.169548e-01 1.106687e-02 -1.581141e-01
endloop
endfacet
facet normal 0 0 0
outer loop
vertex -3.295171e-01 -5.889240e-02 -1.005655e-01
vertex -3.311296e-01 -5.553720e-03 -1.113721e-01
vertex -3.192985e-01 -2.933116e-02 -1.684929e-01
endloop
endfacet
facet normal 0 0 0
outer loop
vertex -3.237047e-01 -3.348284e-02 -2.179467e-02
vertex -3.211735e-01 -1.189008e-02 3.624520e-02
vertex -3.380482e-01 8.436695e-03 -3.201918e-02
endloop
endfacet
facet normal 0 0 0
outer loop
vertex -3.211735e-01 -1.189008e-02 3.624520e-02
vertex -3.447981e-01 5.832006e-02 7.258457e-02
vertex -3.380482e-01 8.436695e-03 -3.201918e-02
endloop
endfacet
facet normal 0 0 0
outer loop
vertex -3.380482e-01 8.436695e-03 -3.201918e-02
vertex -3.447981e-01 5.832006e-02 7.258457e-02
vertex -3.628916e-01 6.788921e-02 -1.878871e-02
endloop
endfacet
facet normal 0 0 0
outer loop
vertex -2.926176e-01 -1.247291e-01 -8.915788e-02
vertex -3.295171e-01 -5.889240e-02 -1.005655e-01
vertex -2.958613e-01 -1.233314e-01 -1.746217e-01
endloop
endfacet
facet normal 0 0 0
outer loop
vertex -2.553057e-01 -1.358579e-01 -9.346244e-02
vertex -2.926176e-01 -1.247291e-01 -8.915788e-02
vertex -2.523057e-01 -1.548493e-01 -1.440396e-01
endloop
endfacet
facet normal 0 0 0
outer loop
vertex -2.228124e-01 -1.249624e-01 -1.016044e-01
vertex -2.553057e-01 -1.358579e-01 -9.346244e-02
vertex -2.523057e-01 -1.548493e-01 -1.440396e-01
endloop
endfacet
facet normal 0 0 0
outer loop
vertex -2.515557e-01 -1.148119e-01 -4.637898e-02
vertex -2.342685e-01 -8.742153e-02 2.020926e-02
vertex -2.954864e-01 -7.135655e-02 -1.675069e-03
endloop
endfacet
facet normal 0 0 0
outer loop
vertex -3.211735e-01 -1.189008e-02 3.624520e-02
vertex -3.237047e-01 -3.348284e-02 -2.179467e-02
vertex -2.954864e-01 -7.135655e-02 -1.675069e-03
endloop
endfacet
facet normal 0 0 0
outer loop
vertex -3.059487e-01 7.514422e-03 1.091621e-01
vertex -3.447981e-01 5.832006e-02 7.258457e-02
vertex -3.211735e-01 -1.189008e-02 3.624520e-02
endloop
endfacet
facet normal 0 0 0
outer loop
vertex -2.758554e-01 -2.559193e-02 1.276262e-01
vertex -2.977738e-01 -3.630587e-02 7.405111e-02
vertex -2.635368e-01 -6.647239e-02 8.006550e-02
endloop
endfacet
facet normal 0 0 0
outer loop
vertex -2.758554e-01 -2.559193e-02 1.276262e-01
vertex -2.474495e-01 -5.762536e-03 1.613286e-01
vertex -2.752741e-01 1.300254e-02 1.653711e-01
endloop
endfacet
facet normal 0 0 0
outer loop
vertex -3.132798e-01 4.712782e-02 1.630953e-01
vertex -3.447981e-01 5.832006e-02 7.258457e-02
vertex -3.059487e-01 7.514422e-03 1.091621e-01
endloop
endfacet
facet normal 0 0 0
outer loop
vertex -2.752741e-01 1.300254e-02 1.653711e-01
vertex -2.483683e-01 -9.093076e-03 2.318298e-01
vertex -2.865240e-01 3.172147e-02 2.013055e-01
endloop
endfacet
facet normal 0 0 0
outer loop
vertex -2.865240e-01 3.172147e-02 2.013055e-01
vertex -2.483683e-01 -9.093076e-03 2.318298e-01
vertex -3.153423e-01 6.938494e-02 2.444965e-01
endloop
endfacet
facet normal 0 0 0
outer loop
vertex -3.429044e-01 1.074070e-01 1.682494e-01
vertex -3.447981e-01 5.832006e-02 7.258457e-02
vertex -3.132798e-01 4.712782e-02 1.630953e-01
endloop
endfacet
facet normal 0 0 0
outer loop
vertex -3.755102e-01 1.334368e-01 1.083989e-01
vertex -3.447981e-01 5.832006e-02 7.258457e-02
vertex -3.429044e-01 1.074070e-01 1.682494e-01
endloop
endfacet
facet normal 0 0 0
outer loop
vertex -3.945974e-01 1.087121e-01 3.604915e-02
vertex -3.447981e-01 5.832006e-02 7.258457e-02
vertex -3.755102e-01 1.334368e-01 1.083989e-01
endloop
endfacet
facet normal 0 0 0
outer loop
vertex -3.755102e-01 1.334368e-01 1.083989e-01
vertex -3.791664e-01 1.941927e-01 1.102302e-01
vertex -3.956474e-01 1.687133e-01 5.727192e-02
endloop
endfacet
facet normal 0 0 0
outer loop
vertex -3.367545e-01 1.763193e-01 1.564413e-01
vertex -3.216422e-01 1.696565e-01 2.429056e-01
vertex -2.994238e-01 2.271313e-01 1.855083e-01
endloop
endfacet
facet normal 0 0 0
outer loop
vertex -3.334921e-01 2.355599e-01 1.189539e-01
vertex -2.528870e-01 2.662311e-01 1.184912e-01
vertex -3.017863e-01 2.431806e-01 4.209058e-02
endloop
endfacet
facet normal 0 0 0
outer loop
vertex -2.755929e-01 2.265805e-01 2.461245e-01
vertex -2.481433e-01 2.563140e-01 2.037365e-01
vertex -2.994238e-01 2.271313e-01 1.855083e-01
endloop
endfacet
facet normal 0 0 0
outer loop
vertex -2.787616e-01 2.136561e-01 3.179271e-01
vertex -1.958315e-01 2.566061e-01 3.444156e-01
vertex -2.089001e-01 2.469639e-01 2.638243e-01
endloop
endfacet
facet normal 0 0 0
outer loop
vertex -2.089001e-01 2.469639e-01 2.638243e-01
vertex -1.958315e-01 2.566061e-01 3.444156e-01
vertex -1.630008e-01 2.575324e-01 2.968512e-01
endloop
endfacet
facet normal 0 0 0
outer loop
vertex -1.245263e-01 2.528191e-01 2.501618e-01
vertex -2.089001e-01 2.469639e-01 2.638243e-01
vertex -1.630008e-01 2.575324e-01 2.968512e-01
endloop
endfacet
facet normal 0 0 0
outer loop
vertex -1.253513e-01 2.714634e-01 3.259417e-01
vertex -1.245263e-01 2.528191e-01 2.501618e-01
vertex -1.630008e-01 2.575324e-01 2.968512e-01
endloop
endfacet
facet normal 0 0 0
outer loop
vertex -1.958315e-01 2.566061e-01 3.444156e-01
vertex -1.253513e-01 2.714634e-01 3.259417e-01
vertex -1.630008e-01 2.575324e-01 2.968512e-01
endloop
endfacet
facet normal 0 0 0
outer loop
vertex -3.216422e-01 1.696565e-01 2.429056e-01
vertex -2.755929e-01 2.265805e-01 2.461245e-01
vertex -2.994238e-01 2.271313e-01 1.855083e-01
endloop
endfacet
facet normal 0 0 0
outer loop
vertex -3.131861e-01 1.308113e-01 3.317691e-01
vertex -3.216422e-01 1.696565e-01 2.429056e-01
vertex -3.153423e-01 6.938494e-02 2.444965e-01
endloop
endfacet
facet normal 0 0 0
outer loop
vertex -3.131861e-01 1.308113e-01 3.317691e-01
vertex -2.928426e-01 1.024921e-01 3.867380e-01
vertex -2.710930e-01 1.671425e-01 4.090965e-01
endloop
endfacet
facet normal 0 0 0
outer loop
vertex -1.774381e-01 2.269424e-01 4.283237e-01
vertex -2.710930e-01 1.671425e-01 4.090965e-01
vertex -2.087313e-01 1.732620e-01 4.562471e-01
endloop
endfacet
facet normal 0 0 0
outer loop
vertex -1.958315e-01 2.566061e-01 3.444156e-01
vertex -2.787616e-01 2.136561e-01 3.179271e-01
vertex -2.365372e-01 2.250664e-01 3.825950e-01
endloop
endfacet
facet normal 0 0 0
outer loop
vertex -1.087015e-01 2.713589e-01 4.024637e-01
vertex -1.774381e-01 2.269424e-01 4.283237e-01
vertex -1.198201e-01 2.464432e-01 4.509459e-01
endloop
endfacet
facet normal 0 0 0
outer loop
vertex -1.253513e-01 2.714634e-01 3.259417e-01
vertex -1.958315e-01 2.566061e-01 3.444156e-01
vertex -1.539634e-01 2.643889e-01 3.771589e-01
endloop
endfacet
facet normal 0 0 0
outer loop
vertex -5.449607e-02 2.744960e-01 3.321247e-01
vertex -1.087015e-01 2.713589e-01 4.024637e-01
vertex -4.472746e-02 2.716380e-01 4.036176e-01
endloop
endfacet
facet normal 0 0 0
outer loop
vertex -3.664633e-02 2.635646e-01 2.399511e-01
vertex -5.449607e-02 2.744960e-01 3.321247e-01
vertex 5.128041e-03 2.727560e-01 3.031355e-01
endloop
endfacet
facet normal 0 0 0
outer loop
vertex -1.245263e-01 2.528191e-01 2.501618e-01
vertex -1.253513e-01 2.714634e-01 3.259417e-01
vertex -8.520813e-02 2.664641e-01 2.886416e-01
endloop
endfacet
facet normal 0 0 0
outer loop
vertex -8.155194e-02 2.528535e-01 1.441079e-01
vertex -3.664633e-02 2.635646e-01 2.399511e-01
vertex -4.396810e-03 2.615213e-01 1.549877e-01
endloop
endfacet
facet normal 0 0 0
outer loop
vertex -1.799693e-01 2.623520e-01 1.787864e-01
vertex -2.089001e-01 2.469639e-01 2.638243e-01
vertex -1.245263e-01 2.528191e-01 2.501618e-01
endloop
endfacet
facet normal 0 0 0
outer loop
vertex -1.517509e-01 2.574755e-01 7.096843e-02
vertex -2.528870e-01 2.662311e-01 1.184912e-01
vertex -1.799693e-01 2.623520e-01 1.787864e-01
endloop
endfacet
facet normal 0 0 0
outer loop
vertex -2.279873e-01 2.226645e-01 9.189866e-03
vertex -2.528870e-01 2.662311e-01 1.184912e-01
vertex -1.517509e-01 2.574755e-01 7.096843e-02
endloop
endfacet
facet normal 0 0 0
outer loop
vertex -3.000893e-02 2.621585e-01 2.000645e-02
vertex -8.155194e-02 2.528535e-01 1.441079e-01
vertex -1.872160e-02 2.672277e-01 9.991489e-02
endloop
endfacet
facet normal 0 0 0
outer loop
vertex -1.247888e-01 2.048774e-01 -4.573583e-02
vertex -2.279873e-01 2.226645e-01 9.189866e-03
vertex -1.517509e-01 2.574755e-01 7.096843e-02
endloop
endfacet
facet normal 0 0 0
outer loop
vertex 1.367137e-01 2.744175e-01 -4.664115e-02
vertex -3.000893e-02 2.621585e-01 2.000645e-02
vertex 4.707118e-02 2.745517e-01 8.446444e-02
endloop
endfacet
facet normal 0 0 0
outer loop
vertex 1.621195e-01 2.327857e-01 -2.262291e-01
vertex 1.367137e-01 2.744175e-01 -4.664115e-02
vertex 2.175625e-01 2.485656e-01 -1.440943e-01
endloop
endfacet
facet normal 0 0 0
outer loop
vertex -1.247888e-01 2.048774e-01 -4.573583e-02
vertex 3.234358e-03 2.227253e-01 -1.357357e-01
vertex -1.247888e-01 1.507419e-01 -1.838618e-01
endloop
endfacet
facet normal 0 0 0
outer loop
vertex 1.656258e-01 2.148203e-01 -3.930189e-01
vertex 9.534239e-03 1.847673e-01 -3.013515e-01
vertex 1.621195e-01 2.327857e-01 -2.262291e-01
endloop
endfacet
facet normal 0 0 0
outer loop
vertex 1.656258e-01 2.148203e-01 -3.930189e-01
vertex 2.649993e-01 2.080399e-01 -4.336203e-01
vertex 2.331810e-01 1.235877e-01 -4.701954e-01
endloop
endfacet
facet normal 0 0 0
outer loop
vertex 3.426044e-01 1.156289e-02 -4.601920e-01
vertex 1.764069e-01 -1.700299e-03 -4.799514e-01
vertex 2.331810e-01 1.235877e-01 -4.701954e-01
endloop
endfacet
facet normal 0 0 0
outer loop
vertex 4.545873e-02 -2.419577e-02 -4.813428e-01
vertex -7.708949e-02 3.145815e-02 -4.722093e-01
vertex 7.097711e-02 1.115687e-01 -4.571618e-01
endloop
endfacet
facet normal 0 0 0
outer loop
vertex 2.543119e-01 -1.140113e-01 -4.701368e-01
vertex 1.764069e-01 -1.700299e-03 -4.799514e-01
vertex 3.426044e-01 1.156289e-02 -4.601920e-01
endloop
endfacet
facet normal 0 0 0
outer loop
vertex 2.543119e-01 -1.140113e-01 -4.701368e-01
vertex 2.816303e-01 -1.841871e-01 -3.570541e-01
vertex 1.923066e-01 -2.354648e-01 -4.407595e-01
endloop
endfacet
facet normal 0 0 0
outer loop
vertex 1.029079e-01 -1.416918e-01 -5.000000e-01
vertex 8.430814e-02 -2.420428e-01 -4.279005e-01
vertex 4.603051e-03 -2.194404e-01 -4.685980e-01
endloop
endfacet
facet normal 0 0 0
outer loop
vertex 8.615507e-03 -2.235398e-01 -3.605397e-01
vertex 8.430814e-02 -2.420428e-01 -4.279005e-01
vertex 7.939576e-02 -2.374958e-01 -3.551561e-01
endloop
endfacet
facet normal 0 0 0
outer loop
vertex 5.790858e-02 -2.448792e-01 -2.955221e-01
vertex 8.615507e-03 -2.235398e-01 -3.605397e-01
vertex 7.939576e-02 -2.374958e-01 -3.551561e-01
endloop
endfacet
facet normal 0 0 0
outer loop
vertex 1.109890e-01 -2.337809e-01 -3.186920e-01
vertex 5.790858e-02 -2.448792e-01 -2.955221e-01
vertex 7.939576e-02 -2.374958e-01 -3.551561e-01
endloop
endfacet
facet normal 0 0 0
outer loop
vertex 1.892692e-01 -2.293379e-01 -3.414572e-01
vertex 1.456573e-01 -2.315261e-01 -3.340357e-01
vertex 1.344074e-01 -2.499785e-01 -3.691148e-01
endloop
endfacet
facet normal 0 0 0
outer loop
vertex 2.073251e-01 -1.826252e-01 -2.657418e-01
vertex 1.382699e-01 -2.055222e-01 -2.170398e-01
vertex 1.483948e-01 -2.167202e-01 -2.927693e-01
endloop
endfacet
facet normal 0 0 0
outer loop
vertex 2.816303e-01 -1.841871e-01 -3.570541e-01
vertex 1.892692e-01 -2.293379e-01 -3.414572e-01
vertex 1.923066e-01 -2.354648e-01 -4.407595e-01
endloop
endfacet
facet normal 0 0 0
outer loop
vertex 2.694242e-01 -1.443059e-01 -2.705935e-01
vertex 2.816303e-01 -1.841871e-01 -3.570541e-01
vertex 3.032300e-01 -9.540889e-02 -3.041412e-01
endloop
endfacet
facet normal 0 0 0
outer loop
vertex 2.442246e-01 -1.390272e-01 -1.985575e-01
vertex 2.694242e-01 -1.443059e-01 -2.705935e-01
vertex 2.855490e-01 -1.002815e-01 -2.319485e-01
endloop
endfacet
facet normal 0 0 0
outer loop
vertex 1.886879e-01 -1.775628e-01 -1.698494e-01
vertex 1.382699e-01 -2.055222e-01 -2.170398e-01
vertex 2.073251e-01 -1.826252e-01 -2.657418e-01
endloop
endfacet
facet normal 0 0 0
outer loop
vertex 2.186312e-01 -1.271488e-01 -8.933505e-02
vertex 2.442246e-01 -1.390272e-01 -1.985575e-01
vertex 2.743929e-01 -8.394544e-02 -1.571300e-01
endloop
endfacet
facet normal 0 0 0
outer loop
vertex 1.642570e-01 -1.816400e-01 -9.123184e-02
vertex 2.186312e-01 -1.271488e-01 -8.933505e-02
vertex 1.561196e-01 -1.486589e-01 -2.034226e-02
endloop
endfacet
facet normal 0 0 0
outer loop
vertex 1.376699e-01 -2.073094e-01 -1.385121e-01
vertex 1.382699e-01 -2.055222e-01 -2.170398e-01
vertex 1.886879e-01 -1.775628e-01 -1.698494e-01
endloop
endfacet
facet normal 0 0 0
outer loop
vertex 1.300763e-01 -1.998118e-01 -9.150163e-02
vertex 1.642570e-01 -1.816400e-01 -9.123184e-02
vertex 1.171765e-01 -1.831582e-01 -4.668957e-02
endloop
endfacet
facet normal 0 0 0
outer loop
vertex 9.574549e-02 -1.929362e-01 -9.775595e-02
vertex 1.300763e-01 -1.998118e-01 -9.150163e-02
vertex 1.171765e-01 -1.831582e-01 -4.668957e-02
endloop
endfacet
facet normal 0 0 0
outer loop
vertex 3.482760e-02 -1.819185e-01 -1.067754e-01
vertex 9.574549e-02 -1.929362e-01 -9.775595e-02
vertex 6.132101e-02 -1.665425e-01 -3.469158e-02
endloop
endfacet
facet normal 0 0 0
outer loop
vertex 9.051432e-02 -1.956118e-01 -1.616539e-01
vertex 1.382699e-01 -2.055222e-01 -2.170398e-01
vertex 1.376699e-01 -2.073094e-01 -1.385121e-01
endloop
endfacet
facet normal 0 0 0
outer loop
vertex 1.483948e-01 -2.167202e-01 -2.927693e-01
vertex 1.382699e-01 -2.055222e-01 -2.170398e-01
vertex 1.011642e-01 -2.274924e-01 -2.627292e-01
endloop
endfacet
facet normal 0 0 0
outer loop
vertex 5.790858e-02 -2.448792e-01 -2.955221e-01
vertex 1.109890e-01 -2.337809e-01 -3.186920e-01
vertex 1.011642e-01 -2.274924e-01 -2.627292e-01
endloop
endfacet
facet normal 0 0 0
outer loop
vertex 3.253097e-03 -2.540381e-01 -2.736436e-01
vertex 5.790858e-02 -2.448792e-01 -2.955221e-01
vertex 3.475265e-02 -2.570862e-01 -2.472584e-01
endloop
endfacet
facet normal 0 0 0
outer loop
vertex 7.040536e-03 -2.639725e-01 -2.194670e-01
vertex 3.253097e-03 -2.540381e-01 -2.736436e-01
vertex 3.475265e-02 -2.570862e-01 -2.472584e-01
endloop
endfacet
facet normal 0 0 0
outer loop
vertex 4.791495e-02 -2.161949e-01 -1.844448e-01
vertex 6.025229e-02 -2.361447e-01 -2.370436e-01
vertex 8.792685e-02 -2.166535e-01 -2.135962e-01
endloop
endfacet
facet normal 0 0 0
outer loop
vertex 7.040536e-03 -2.639725e-01 -2.194670e-01
vertex 3.475265e-02 -2.570862e-01 -2.472584e-01
vertex 2.952149e-02 -2.435847e-01 -2.095152e-01
endloop
endfacet
facet normal 0 0 0
outer loop
vertex 4.791495e-02 -2.161949e-01 -1.844448e-01
vertex 3.482760e-02 -1.819185e-01 -1.067754e-01
vertex -5.709285e-03 -2.327128e-01 -1.591616e-01
endloop
endfacet
facet normal 0 0 0
outer loop
vertex 5.353058e-03 -1.537779e-01 -2.592182e-02
vertex 3.482760e-02 -1.819185e-01 -1.067754e-01
vertex 6.132101e-02 -1.665425e-01 -3.469158e-02
endloop
endfacet
facet normal 0 0 0
outer loop
vertex -3.473387e-02 -1.542883e-01 1.452778e-02
vertex -9.617674e-02 -1.698687e-01 2.877436e-02
vertex -3.895253e-02 -1.988820e-01 -5.696840e-02
endloop
endfacet
facet normal 0 0 0
outer loop
vertex -3.895253e-02 -1.988820e-01 -5.696840e-02
vertex -9.617674e-02 -1.698687e-01 2.877436e-02
vertex -1.162577e-01 -2.298659e-01 -4.906855e-02
endloop
endfacet
facet normal 0 0 0
outer loop
vertex -1.162577e-01 -2.298659e-01 -4.906855e-02
vertex -9.617674e-02 -1.698687e-01 2.877436e-02
vertex -1.321012e-01 -1.553772e-01 -3.340625e-02
endloop
endfacet
facet normal 0 0 0
outer loop
vertex -6.065549e-03 -1.391788e-01 1.568640e-02
vertex 5.353058e-03 -1.537779e-01 -2.592182e-02
vertex 2.220903e-02 -1.452630e-01 2.799020e-02
endloop
endfacet
facet normal 0 0 0
outer loop
vertex -1.504664e-02 -1.325896e-01 4.953293e-02
vertex -6.065549e-03 -1.391788e-01 1.568640e-02
vertex 2.220903e-02 -1.452630e-01 2.799020e-02
endloop
endfacet
facet normal 0 0 0
outer loop
vertex -5.340857e-02 -1.412103e-01 7.658920e-02
vertex -9.617674e-02 -1.698687e-01 2.877436e-02
vertex -3.473387e-02 -1.542883e-01 1.452778e-02
endloop
endfacet
facet normal 0 0 0
outer loop
vertex 2.596859e-03 -1.248455e-01 1.160070e-01
vertex -1.504664e-02 -1.325896e-01 4.953293e-02
vertex 2.220903e-02 -1.452630e-01 2.799020e-02
endloop
endfacet
facet normal 0 0 0
outer loop
vertex -8.560187e-02 -1.120672e-01 1.354896e-01
vertex 2.596859e-03 -1.248455e-01 1.160070e-01
vertex -4.776493e-02 -1.006461e-01 1.845489e-01
endloop
endfacet
facet normal 0 0 0
outer loop
vertex -9.285800e-02 -1.421759e-01 8.805633e-02
vertex -9.617674e-02 -1.698687e-01 2.877436e-02
vertex -5.340857e-02 -1.412103e-01 7.658920e-02
endloop
endfacet
facet normal 0 0 0
outer loop
vertex -1.325887e-01 -1.270870e-01 8.981458e-02
vertex -9.617674e-02 -1.698687e-01 2.877436e-02
vertex -9.285800e-02 -1.421759e-01 8.805633e-02
endloop
endfacet
facet normal 0 0 0
outer loop
vertex -1.684382e-01 -7.873087e-02 1.589452e-01
vertex -8.560187e-02 -1.120672e-01 1.354896e-01
vertex -1.006017e-01 -8.964784e-02 2.153394e-01
endloop
endfacet
facet normal 0 0 0
outer loop
vertex -1.488072e-01 -7.283939e-02 7.069078e-02
vertex -1.684382e-01 -7.873087e-02 1.589452e-01
vertex -2.063876e-01 -7.638104e-02 8.385140e-02
endloop
endfacet
facet normal 0 0 0
outer loop
vertex -1.358699e-01 -1.160593e-01 2.939065e-02
vertex -9.617674e-02 -1.698687e-01 2.877436e-02
vertex -1.325887e-01 -1.270870e-01 8.981458e-02
endloop
endfacet
facet normal 0 0 0
outer loop
vertex -1.477572e-01 -8.064426e-02 2.475783e-02
vertex -1.488072e-01 -7.283939e-02 7.069078e-02
vertex -1.815818e-01 -6.607929e-02 2.021316e-02
endloop
endfacet
facet normal 0 0 0
outer loop
vertex -1.519947e-01 -9.836125e-02 -1.930294e-02
vertex -1.477572e-01 -8.064426e-02 2.475783e-02
vertex -1.815818e-01 -6.607929e-02 2.021316e-02
endloop
endfacet
facet normal 0 0 0
outer loop
vertex -1.321012e-01 -1.553772e-01 -3.340625e-02
vertex -9.617674e-02 -1.698687e-01 2.877436e-02
vertex -1.358699e-01 -1.160593e-01 2.939065e-02
endloop
endfacet
facet normal 0 0 0
outer loop
vertex -1.576758e-01 -1.327056e-01 -1.020776e-01
vertex -1.519947e-01 -9.836125e-02 -1.930294e-02
vertex -2.015877e-01 -9.929235e-02 -3.773942e-02
endloop
endfacet
facet normal 0 0 0
outer loop
vertex -1.162577e-01 -2.298659e-01 -4.906855e-02
vertex -1.321012e-01 -1.553772e-01 -3.340625e-02
vertex -1.396011e-01 -1.969734e-01 -9.982745e-02
endloop
endfacet
facet normal 0 0 0
outer loop
vertex -7.198957e-02 -2.535690e-01 -1.266737e-01
vertex -3.895253e-02 -1.988820e-01 -5.696840e-02
vertex -1.162577e-01 -2.298659e-01 -4.906855e-02
endloop
endfacet
facet normal 0 0 0
outer loop
vertex -1.027204e-01 -2.502674e-01 -1.457147e-01
vertex -1.196514e-01 -2.425402e-01 -1.157124e-01
vertex -1.141765e-01 -2.211906e-01 -1.625167e-01
endloop
endfacet
facet normal 0 0 0
outer loop
vertex -1.141765e-01 -2.211906e-01 -1.625167e-01
vertex -1.178327e-01 -1.864830e-01 -2.060651e-01
vertex -8.552688e-02 -2.271418e-01 -2.407857e-01
endloop
endfacet
facet normal 0 0 0
outer loop
vertex -1.178327e-01 -1.864830e-01 -2.060651e-01
vertex -1.098078e-01 -1.758096e-01 -2.668764e-01
vertex -8.552688e-02 -2.271418e-01 -2.407857e-01
endloop
endfacet
facet normal 0 0 0
outer loop
vertex -9.013932e-02 -2.567762e-01 -1.795022e-01
vertex -4.262750e-02 -2.742457e-01 -2.158813e-01
vertex -7.198957e-02 -2.535690e-01 -1.266737e-01
endloop
endfacet
facet normal 0 0 0
outer loop
vertex 7.040536e-03 -2.639725e-01 -2.194670e-01
vertex -4.262750e-02 -2.742457e-01 -2.158813e-01
vertex 3.253097e-03 -2.540381e-01 -2.736436e-01
endloop
endfacet
facet normal 0 0 0
outer loop
vertex 8.615507e-03 -2.235398e-01 -3.605397e-01
vertex 5.790858e-02 -2.448792e-01 -2.955221e-01
vertex 3.253097e-03 -2.540381e-01 -2.736436e-01
endloop
endfacet
facet normal 0 0 0
outer loop
vertex -8.552688e-02 -2.271418e-01 -2.407857e-01
vertex -8.070821e-02 -2.151347e-01 -3.431270e-01
vertex -4.341498e-02 -2.503372e-01 -2.922958e-01
endloop
endfacet
facet normal 0 0 0
outer loop
vertex 4.603051e-03 -2.194404e-01 -4.685980e-01
vertex 8.430814e-02 -2.420428e-01 -4.279005e-01
vertex 8.615507e-03 -2.235398e-01 -3.605397e-01
endloop
endfacet
facet normal 0 0 0
outer loop
vertex -4.298373e-02 -2.169756e-01 -4.170914e-01
vertex -8.070821e-02 -2.151347e-01 -3.431270e-01
vertex -8.428940e-02 -1.942247e-01 -4.354246e-01
endloop
endfacet
facet normal 0 0 0
outer loop
vertex -5.085862e-02 -1.259401e-01 -4.916729e-01
vertex 4.603051e-03 -2.194404e-01 -4.685980e-01
vertex -5.582732e-02 -2.066644e-01 -4.702270e-01
endloop
endfacet
facet normal 0 0 0
outer loop
vertex -7.708949e-02 3.145815e-02 -4.722093e-01
vertex 4.545873e-02 -2.419577e-02 -4.813428e-01
vertex -5.085862e-02 -1.259401e-01 -4.916729e-01
endloop
endfacet
facet normal 0 0 0
outer loop
vertex -1.958128e-01 5.416555e-02 -4.655302e-01
vertex -1.411573e-01 1.094958e-01 -4.082318e-01
vertex -7.708949e-02 3.145815e-02 -4.722093e-01
endloop
endfacet
facet normal 0 0 0
outer loop
vertex -2.194187e-01 1.299466e-01 -4.095269e-01
vertex -1.411573e-01 1.094958e-01 -4.082318e-01
vertex -1.958128e-01 5.416555e-02 -4.655302e-01
endloop
endfacet
facet normal 0 0 0
outer loop
vertex -1.958128e-01 5.416555e-02 -4.655302e-01
vertex -2.582494e-01 8.437160e-03 -4.719727e-01
vertex -2.750866e-01 7.678182e-02 -4.354837e-01
endloop
endfacet
facet normal 0 0 0
outer loop
vertex -3.216047e-01 2.331004e-02 -4.444295e-01
vertex -2.582494e-01 8.437160e-03 -4.719727e-01
vertex -2.984488e-01 -3.721846e-02 -4.803416e-01
endloop
endfacet
facet normal 0 0 0
outer loop
vertex -3.279421e-01 6.732160e-02 -3.819455e-01
vertex -3.475918e-01 1.700190e-02 -3.896250e-01
vertex -3.336796e-01 3.105379e-02 -3.292185e-01
endloop
endfacet
facet normal 0 0 0
outer loop
vertex -2.750866e-01 7.678182e-02 -4.354837e-01
vertex -2.582494e-01 8.437160e-03 -4.719727e-01
vertex -3.216047e-01 2.331004e-02 -4.444295e-01
endloop
endfacet
facet normal 0 0 0
outer loop
vertex -2.900490e-01 1.329855e-01 -3.555165e-01
vertex -3.279421e-01 6.732160e-02 -3.819455e-01
vertex -3.213422e-01 8.673704e-02 -3.020848e-01
endloop
endfacet
facet normal 0 0 0
outer loop
vertex -2.194187e-01 1.299466e-01 -4.095269e-01
vertex -1.958128e-01 5.416555e-02 -4.655302e-01
vertex -2.750866e-01 7.678182e-02 -4.354837e-01
endloop
endfacet
facet normal 0 0 0
outer loop
vertex -2.264311e-01 1.633617e-01 -3.417591e-01
vertex -2.900490e-01 1.329855e-01 -3.555165e-01
vertex -2.594494e-01 1.689186e-01 -2.824240e-01
endloop
endfacet
facet normal 0 0 0
outer loop
vertex -2.264311e-01 1.633617e-01 -3.417591e-01
vertex -2.594494e-01 1.689186e-01 -2.824240e-01
vertex -2.080564e-01 1.759175e-01 -2.899123e-01
endloop
endfacet
facet normal 0 0 0
outer loop
vertex -1.782255e-01 1.470402e-01 -3.546719e-01
vertex -1.411573e-01 1.094958e-01 -4.082318e-01
vertex -2.194187e-01 1.299466e-01 -4.095269e-01
endloop
endfacet
facet normal 0 0 0
outer loop
vertex -1.767443e-01 1.540407e-01 -3.102225e-01
vertex -1.276575e-01 1.201032e-01 -3.116098e-01
vertex -1.782255e-01 1.470402e-01 -3.546719e-01
endloop
endfacet
facet normal 0 0 0
outer loop
vertex -1.950066e-01 1.665309e-01 -3.266375e-01
vertex -2.264311e-01 1.633617e-01 -3.417591e-01
vertex -2.080564e-01 1.759175e-01 -2.899123e-01
endloop
endfacet
facet normal 0 0 0
outer loop
vertex -1.755631e-01 1.531831e-01 -2.596465e-01
vertex -1.276575e-01 1.201032e-01 -3.116098e-01
vertex -1.767443e-01 1.540407e-01 -3.102225e-01
endloop
endfacet
facet normal 0 0 0
outer loop
vertex -2.594494e-01 1.689186e-01 -2.824240e-01
vertex -2.249499e-01 1.813711e-01 -2.041185e-01
vertex -2.080564e-01 1.759175e-01 -2.899123e-01
endloop
endfacet
facet normal 0 0 0
outer loop
vertex -1.247888e-01 1.507419e-01 -1.838618e-01
vertex -1.276575e-01 1.201032e-01 -3.116098e-01
vertex -1.755631e-01 1.531831e-01 -2.596465e-01
endloop
endfacet
facet normal 0 0 0
outer loop
vertex -2.070064e-01 1.892758e-01 -9.891655e-02
vertex -1.247888e-01 2.048774e-01 -4.573583e-02
vertex -1.247888e-01 1.507419e-01 -1.838618e-01
endloop
endfacet
facet normal 0 0 0
outer loop
vertex -2.623181e-01 1.928497e-01 -1.273287e-01
vertex -2.249499e-01 1.813711e-01 -2.041185e-01
vertex -2.826803e-01 1.796678e-01 -1.715708e-01
endloop
endfacet
facet normal 0 0 0
outer loop
vertex -2.623181e-01 1.928497e-01 -1.273287e-01
vertex -3.171610e-01 1.683154e-01 -1.046105e-01
vertex -2.713742e-01 2.045270e-01 -5.462183e-02
endloop
endfacet
facet normal 0 0 0
outer loop
vertex -1.247888e-01 2.048774e-01 -4.573583e-02
vertex -2.070064e-01 1.892758e-01 -9.891655e-02
vertex -2.279873e-01 2.226645e-01 9.189866e-03
endloop
endfacet
facet normal 0 0 0
outer loop
vertex -3.017863e-01 2.431806e-01 4.209058e-02
vertex -2.528870e-01 2.662311e-01 1.184912e-01
vertex -2.279873e-01 2.226645e-01 9.189866e-03
endloop
endfacet
facet normal 0 0 0
outer loop
vertex -3.193922e-01 1.937841e-01 -8.014861e-03
vertex -2.799991e-01 2.151520e-01 -2.006621e-03
vertex -2.713742e-01 2.045270e-01 -5.462183e-02
endloop
endfacet
facet normal 0 0 0
outer loop
vertex -3.552230e-01 2.088059e-01 5.529548e-02
vertex -3.334921e-01 2.355599e-01 1.189539e-01
vertex -3.017863e-01 2.431806e-01 4.209058e-02
endloop
endfacet
facet normal 0 0 0
outer loop
vertex -3.193922e-01 1.937841e-01 -8.014861e-03
vertex -3.540605e-01 1.526710e-01 -3.320184e-02
vertex -3.609979e-01 1.730726e-01 1.875599e-02
endloop
endfacet
facet normal 0 0 0
outer loop
vertex -3.956474e-01 1.687133e-01 5.727192e-02
vertex -3.791664e-01 1.941927e-01 1.102302e-01
vertex -3.552230e-01 2.088059e-01 5.529548e-02
endloop
endfacet
facet normal 0 0 0
outer loop
vertex -3.540605e-01 1.526710e-01 -3.320184e-02
vertex -3.852788e-01 1.471721e-01 1.062164e-02
vertex -3.609979e-01 1.730726e-01 1.875599e-02
endloop
endfacet
facet normal 0 0 0
outer loop
vertex -3.945974e-01 1.087121e-01 3.604915e-02
vertex -3.755102e-01 1.334368e-01 1.083989e-01
vertex -3.956474e-01 1.687133e-01 5.727192e-02
endloop
endfacet
facet normal 0 0 0
outer loop
vertex -3.818664e-01 1.133918e-01 -2.902112e-02
vertex -3.852788e-01 1.471721e-01 1.062164e-02
vertex -3.540605e-01 1.526710e-01 -3.320184e-02
endloop
endfacet
facet normal 0 0 0
outer loop
vertex -3.628916e-01 6.788921e-02 -1.878871e-02
vertex -3.447981e-01 5.832006e-02 7.258457e-02
vertex -3.945974e-01 1.087121e-01 3.604915e-02
endloop
endfacet
facet normal 0 0 0
outer loop
vertex -3.553542e-01 1.169975e-01 -8.900664e-02
vertex -3.706165e-01 7.968076e-02 -7.524654e-02
vertex -3.818664e-01 1.133918e-01 -2.902112e-02
endloop
endfacet
facet normal 0 0 0
outer loop
vertex -3.420982e-01 4.038574e-02 -9.804448e-02
vertex -3.380482e-01 8.436695e-03 -3.201918e-02
vertex -3.628916e-01 6.788921e-02 -1.878871e-02
endloop
endfacet
facet normal 0 0 0
outer loop
vertex -3.706165e-01 7.968076e-02 -7.524654e-02
vertex -3.553542e-01 1.169975e-01 -8.900664e-02
vertex -3.592167e-01 7.095648e-02 -1.389214e-01
endloop
endfacet
facet normal 0 0 0
outer loop
vertex -3.169548e-01 1.106687e-02 -1.581141e-01
vertex -3.420982e-01 4.038574e-02 -9.804448e-02
vertex -3.384607e-01 3.418900e-02 -1.690803e-01
endloop
endfacet
facet normal 0 0 0
outer loop
vertex -3.361920e-01 1.107700e-01 -1.653528e-01
vertex -3.383482e-01 4.873720e-02 -2.339417e-01
vertex -3.592167e-01 7.095648e-02 -1.389214e-01
endloop
endfacet
facet normal 0 0 0
outer loop
vertex -3.123236e-01 1.657551e-02 -2.158766e-01
vertex -3.169548e-01 1.106687e-02 -1.581141e-01
vertex -3.384607e-01 3.418900e-02 -1.690803e-01
endloop
endfacet
facet normal 0 0 0
outer loop
vertex -3.299483e-01 -2.834321e-03 -2.584760e-01
vertex -3.383482e-01 4.873720e-02 -2.339417e-01
vertex -3.418544e-01 -9.439273e-04 -2.972459e-01
endloop
endfacet
facet normal 0 0 0
outer loop
vertex -3.326858e-01 -2.585936e-02 -2.823455e-01
vertex -3.299483e-01 -2.834321e-03 -2.584760e-01
vertex -3.418544e-01 -9.439273e-04 -2.972459e-01
endloop
endfacet
facet normal 0 0 0
outer loop
vertex -3.065112e-01 -2.367435e-02 -2.574495e-01
vertex -2.962363e-01 -1.164117e-02 -2.035101e-01
vertex -3.123236e-01 1.657551e-02 -2.158766e-01
endloop
endfacet
facet normal 0 0 0
outer loop
vertex -3.326858e-01 -2.585936e-02 -2.823455e-01
vertex -3.184735e-01 -1.164285e-02 -2.725876e-01
vertex -3.299483e-01 -2.834321e-03 -2.584760e-01
endloop
endfacet
facet normal 0 0 0
outer loop
vertex -3.182298e-01 -5.889222e-02 -3.095990e-01
vertex -3.036237e-01 -7.505301e-02 -2.648485e-01
vertex -3.065112e-01 -2.367435e-02 -2.574495e-01
endloop
endfacet
facet normal 0 0 0
outer loop
vertex -3.513793e-01 -3.994089e-02 -3.186096e-01
vertex -3.326858e-01 -2.585936e-02 -2.823455e-01
vertex -3.418544e-01 -9.439273e-04 -2.972459e-01
endloop
endfacet
facet normal 0 0 0
outer loop
vertex -3.513793e-01 -3.994089e-02 -3.186096e-01
vertex -3.610729e-01 -1.578109e-02 -3.551224e-01
vertex -3.491481e-01 -7.660662e-02 -3.658186e-01
endloop
endfacet
facet normal 0 0 0
outer loop
vertex -2.868990e-01 -1.294708e-01 -3.417637e-01
vertex -3.036237e-01 -7.505301e-02 -2.648485e-01
vertex -3.182298e-01 -5.889222e-02 -3.095990e-01
endloop
endfacet
facet normal 0 0 0
outer loop
vertex -3.574542e-01 -3.432189e-02 -4.278631e-01
vertex -3.118174e-01 -1.081330e-01 -4.477251e-01
vertex -3.491481e-01 -7.660662e-02 -3.658186e-01
endloop
endfacet
facet normal 0 0 0
outer loop
vertex -2.571994e-01 -1.894884e-01 -4.628886e-01
vertex -3.118174e-01 -1.081330e-01 -4.477251e-01
vertex -1.993003e-01 -7.454550e-02 -4.897462e-01
endloop
endfacet
facet normal 0 0 0
outer loop
vertex -2.260373e-01 -2.334431e-01 -3.655094e-01
vertex -2.380747e-01 -1.721001e-01 -2.506706e-01
vertex -2.868990e-01 -1.294708e-01 -3.417637e-01
endloop
endfacet
facet normal 0 0 0
outer loop
vertex -1.958878e-01 -2.745517e-01 -4.612108e-01
vertex -2.571994e-01 -1.894884e-01 -4.628886e-01
vertex -1.431635e-01 -1.993521e-01 -4.918702e-01
endloop
endfacet
facet normal 0 0 0
outer loop
vertex -1.339199e-01 -2.490564e-01 -4.034904e-01
vertex -1.958878e-01 -2.745517e-01 -4.612108e-01
vertex -1.431635e-01 -1.993521e-01 -4.918702e-01
endloop
endfacet
facet normal 0 0 0
outer loop
vertex -1.574883e-01 -1.973725e-01 -3.168744e-01
vertex -2.380747e-01 -1.721001e-01 -2.506706e-01
vertex -2.260373e-01 -2.334431e-01 -3.655094e-01
endloop
endfacet
facet normal 0 0 0
outer loop
vertex -8.070821e-02 -2.151347e-01 -3.431270e-01
vertex -1.339199e-01 -2.490564e-01 -4.034904e-01
vertex -8.428940e-02 -1.942247e-01 -4.354246e-01
endloop
endfacet
facet normal 0 0 0
outer loop
vertex -1.098078e-01 -1.758096e-01 -2.668764e-01
vertex -8.070821e-02 -2.151347e-01 -3.431270e-01
vertex -8.552688e-02 -2.271418e-01 -2.407857e-01
endloop
endfacet
facet normal 0 0 0
outer loop
vertex -1.600008e-01 -1.524916e-01 -2.426592e-01
vertex -2.380747e-01 -1.721001e-01 -2.506706e-01
vertex -1.574883e-01 -1.973725e-01 -3.168744e-01
endloop
endfacet
facet normal 0 0 0
outer loop
vertex -1.178327e-01 -1.864830e-01 -2.060651e-01
vertex -1.257263e-01 -1.591471e-01 -2.250471e-01
vertex -1.098078e-01 -1.758096e-01 -2.668764e-01
endloop
endfacet
facet normal 0 0 0
outer loop
vertex -1.428073e-01 -1.525365e-01 -1.841457e-01
vertex -1.257263e-01 -1.591471e-01 -2.250471e-01
vertex -1.178327e-01 -1.864830e-01 -2.060651e-01
endloop
endfacet
facet normal 0 0 0
outer loop
vertex -1.959440e-01 -1.465569e-01 -1.728894e-01
vertex -2.380747e-01 -1.721001e-01 -2.506706e-01
vertex -1.600008e-01 -1.524916e-01 -2.426592e-01
endloop
endfacet
facet normal 0 0 0
outer loop
vertex -1.393574e-01 -1.806786e-01 -1.509708e-01
vertex -1.576758e-01 -1.327056e-01 -1.020776e-01
vertex -1.428073e-01 -1.525365e-01 -1.841457e-01
endloop
endfacet
facet normal 0 0 0
outer loop
vertex -2.228124e-01 -1.249624e-01 -1.016044e-01
vertex -2.523057e-01 -1.548493e-01 -1.440396e-01
vertex -1.959440e-01 -1.465569e-01 -1.728894e-01
endloop
endfacet
facet normal 0 0 0
outer loop
vertex -2.228124e-01 -1.249624e-01 -1.016044e-01
vertex -1.576758e-01 -1.327056e-01 -1.020776e-01
vertex -2.015877e-01 -9.929235e-02 -3.773942e-02
endloop
endfacet
endsolid D:/VSprojects/TaihuStone/model/ori/RockSetBr.stl
