solid D:/VSprojects/TaihuStone/model/ori/whale4.stl
facet normal 0 0 0
outer loop
vertex -3.973217e-02 3.049063e-01 1.871635e-01
vertex -1.475215e-02 3.049063e-01 1.918744e-01
vertex -2.590259e-02 3.049063e-01 1.935666e-01
endloop
endfacet
facet normal 0 0 0
outer loop
vertex -3.973217e-02 3.049063e-01 1.871635e-01
vertex 1.977340e-02 3.049063e-01 1.872671e-01
vertex -1.475215e-02 3.049063e-01 1.918744e-01
endloop
endfacet
facet normal 0 0 0
outer loop
vertex 3.386139e-02 3.049063e-01 1.866484e-01
vertex 1.977340e-02 3.049063e-01 1.872671e-01
vertex -3.973217e-02 3.049063e-01 1.871635e-01
endloop
endfacet
facet normal 0 0 0
outer loop
vertex -4.107175e-02 3.049063e-01 1.866484e-01
vertex 3.386139e-02 3.049063e-01 1.866484e-01
vertex -3.973217e-02 3.049063e-01 1.871635e-01
endloop
endfacet
facet normal 0 0 0
outer loop
vertex 8.458762e-03 2.495586e-01 1.866484e-01
vertex 1.732673e-02 2.676688e-01 1.866484e-01
vertex 1.713919e-02 2.819140e-01 1.866484e-01
endloop
endfacet
facet normal 0 0 0
outer loop
vertex -4.107175e-02 3.049063e-01 1.866484e-01
vertex 2.337383e-02 3.016351e-01 1.866484e-01
vertex 3.386139e-02 3.049063e-01 1.866484e-01
endloop
endfacet
facet normal 0 0 0
outer loop
vertex -4.107175e-02 3.049063e-01 1.866484e-01
vertex 1.713919e-02 2.819140e-01 1.866484e-01
vertex 2.337383e-02 3.016351e-01 1.866484e-01
endloop
endfacet
facet normal 0 0 0
outer loop
vertex -4.107175e-02 3.049063e-01 1.866484e-01
vertex 8.458762e-03 2.495586e-01 1.866484e-01
vertex 1.713919e-02 2.819140e-01 1.866484e-01
endloop
endfacet
facet normal 0 0 0
outer loop
vertex -4.107175e-02 3.049063e-01 1.866484e-01
vertex -4.063703e-02 3.022176e-01 1.866484e-01
vertex 8.458762e-03 2.495586e-01 1.866484e-01
endloop
endfacet
facet normal 0 0 0
outer loop
vertex -4.063703e-02 3.022176e-01 1.866484e-01
vertex -3.843321e-02 2.737219e-01 1.866484e-01
vertex 8.458762e-03 2.495586e-01 1.866484e-01
endloop
endfacet
facet normal 0 0 0
outer loop
vertex -5.144608e-02 1.896537e-01 1.866484e-01
vertex 8.458762e-03 2.495586e-01 1.866484e-01
vertex -3.843321e-02 2.737219e-01 1.866484e-01
endloop
endfacet
facet normal 0 0 0
outer loop
vertex -5.144608e-02 1.896537e-01 1.866484e-01
vertex -3.843321e-02 2.737219e-01 1.866484e-01
vertex -3.933375e-02 2.689919e-01 1.866484e-01
endloop
endfacet
facet normal 0 0 0
outer loop
vertex -5.144608e-02 1.896537e-01 1.866484e-01
vertex -3.933375e-02 2.689919e-01 1.866484e-01
vertex -4.143559e-02 2.653310e-01 1.866484e-01
endloop
endfacet
facet normal 0 0 0
outer loop
vertex -5.144608e-02 1.896537e-01 1.866484e-01
vertex -4.143559e-02 2.653310e-01 1.866484e-01
vertex -4.463673e-02 2.626691e-01 1.866484e-01
endloop
endfacet
facet normal 0 0 0
outer loop
vertex -5.144608e-02 1.896537e-01 1.866484e-01
vertex -4.463673e-02 2.626691e-01 1.866484e-01
vertex -4.788282e-02 2.557552e-01 1.866484e-01
endloop
endfacet
facet normal 0 0 0
outer loop
vertex -5.144608e-02 1.896537e-01 1.866484e-01
vertex -4.788282e-02 2.557552e-01 1.866484e-01
vertex -4.916536e-02 2.523898e-01 1.866484e-01
endloop
endfacet
facet normal 0 0 0
outer loop
vertex -4.916536e-02 2.523898e-01 1.866484e-01
vertex -4.788282e-02 2.557552e-01 1.866484e-01
vertex -4.916017e-02 2.534001e-01 1.866484e-01
endloop
endfacet
facet normal 0 0 0
outer loop
vertex -5.178660e-02 2.346107e-01 1.866484e-01
vertex -5.144608e-02 1.896537e-01 1.866484e-01
vertex -4.916536e-02 2.523898e-01 1.866484e-01
endloop
endfacet
facet normal 0 0 0
outer loop
vertex -4.424477e-03 1.613645e-01 1.866484e-01
vertex -4.370895e-03 1.562387e-01 1.866484e-01
vertex -4.351881e-03 1.576440e-01 1.866484e-01
endloop
endfacet
facet normal 0 0 0
outer loop
vertex -8.143303e-03 1.547211e-01 1.866484e-01
vertex -4.370895e-03 1.562387e-01 1.866484e-01
vertex -4.424477e-03 1.613645e-01 1.866484e-01
endloop
endfacet
facet normal 0 0 0
outer loop
vertex -5.144608e-02 1.896537e-01 1.866484e-01
vertex 3.795320e-03 2.400355e-01 1.866484e-01
vertex 8.458762e-03 2.495586e-01 1.866484e-01
endloop
endfacet
facet normal 0 0 0
outer loop
vertex -5.144608e-02 1.896537e-01 1.866484e-01
vertex -2.499811e-03 2.305150e-01 1.866484e-01
vertex 3.795320e-03 2.400355e-01 1.866484e-01
endloop
endfacet
facet normal 0 0 0
outer loop
vertex -5.144608e-02 1.896537e-01 1.866484e-01
vertex -3.733085e-03 1.942601e-01 1.866484e-01
vertex -2.499811e-03 2.305150e-01 1.866484e-01
endloop
endfacet
facet normal 0 0 0
outer loop
vertex -5.144608e-02 1.896537e-01 1.866484e-01
vertex -4.424477e-03 1.613645e-01 1.866484e-01
vertex -3.733085e-03 1.942601e-01 1.866484e-01
endloop
endfacet
facet normal 0 0 0
outer loop
vertex -5.144608e-02 1.896537e-01 1.866484e-01
vertex -8.143303e-03 1.547211e-01 1.866484e-01
vertex -4.424477e-03 1.613645e-01 1.866484e-01
endloop
endfacet
facet normal 0 0 0
outer loop
vertex -5.144608e-02 1.896537e-01 1.866484e-01
vertex -8.437147e-03 1.545267e-01 1.866484e-01
vertex -8.143303e-03 1.547211e-01 1.866484e-01
endloop
endfacet
facet normal 0 0 0
outer loop
vertex -5.144608e-02 1.896537e-01 1.866484e-01
vertex -1.981401e-02 1.395649e-01 1.866484e-01
vertex -8.437147e-03 1.545267e-01 1.866484e-01
endloop
endfacet
facet normal 0 0 0
outer loop
vertex -5.144608e-02 1.896537e-01 1.866484e-01
vertex -2.180609e-02 1.358089e-01 1.866484e-01
vertex -1.981401e-02 1.395649e-01 1.866484e-01
endloop
endfacet
facet normal 0 0 0
outer loop
vertex -5.144608e-02 1.896537e-01 1.866484e-01
vertex -2.546528e-02 1.320581e-01 1.866484e-01
vertex -2.180609e-02 1.358089e-01 1.866484e-01
endloop
endfacet
facet normal 0 0 0
outer loop
vertex -5.144608e-02 1.896537e-01 1.866484e-01
vertex -2.856358e-02 1.320581e-01 1.866484e-01
vertex -2.546528e-02 1.320581e-01 1.866484e-01
endloop
endfacet
facet normal 0 0 0
outer loop
vertex -5.144608e-02 1.896537e-01 1.866484e-01
vertex -4.925610e-02 1.634059e-01 1.866484e-01
vertex -2.856358e-02 1.320581e-01 1.866484e-01
endloop
endfacet
facet normal 0 0 0
outer loop
vertex -5.144608e-02 1.896537e-01 1.866484e-01
vertex -5.109175e-02 1.651240e-01 1.866484e-01
vertex -4.925610e-02 1.634059e-01 1.866484e-01
endloop
endfacet
facet normal 0 0 0
outer loop
vertex -5.144608e-02 1.896537e-01 1.866484e-01
vertex -5.133979e-02 1.756288e-01 1.866484e-01
vertex -5.109175e-02 1.651240e-01 1.866484e-01
endloop
endfacet
facet normal 0 0 0
outer loop
vertex -2.856358e-02 1.320581e-01 1.866484e-01
vertex -2.768725e-02 1.320581e-01 1.878764e-01
vertex -2.679794e-02 1.320581e-01 1.874616e-01
endloop
endfacet
facet normal 0 0 0
outer loop
vertex -2.856358e-02 1.320581e-01 1.866484e-01
vertex -2.679794e-02 1.320581e-01 1.874616e-01
vertex -2.546528e-02 1.320581e-01 1.866484e-01
endloop
endfacet
facet normal 0 0 0
outer loop
vertex -1.475215e-02 3.049063e-01 1.918744e-01
vertex -2.580061e-02 3.463138e-01 1.950963e-01
vertex -2.590259e-02 3.049063e-01 1.935666e-01
endloop
endfacet
facet normal 0 0 0
outer loop
vertex -4.438956e-02 2.639715e-01 1.843495e-01
vertex -4.143559e-02 2.653310e-01 1.866484e-01
vertex -3.933375e-02 2.689919e-01 1.866484e-01
endloop
endfacet
facet normal 0 0 0
outer loop
vertex -4.438956e-02 2.639715e-01 1.843495e-01
vertex -4.463673e-02 2.626691e-01 1.866484e-01
vertex -4.143559e-02 2.653310e-01 1.866484e-01
endloop
endfacet
facet normal 0 0 0
outer loop
vertex -4.438956e-02 2.639715e-01 1.843495e-01
vertex -4.788282e-02 2.557552e-01 1.866484e-01
vertex -4.463673e-02 2.626691e-01 1.866484e-01
endloop
endfacet
facet normal 0 0 0
outer loop
vertex 4.174586e-02 2.849423e-01 1.834922e-01
vertex 3.689488e-02 3.798584e-01 1.970651e-01
vertex 3.386139e-02 3.049063e-01 1.866484e-01
endloop
endfacet
facet normal 0 0 0
outer loop
vertex 3.386139e-02 3.049063e-01 1.866484e-01
vertex 3.689488e-02 3.798584e-01 1.970651e-01
vertex -2.580061e-02 3.463138e-01 1.950963e-01
endloop
endfacet
facet normal 0 0 0
outer loop
vertex 3.386139e-02 3.049063e-01 1.866484e-01
vertex -2.580061e-02 3.463138e-01 1.950963e-01
vertex 1.977340e-02 3.049063e-01 1.872671e-01
endloop
endfacet
facet normal 0 0 0
outer loop
vertex 4.174586e-02 2.849423e-01 1.834922e-01
vertex 3.386139e-02 3.049063e-01 1.866484e-01
vertex 2.337383e-02 3.016351e-01 1.866484e-01
endloop
endfacet
facet normal 0 0 0
outer loop
vertex 1.977340e-02 3.049063e-01 1.872671e-01
vertex -2.580061e-02 3.463138e-01 1.950963e-01
vertex -1.475215e-02 3.049063e-01 1.918744e-01
endloop
endfacet
facet normal 0 0 0
outer loop
vertex 4.174586e-02 2.849423e-01 1.834922e-01
vertex 2.337383e-02 3.016351e-01 1.866484e-01
vertex 1.713919e-02 2.819140e-01 1.866484e-01
endloop
endfacet
facet normal 0 0 0
outer loop
vertex 4.174586e-02 2.849423e-01 1.834922e-01
vertex 1.713919e-02 2.819140e-01 1.866484e-01
vertex 1.732673e-02 2.676688e-01 1.866484e-01
endloop
endfacet
facet normal 0 0 0
outer loop
vertex -5.086272e-02 1.610577e-01 1.822269e-01
vertex -4.925610e-02 1.634059e-01 1.866484e-01
vertex -5.109175e-02 1.651240e-01 1.866484e-01
endloop
endfacet
facet normal 0 0 0
outer loop
vertex -5.086272e-02 1.610577e-01 1.822269e-01
vertex -5.109175e-02 1.651240e-01 1.866484e-01
vertex -5.133979e-02 1.756288e-01 1.866484e-01
endloop
endfacet
facet normal 0 0 0
outer loop
vertex -5.086272e-02 1.610577e-01 1.822269e-01
vertex -5.133979e-02 1.756288e-01 1.866484e-01
vertex -5.144608e-02 1.896537e-01 1.866484e-01
endloop
endfacet
facet normal 0 0 0
outer loop
vertex -5.086272e-02 1.610577e-01 1.822269e-01
vertex -5.144608e-02 1.896537e-01 1.866484e-01
vertex -5.178660e-02 2.346107e-01 1.866484e-01
endloop
endfacet
facet normal 0 0 0
outer loop
vertex -5.137176e-02 2.441553e-01 1.807629e-01
vertex -5.086272e-02 1.610577e-01 1.822269e-01
vertex -5.178660e-02 2.346107e-01 1.866484e-01
endloop
endfacet
facet normal 0 0 0
outer loop
vertex -5.137176e-02 2.441553e-01 1.807629e-01
vertex -5.178660e-02 2.346107e-01 1.866484e-01
vertex -4.916536e-02 2.523898e-01 1.866484e-01
endloop
endfacet
facet normal 0 0 0
outer loop
vertex -4.438956e-02 2.639715e-01 1.843495e-01
vertex -4.916017e-02 2.534001e-01 1.866484e-01
vertex -4.788282e-02 2.557552e-01 1.866484e-01
endloop
endfacet
facet normal 0 0 0
outer loop
vertex -5.174857e-02 2.540665e-01 1.796108e-01
vertex -4.916017e-02 2.534001e-01 1.866484e-01
vertex -4.438956e-02 2.639715e-01 1.843495e-01
endloop
endfacet
facet normal 0 0 0
outer loop
vertex -5.174857e-02 2.540665e-01 1.796108e-01
vertex -4.916536e-02 2.523898e-01 1.866484e-01
vertex -4.916017e-02 2.534001e-01 1.866484e-01
endloop
endfacet
facet normal 0 0 0
outer loop
vertex -5.174857e-02 2.540665e-01 1.796108e-01
vertex -5.137176e-02 2.441553e-01 1.807629e-01
vertex -4.916536e-02 2.523898e-01 1.866484e-01
endloop
endfacet
facet normal 0 0 0
outer loop
vertex -3.973217e-02 3.049063e-01 1.871635e-01
vertex -2.590259e-02 3.049063e-01 1.935666e-01
vertex -2.580061e-02 3.463138e-01 1.950963e-01
endloop
endfacet
facet normal 0 0 0
outer loop
vertex -5.375966e-02 2.632153e-01 1.791761e-01
vertex -3.843321e-02 2.737219e-01 1.866484e-01
vertex -4.063703e-02 3.022176e-01 1.866484e-01
endloop
endfacet
facet normal 0 0 0
outer loop
vertex -5.375966e-02 2.632153e-01 1.791761e-01
vertex -3.933375e-02 2.689919e-01 1.866484e-01
vertex -3.843321e-02 2.737219e-01 1.866484e-01
endloop
endfacet
facet normal 0 0 0
outer loop
vertex -5.375966e-02 2.632153e-01 1.791761e-01
vertex -4.438956e-02 2.639715e-01 1.843495e-01
vertex -3.933375e-02 2.689919e-01 1.866484e-01
endloop
endfacet
facet normal 0 0 0
outer loop
vertex -7.462674e-04 1.473345e-01 1.770682e-01
vertex -8.437147e-03 1.545267e-01 1.866484e-01
vertex -1.981401e-02 1.395649e-01 1.866484e-01
endloop
endfacet
facet normal 0 0 0
outer loop
vertex -7.462674e-04 1.473345e-01 1.770682e-01
vertex -8.143303e-03 1.547211e-01 1.866484e-01
vertex -8.437147e-03 1.545267e-01 1.866484e-01
endloop
endfacet
facet normal 0 0 0
outer loop
vertex -7.462674e-04 1.473345e-01 1.770682e-01
vertex -4.370895e-03 1.562387e-01 1.866484e-01
vertex -8.143303e-03 1.547211e-01 1.866484e-01
endloop
endfacet
facet normal 0 0 0
outer loop
vertex -7.462674e-04 1.473345e-01 1.770682e-01
vertex -4.351881e-03 1.576440e-01 1.866484e-01
vertex -4.370895e-03 1.562387e-01 1.866484e-01
endloop
endfacet
facet normal 0 0 0
outer loop
vertex -7.462674e-04 1.473345e-01 1.770682e-01
vertex -4.424477e-03 1.613645e-01 1.866484e-01
vertex -4.351881e-03 1.576440e-01 1.866484e-01
endloop
endfacet
facet normal 0 0 0
outer loop
vertex -7.462674e-04 1.473345e-01 1.770682e-01
vertex -3.733085e-03 1.942601e-01 1.866484e-01
vertex -4.424477e-03 1.613645e-01 1.866484e-01
endloop
endfacet
facet normal 0 0 0
outer loop
vertex -7.462674e-04 1.473345e-01 1.770682e-01
vertex -2.499811e-03 2.305150e-01 1.866484e-01
vertex -3.733085e-03 1.942601e-01 1.866484e-01
endloop
endfacet
facet normal 0 0 0
outer loop
vertex -7.462674e-04 1.473345e-01 1.770682e-01
vertex -1.981401e-02 1.395649e-01 1.866484e-01
vertex -2.180609e-02 1.358089e-01 1.866484e-01
endloop
endfacet
facet normal 0 0 0
outer loop
vertex -4.342369e-03 1.336950e-01 1.747365e-01
vertex -7.462674e-04 1.473345e-01 1.770682e-01
vertex -2.180609e-02 1.358089e-01 1.866484e-01
endloop
endfacet
facet normal 0 0 0
outer loop
vertex -5.375966e-02 2.632153e-01 1.791761e-01
vertex -4.063703e-02 3.022176e-01 1.866484e-01
vertex -4.107175e-02 3.049063e-01 1.866484e-01
endloop
endfacet
facet normal 0 0 0
outer loop
vertex -7.611584e-02 3.226803e-01 1.742785e-01
vertex -3.973217e-02 3.049063e-01 1.871635e-01
vertex -2.580061e-02 3.463138e-01 1.950963e-01
endloop
endfacet
facet normal 0 0 0
outer loop
vertex -7.611584e-02 3.226803e-01 1.742785e-01
vertex -4.107175e-02 3.049063e-01 1.866484e-01
vertex -3.973217e-02 3.049063e-01 1.871635e-01
endloop
endfacet
facet normal 0 0 0
outer loop
vertex -7.611584e-02 3.226803e-01 1.742785e-01
vertex -5.375966e-02 2.632153e-01 1.791761e-01
vertex -4.107175e-02 3.049063e-01 1.866484e-01
endloop
endfacet
facet normal 0 0 0
outer loop
vertex -4.342369e-03 1.336950e-01 1.747365e-01
vertex -2.180609e-02 1.358089e-01 1.866484e-01
vertex -2.546528e-02 1.320581e-01 1.866484e-01
endloop
endfacet
facet normal 0 0 0
outer loop
vertex -2.350692e-02 1.069286e-01 1.704974e-01
vertex -2.546528e-02 1.320581e-01 1.866484e-01
vertex -2.679794e-02 1.320581e-01 1.874616e-01
endloop
endfacet
facet normal 0 0 0
outer loop
vertex -2.350692e-02 1.069286e-01 1.704974e-01
vertex -4.342369e-03 1.336950e-01 1.747365e-01
vertex -2.546528e-02 1.320581e-01 1.866484e-01
endloop
endfacet
facet normal 0 0 0
outer loop
vertex -2.350692e-02 1.069286e-01 1.704974e-01
vertex -2.679794e-02 1.320581e-01 1.874616e-01
vertex -2.768725e-02 1.320581e-01 1.878764e-01
endloop
endfacet
facet normal 0 0 0
outer loop
vertex -2.350692e-02 1.069286e-01 1.704974e-01
vertex -2.768725e-02 1.320581e-01 1.878764e-01
vertex -2.856358e-02 1.320581e-01 1.866484e-01
endloop
endfacet
facet normal 0 0 0
outer loop
vertex -2.350692e-02 1.069286e-01 1.704974e-01
vertex -2.856358e-02 1.320581e-01 1.866484e-01
vertex -4.925610e-02 1.634059e-01 1.866484e-01
endloop
endfacet
facet normal 0 0 0
outer loop
vertex -2.350692e-02 1.069286e-01 1.704974e-01
vertex -4.925610e-02 1.634059e-01 1.866484e-01
vertex -5.086272e-02 1.610577e-01 1.822269e-01
endloop
endfacet
facet normal 0 0 0
outer loop
vertex 5.171488e-02 1.461911e-01 1.680853e-01
vertex 3.795320e-03 2.400355e-01 1.866484e-01
vertex -2.499811e-03 2.305150e-01 1.866484e-01
endloop
endfacet
facet normal 0 0 0
outer loop
vertex 5.171488e-02 1.461911e-01 1.680853e-01
vertex -2.499811e-03 2.305150e-01 1.866484e-01
vertex -7.462674e-04 1.473345e-01 1.770682e-01
endloop
endfacet
facet normal 0 0 0
outer loop
vertex 4.174586e-02 2.849423e-01 1.834922e-01
vertex 1.732673e-02 2.676688e-01 1.866484e-01
vertex 8.458762e-03 2.495586e-01 1.866484e-01
endloop
endfacet
facet normal 0 0 0
outer loop
vertex 4.174586e-02 2.849423e-01 1.834922e-01
vertex 8.458762e-03 2.495586e-01 1.866484e-01
vertex 3.795320e-03 2.400355e-01 1.866484e-01
endloop
endfacet
facet normal 0 0 0
outer loop
vertex 5.171488e-02 1.461911e-01 1.680853e-01
vertex 4.174586e-02 2.849423e-01 1.834922e-01
vertex 3.795320e-03 2.400355e-01 1.866484e-01
endloop
endfacet
facet normal 0 0 0
outer loop
vertex -2.279146e-01 -2.267553e-02 -3.784250e-02
vertex -2.350298e-01 -2.853336e-02 -3.689443e-02
vertex -2.233358e-01 -6.997975e-02 -3.545547e-02
endloop
endfacet
facet normal 0 0 0
outer loop
vertex -2.279146e-01 -2.267553e-02 -3.784250e-02
vertex -2.350298e-01 -2.042159e-02 -3.737063e-02
vertex -2.350298e-01 -2.853336e-02 -3.689443e-02
endloop
endfacet
facet normal 0 0 0
outer loop
vertex -2.350298e-01 -1.814950e-02 -3.827636e-02
vertex -2.350298e-01 -2.042159e-02 -3.737063e-02
vertex -2.279146e-01 -2.267553e-02 -3.784250e-02
endloop
endfacet
facet normal 0 0 0
outer loop
vertex -2.283899e-01 -1.424832e-02 -4.110933e-02
vertex -2.350298e-01 -1.814950e-02 -3.827636e-02
vertex -2.279146e-01 -2.267553e-02 -3.784250e-02
endloop
endfacet
facet normal 0 0 0
outer loop
vertex -2.283899e-01 -1.424832e-02 -4.110933e-02
vertex -2.350298e-01 -8.306668e-03 -4.077314e-02
vertex -2.350298e-01 -1.814950e-02 -3.827636e-02
endloop
endfacet
facet normal 0 0 0
outer loop
vertex -2.350298e-01 -5.554922e-03 -4.226742e-02
vertex -2.350298e-01 -8.306668e-03 -4.077314e-02
vertex -2.283899e-01 -1.424832e-02 -4.110933e-02
endloop
endfacet
facet normal 0 0 0
outer loop
vertex -2.350298e-01 -6.151537e-02 -3.866008e-02
vertex -2.233358e-01 -6.997975e-02 -3.545547e-02
vertex -2.350298e-01 -2.853336e-02 -3.689443e-02
endloop
endfacet
facet normal 0 0 0
outer loop
vertex -2.120281e-01 -1.309934e-01 -4.368736e-02
vertex -2.233358e-01 -6.997975e-02 -3.545547e-02
vertex -2.350298e-01 -6.151537e-02 -3.866008e-02
endloop
endfacet
facet normal 0 0 0
outer loop
vertex -2.350298e-01 -9.462616e-02 -4.576153e-02
vertex -2.120281e-01 -1.309934e-01 -4.368736e-02
vertex -2.350298e-01 -6.151537e-02 -3.866008e-02
endloop
endfacet
facet normal 0 0 0
outer loop
vertex -2.350298e-01 -2.583666e-03 -4.580822e-02
vertex -2.350298e-01 -5.554922e-03 -4.226742e-02
vertex -2.283899e-01 -1.424832e-02 -4.110933e-02
endloop
endfacet
facet normal 0 0 0
outer loop
vertex -2.294443e-01 -5.602454e-03 -5.175851e-02
vertex -2.350298e-01 -2.583666e-03 -4.580822e-02
vertex -2.283899e-01 -1.424832e-02 -4.110933e-02
endloop
endfacet
facet normal 0 0 0
outer loop
vertex -2.294443e-01 -5.602454e-03 -5.175851e-02
vertex -2.350298e-01 1.336530e-03 -5.152170e-02
vertex -2.350298e-01 -2.583666e-03 -4.580822e-02
endloop
endfacet
facet normal 0 0 0
outer loop
vertex -2.279655e-01 -1.946747e-02 -6.912111e-02
vertex -2.350298e-01 -1.094433e-02 -6.791116e-02
vertex -2.350298e-01 -4.905012e-03 -6.049857e-02
endloop
endfacet
facet normal 0 0 0
outer loop
vertex -2.350298e-01 -4.905012e-03 -6.049857e-02
vertex -2.350298e-01 1.336530e-03 -5.152170e-02
vertex -2.294443e-01 -5.602454e-03 -5.175851e-02
endloop
endfacet
facet normal 0 0 0
outer loop
vertex -2.279655e-01 -1.946747e-02 -6.912111e-02
vertex -2.350298e-01 -4.905012e-03 -6.049857e-02
vertex -2.294443e-01 -5.602454e-03 -5.175851e-02
endloop
endfacet
facet normal 0 0 0
outer loop
vertex -2.350298e-01 -1.177291e-01 -5.300820e-02
vertex -2.120281e-01 -1.309934e-01 -4.368736e-02
vertex -2.350298e-01 -9.462616e-02 -4.576153e-02
endloop
endfacet
facet normal 0 0 0
outer loop
vertex -2.129442e-01 -1.298042e-01 -6.011571e-02
vertex -2.120281e-01 -1.309934e-01 -4.368736e-02
vertex -2.350298e-01 -1.177291e-01 -5.300820e-02
endloop
endfacet
facet normal 0 0 0
outer loop
vertex -2.350298e-01 -1.172857e-01 -6.379306e-02
vertex -2.129442e-01 -1.298042e-01 -6.011571e-02
vertex -2.350298e-01 -1.177291e-01 -5.300820e-02
endloop
endfacet
facet normal 0 0 0
outer loop
vertex -2.350298e-01 -2.222354e-02 -7.547846e-02
vertex -2.350298e-01 -1.094433e-02 -6.791116e-02
vertex -2.279655e-01 -1.946747e-02 -6.912111e-02
endloop
endfacet
facet normal 0 0 0
outer loop
vertex -2.295670e-01 -3.290641e-02 -7.915926e-02
vertex -2.350298e-01 -2.222354e-02 -7.547846e-02
vertex -2.279655e-01 -1.946747e-02 -6.912111e-02
endloop
endfacet
facet normal 0 0 0
outer loop
vertex -2.350298e-01 -2.713242e-02 -7.982646e-02
vertex -2.350298e-01 -2.222354e-02 -7.547846e-02
vertex -2.295670e-01 -3.290641e-02 -7.915926e-02
endloop
endfacet
facet normal 0 0 0
outer loop
vertex -2.350298e-01 -4.685612e-02 -8.797884e-02
vertex -2.350298e-01 -2.713242e-02 -7.982646e-02
vertex -2.295670e-01 -3.290641e-02 -7.915926e-02
endloop
endfacet
facet normal 0 0 0
outer loop
vertex -2.350298e-01 -4.685612e-02 -8.797884e-02
vertex -2.295670e-01 -3.290641e-02 -7.915926e-02
vertex -2.240082e-01 -5.012036e-02 -8.756659e-02
endloop
endfacet
facet normal 0 0 0
outer loop
vertex -2.350298e-01 -5.154895e-02 -9.057502e-02
vertex -2.350298e-01 -4.685612e-02 -8.797884e-02
vertex -2.240082e-01 -5.012036e-02 -8.756659e-02
endloop
endfacet
facet normal 0 0 0
outer loop
vertex -2.350298e-01 -5.154895e-02 -9.057502e-02
vertex -2.240082e-01 -5.012036e-02 -8.756659e-02
vertex -2.244394e-01 -6.574930e-02 -8.834096e-02
endloop
endfacet
facet normal 0 0 0
outer loop
vertex -2.350298e-01 -5.395586e-02 -9.067701e-02
vertex -2.350298e-01 -5.154895e-02 -9.057502e-02
vertex -2.244394e-01 -6.574930e-02 -8.834096e-02
endloop
endfacet
facet normal 0 0 0
outer loop
vertex -2.131818e-01 -1.212422e-01 -7.757338e-02
vertex -2.129442e-01 -1.298042e-01 -6.011571e-02
vertex -2.350298e-01 -1.165373e-01 -7.535487e-02
endloop
endfacet
facet normal 0 0 0
outer loop
vertex -2.350298e-01 -1.122014e-01 -8.426087e-02
vertex -2.131818e-01 -1.212422e-01 -7.757338e-02
vertex -2.350298e-01 -1.165373e-01 -7.535487e-02
endloop
endfacet
facet normal 0 0 0
outer loop
vertex -2.350298e-01 -1.165373e-01 -7.535487e-02
vertex -2.129442e-01 -1.298042e-01 -6.011571e-02
vertex -2.350298e-01 -1.172857e-01 -6.379306e-02
endloop
endfacet
facet normal 0 0 0
outer loop
vertex -2.350298e-01 -6.039965e-02 -9.336478e-02
vertex -2.350298e-01 -5.395586e-02 -9.067701e-02
vertex -2.244394e-01 -6.574930e-02 -8.834096e-02
endloop
endfacet
facet normal 0 0 0
outer loop
vertex -2.350298e-01 -1.036566e-01 -9.090775e-02
vertex -2.131818e-01 -1.212422e-01 -7.757338e-02
vertex -2.350298e-01 -1.122014e-01 -8.426087e-02
endloop
endfacet
facet normal 0 0 0
outer loop
vertex -2.350298e-01 -1.036566e-01 -9.090775e-02
vertex -2.228959e-01 -8.480839e-02 -8.849911e-02
vertex -2.131818e-01 -1.212422e-01 -7.757338e-02
endloop
endfacet
facet normal 0 0 0
outer loop
vertex -2.350298e-01 -8.076634e-02 -9.490486e-02
vertex -2.228959e-01 -8.480839e-02 -8.849911e-02
vertex -2.350298e-01 -1.036566e-01 -9.090775e-02
endloop
endfacet
facet normal 0 0 0
outer loop
vertex -2.350298e-01 -6.554446e-02 -9.410630e-02
vertex -2.244394e-01 -6.574930e-02 -8.834096e-02
vertex -2.228959e-01 -8.480839e-02 -8.849911e-02
endloop
endfacet
facet normal 0 0 0
outer loop
vertex -2.350298e-01 -8.076634e-02 -9.490486e-02
vertex -2.350298e-01 -6.554446e-02 -9.410630e-02
vertex -2.228959e-01 -8.480839e-02 -8.849911e-02
endloop
endfacet
facet normal 0 0 0
outer loop
vertex -2.350298e-01 -6.554446e-02 -9.410630e-02
vertex -2.350298e-01 -6.039965e-02 -9.336478e-02
vertex -2.244394e-01 -6.574930e-02 -8.834096e-02
endloop
endfacet
facet normal 0 0 0
outer loop
vertex 2.350298e-01 7.041097e-02 -4.253361e-02
vertex 2.109175e-01 1.609601e-01 3.737581e-02
vertex 1.906494e-01 4.746279e-02 7.527625e-02
endloop
endfacet
facet normal 0 0 0
outer loop
vertex 2.350298e-01 7.041097e-02 -4.253361e-02
vertex 2.350298e-01 8.579792e-02 -4.015868e-02
vertex 2.109175e-01 1.609601e-01 3.737581e-02
endloop
endfacet
facet normal 0 0 0
outer loop
vertex 2.350298e-01 7.041097e-02 -4.253361e-02
vertex 1.906494e-01 4.746279e-02 7.527625e-02
vertex 2.254022e-01 -7.600956e-02 -1.998902e-02
endloop
endfacet
facet normal 0 0 0
outer loop
vertex 2.350298e-01 2.720844e-02 -4.345402e-02
vertex 2.350298e-01 7.041097e-02 -4.253361e-02
vertex 2.254022e-01 -7.600956e-02 -1.998902e-02
endloop
endfacet
facet normal 0 0 0
outer loop
vertex 2.258205e-01 1.813224e-01 -6.129368e-02
vertex 2.109175e-01 1.609601e-01 3.737581e-02
vertex 2.350298e-01 8.579792e-02 -4.015868e-02
endloop
endfacet
facet normal 0 0 0
outer loop
vertex 2.258205e-01 1.813224e-01 -6.129368e-02
vertex 2.350298e-01 8.579792e-02 -4.015868e-02
vertex 2.350298e-01 1.068422e-01 -5.614194e-02
endloop
endfacet
facet normal 0 0 0
outer loop
vertex 2.285316e-01 -2.845730e-02 -5.865689e-02
vertex 2.242744e-01 -6.841806e-02 -5.376873e-02
vertex 2.350298e-01 -4.500060e-02 -5.706408e-02
endloop
endfacet
facet normal 0 0 0
outer loop
vertex 2.350298e-01 -2.057716e-02 -5.991607e-02
vertex 2.285316e-01 -2.845730e-02 -5.865689e-02
vertex 2.350298e-01 -4.500060e-02 -5.706408e-02
endloop
endfacet
facet normal 0 0 0
outer loop
vertex 2.304502e-01 -1.324667e-02 -6.686457e-02
vertex 2.350298e-01 2.720844e-02 -4.345402e-02
vertex 2.254022e-01 -7.600956e-02 -1.998902e-02
endloop
endfacet
facet normal 0 0 0
outer loop
vertex 2.304502e-01 -1.324667e-02 -6.686457e-02
vertex 2.350298e-01 3.136026e-02 -6.006214e-02
vertex 2.350298e-01 2.720844e-02 -4.345402e-02
endloop
endfacet
facet normal 0 0 0
outer loop
vertex 2.304502e-01 -1.324667e-02 -6.686457e-02
vertex 2.285316e-01 -2.845730e-02 -5.865689e-02
vertex 2.350298e-01 -2.057716e-02 -5.991607e-02
endloop
endfacet
facet normal 0 0 0
outer loop
vertex 2.304502e-01 -1.324667e-02 -6.686457e-02
vertex 2.350298e-01 -2.057716e-02 -5.991607e-02
vertex 2.350298e-01 -9.666119e-03 -6.655172e-02
endloop
endfacet
facet normal 0 0 0
outer loop
vertex 2.350298e-01 -7.909979e-03 -6.826983e-02
vertex 2.304502e-01 -1.324667e-02 -6.686457e-02
vertex 2.350298e-01 -9.666119e-03 -6.655172e-02
endloop
endfacet
facet normal 0 0 0
outer loop
vertex 2.350298e-01 -4.500060e-02 -5.706408e-02
vertex 2.242744e-01 -6.841806e-02 -5.376873e-02
vertex 2.350298e-01 -6.087843e-02 -5.677196e-02
endloop
endfacet
facet normal 0 0 0
outer loop
vertex 2.304502e-01 -1.324667e-02 -6.686457e-02
vertex 2.350298e-01 3.456745e-02 -6.316303e-02
vertex 2.350298e-01 3.136026e-02 -6.006214e-02
endloop
endfacet
facet normal 0 0 0
outer loop
vertex 2.301806e-01 -8.992011e-03 -7.391763e-02
vertex 2.350298e-01 3.456745e-02 -6.316303e-02
vertex 2.304502e-01 -1.324667e-02 -6.686457e-02
endloop
endfacet
facet normal 0 0 0
outer loop
vertex 2.301806e-01 -8.992011e-03 -7.391763e-02
vertex 2.304502e-01 -1.324667e-02 -6.686457e-02
vertex 2.350298e-01 -7.909979e-03 -6.826983e-02
endloop
endfacet
facet normal 0 0 0
outer loop
vertex 2.301806e-01 -8.992011e-03 -7.391763e-02
vertex 2.350298e-01 -7.909979e-03 -6.826983e-02
vertex 2.350298e-01 -4.359678e-03 -7.381479e-02
endloop
endfacet
facet normal 0 0 0
outer loop
vertex 2.350298e-01 -4.440054e-03 -7.489509e-02
vertex 2.301806e-01 -8.992011e-03 -7.391763e-02
vertex 2.350298e-01 -4.359678e-03 -7.381479e-02
endloop
endfacet
facet normal 0 0 0
outer loop
vertex 2.140841e-01 -1.316943e-01 -7.456756e-02
vertex 2.350298e-01 -1.207643e-01 -6.914358e-02
vertex 2.141481e-01 -1.281855e-01 -6.123923e-02
endloop
endfacet
facet normal 0 0 0
outer loop
vertex 2.350298e-01 -1.231694e-01 -7.835551e-02
vertex 2.350298e-01 -1.207643e-01 -6.914358e-02
vertex 2.140841e-01 -1.316943e-01 -7.456756e-02
endloop
endfacet
facet normal 0 0 0
outer loop
vertex 2.141481e-01 -1.281855e-01 -6.123923e-02
vertex 2.350298e-01 -7.513063e-02 -5.996015e-02
vertex 2.242744e-01 -6.841806e-02 -5.376873e-02
endloop
endfacet
facet normal 0 0 0
outer loop
vertex 2.350298e-01 -1.207643e-01 -6.914358e-02
vertex 2.350298e-01 -7.513063e-02 -5.996015e-02
vertex 2.141481e-01 -1.281855e-01 -6.123923e-02
endloop
endfacet
facet normal 0 0 0
outer loop
vertex 2.350298e-01 -7.513063e-02 -5.996015e-02
vertex 2.350298e-01 -6.087843e-02 -5.677196e-02
vertex 2.242744e-01 -6.841806e-02 -5.376873e-02
endloop
endfacet
facet normal 0 0 0
outer loop
vertex 2.301806e-01 -8.992011e-03 -7.391763e-02
vertex 2.350298e-01 3.568665e-02 -6.760868e-02
vertex 2.350298e-01 3.456745e-02 -6.316303e-02
endloop
endfacet
facet normal 0 0 0
outer loop
vertex 2.291228e-01 -1.581346e-02 -8.691237e-02
vertex 2.350298e-01 3.568665e-02 -6.760868e-02
vertex 2.301806e-01 -8.992011e-03 -7.391763e-02
endloop
endfacet
facet normal 0 0 0
outer loop
vertex 2.291228e-01 -1.581346e-02 -8.691237e-02
vertex 2.350298e-01 3.608852e-02 -7.145628e-02
vertex 2.350298e-01 3.568665e-02 -6.760868e-02
endloop
endfacet
facet normal 0 0 0
outer loop
vertex 2.272430e-01 -3.106212e-02 -1.039777e-01
vertex 2.350298e-01 3.608852e-02 -7.145628e-02
vertex 2.291228e-01 -1.581346e-02 -8.691237e-02
endloop
endfacet
facet normal 0 0 0
outer loop
vertex 2.246953e-01 -5.926922e-02 -1.091640e-01
vertex 2.268360e-01 -3.944699e-02 -1.036406e-01
vertex 2.350298e-01 -5.039173e-02 -1.084605e-01
endloop
endfacet
facet normal 0 0 0
outer loop
vertex 2.246953e-01 -5.926922e-02 -1.091640e-01
vertex 2.350298e-01 -5.039173e-02 -1.084605e-01
vertex 2.350298e-01 -5.056458e-02 -1.085123e-01
endloop
endfacet
facet normal 0 0 0
outer loop
vertex 2.223998e-01 -7.889353e-02 -1.087042e-01
vertex 2.350298e-01 -5.056458e-02 -1.085123e-01
vertex 2.350298e-01 -5.067607e-02 -1.085080e-01
endloop
endfacet
facet normal 0 0 0
outer loop
vertex 2.246953e-01 -5.926922e-02 -1.091640e-01
vertex 2.350298e-01 -5.056458e-02 -1.085123e-01
vertex 2.223998e-01 -7.889353e-02 -1.087042e-01
endloop
endfacet
facet normal 0 0 0
outer loop
vertex 2.291228e-01 -1.581346e-02 -8.691237e-02
vertex 2.301806e-01 -8.992011e-03 -7.391763e-02
vertex 2.350298e-01 -8.353335e-03 -7.815675e-02
endloop
endfacet
facet normal 0 0 0
outer loop
vertex 2.350298e-01 -1.414807e-02 -9.022672e-02
vertex 2.291228e-01 -1.581346e-02 -8.691237e-02
vertex 2.350298e-01 -8.353335e-03 -7.815675e-02
endloop
endfacet
facet normal 0 0 0
outer loop
vertex 2.350298e-01 -8.353335e-03 -7.815675e-02
vertex 2.301806e-01 -8.992011e-03 -7.391763e-02
vertex 2.350298e-01 -4.440054e-03 -7.489509e-02
endloop
endfacet
facet normal 0 0 0
outer loop
vertex 2.350298e-01 -5.039173e-02 -1.084605e-01
vertex 2.268360e-01 -3.944699e-02 -1.036406e-01
vertex 2.350298e-01 -3.709712e-02 -1.064848e-01
endloop
endfacet
facet normal 0 0 0
outer loop
vertex 2.268360e-01 -3.944699e-02 -1.036406e-01
vertex 2.291228e-01 -1.581346e-02 -8.691237e-02
vertex 2.350298e-01 -1.992120e-02 -9.338725e-02
endloop
endfacet
facet normal 0 0 0
outer loop
vertex 2.350298e-01 -3.709712e-02 -1.064848e-01
vertex 2.268360e-01 -3.944699e-02 -1.036406e-01
vertex 2.350298e-01 -1.992120e-02 -9.338725e-02
endloop
endfacet
facet normal 0 0 0
outer loop
vertex 2.350298e-01 -1.236742e-01 -9.009451e-02
vertex 2.350298e-01 -1.231694e-01 -7.835551e-02
vertex 2.140841e-01 -1.316943e-01 -7.456756e-02
endloop
endfacet
facet normal 0 0 0
outer loop
vertex 2.173570e-01 -1.191516e-01 -9.863061e-02
vertex 2.350298e-01 -1.236742e-01 -9.009451e-02
vertex 2.140841e-01 -1.316943e-01 -7.456756e-02
endloop
endfacet
facet normal 0 0 0
outer loop
vertex 2.350298e-01 -1.161605e-01 -1.044945e-01
vertex 2.350298e-01 -1.236742e-01 -9.009451e-02
vertex 2.173570e-01 -1.191516e-01 -9.863061e-02
endloop
endfacet
facet normal 0 0 0
outer loop
vertex 2.272430e-01 -3.106212e-02 -1.039777e-01
vertex 2.350298e-01 4.326604e-02 -9.023797e-02
vertex 2.350298e-01 3.608852e-02 -7.145628e-02
endloop
endfacet
facet normal 0 0 0
outer loop
vertex 2.296093e-01 5.711323e-03 -1.369234e-01
vertex 2.350298e-01 4.326604e-02 -9.023797e-02
vertex 2.272430e-01 -3.106212e-02 -1.039777e-01
endloop
endfacet
facet normal 0 0 0
outer loop
vertex 2.350298e-01 9.287692e-02 -8.598677e-02
vertex 2.258205e-01 1.813224e-01 -6.129368e-02
vertex 2.350298e-01 1.068422e-01 -5.614194e-02
endloop
endfacet
facet normal 0 0 0
outer loop
vertex 2.276389e-01 1.282745e-01 -1.422212e-01
vertex 2.258205e-01 1.813224e-01 -6.129368e-02
vertex 2.350298e-01 9.287692e-02 -8.598677e-02
endloop
endfacet
facet normal 0 0 0
outer loop
vertex 2.276389e-01 1.282745e-01 -1.422212e-01
vertex 2.350298e-01 9.287692e-02 -8.598677e-02
vertex 2.350298e-01 4.326604e-02 -9.023797e-02
endloop
endfacet
facet normal 0 0 0
outer loop
vertex 2.276389e-01 1.282745e-01 -1.422212e-01
vertex 2.350298e-01 4.326604e-02 -9.023797e-02
vertex 2.296093e-01 5.711323e-03 -1.369234e-01
endloop
endfacet
facet normal 0 0 0
outer loop
vertex 2.350298e-01 -1.098783e-01 -1.101665e-01
vertex 2.350298e-01 -1.161605e-01 -1.044945e-01
vertex 2.173570e-01 -1.191516e-01 -9.863061e-02
endloop
endfacet
facet normal 0 0 0
outer loop
vertex 2.350298e-01 -1.098783e-01 -1.101665e-01
vertex 2.173570e-01 -1.191516e-01 -9.863061e-02
vertex 2.223998e-01 -7.889353e-02 -1.087042e-01
endloop
endfacet
facet normal 0 0 0
outer loop
vertex 2.350298e-01 -7.777175e-02 -1.159552e-01
vertex 2.350298e-01 -1.098783e-01 -1.101665e-01
vertex 2.223998e-01 -7.889353e-02 -1.087042e-01
endloop
endfacet
facet normal 0 0 0
outer loop
vertex 2.350298e-01 -7.708121e-02 -1.159742e-01
vertex 2.350298e-01 -7.777175e-02 -1.159552e-01
vertex 2.223998e-01 -7.889353e-02 -1.087042e-01
endloop
endfacet
facet normal 0 0 0
outer loop
vertex 2.350298e-01 -7.708121e-02 -1.159742e-01
vertex 2.223998e-01 -7.889353e-02 -1.087042e-01
vertex 2.350298e-01 -5.067607e-02 -1.085080e-01
endloop
endfacet
facet normal 0 0 0
outer loop
vertex 2.350298e-01 -1.451105e-02 -9.057675e-02
vertex 2.291228e-01 -1.581346e-02 -8.691237e-02
vertex 2.350298e-01 -1.414807e-02 -9.022672e-02
endloop
endfacet
facet normal 0 0 0
outer loop
vertex 2.350298e-01 -1.992120e-02 -9.338725e-02
vertex 2.291228e-01 -1.581346e-02 -8.691237e-02
vertex 2.350298e-01 -1.451105e-02 -9.057675e-02
endloop
endfacet
facet normal 0 0 0
outer loop
vertex 1.669411e-02 4.961878e-01 2.462040e-01
vertex 1.564752e-02 5.000000e-01 2.497353e-01
vertex 1.196931e-02 5.000000e-01 2.486689e-01
endloop
endfacet
facet normal 0 0 0
outer loop
vertex 2.118039e-02 5.000000e-01 2.456898e-01
vertex 1.564752e-02 5.000000e-01 2.497353e-01
vertex 1.669411e-02 4.961878e-01 2.462040e-01
endloop
endfacet
facet normal 0 0 0
outer loop
vertex -3.274564e-02 5.000000e-01 2.407732e-01
vertex 1.669411e-02 4.961878e-01 2.462040e-01
vertex 1.196931e-02 5.000000e-01 2.486689e-01
endloop
endfacet
facet normal 0 0 0
outer loop
vertex -4.403955e-02 4.797422e-01 2.276747e-01
vertex -4.666079e-02 5.000000e-01 2.386419e-01
vertex -5.722008e-02 5.000000e-01 2.314912e-01
endloop
endfacet
facet normal 0 0 0
outer loop
vertex 2.437116e-02 4.609873e-01 2.242826e-01
vertex 5.114361e-02 5.000000e-01 2.245116e-01
vertex 3.703834e-02 5.000000e-01 2.370759e-01
endloop
endfacet
facet normal 0 0 0
outer loop
vertex 2.437116e-02 4.609873e-01 2.242826e-01
vertex -4.487700e-02 5.000000e-01 2.388252e-01
vertex -4.666079e-02 5.000000e-01 2.386419e-01
endloop
endfacet
facet normal 0 0 0
outer loop
vertex 2.437116e-02 4.609873e-01 2.242826e-01
vertex -4.666079e-02 5.000000e-01 2.386419e-01
vertex -4.403955e-02 4.797422e-01 2.276747e-01
endloop
endfacet
facet normal 0 0 0
outer loop
vertex 2.437116e-02 4.609873e-01 2.242826e-01
vertex 1.669411e-02 4.961878e-01 2.462040e-01
vertex -3.274564e-02 5.000000e-01 2.407732e-01
endloop
endfacet
facet normal 0 0 0
outer loop
vertex 2.437116e-02 4.609873e-01 2.242826e-01
vertex -3.274564e-02 5.000000e-01 2.407732e-01
vertex -4.487700e-02 5.000000e-01 2.388252e-01
endloop
endfacet
facet normal 0 0 0
outer loop
vertex 2.437116e-02 4.609873e-01 2.242826e-01
vertex 2.118039e-02 5.000000e-01 2.456898e-01
vertex 1.669411e-02 4.961878e-01 2.462040e-01
endloop
endfacet
facet normal 0 0 0
outer loop
vertex 2.437116e-02 4.609873e-01 2.242826e-01
vertex 3.703834e-02 5.000000e-01 2.370759e-01
vertex 2.118039e-02 5.000000e-01 2.456898e-01
endloop
endfacet
facet normal 0 0 0
outer loop
vertex 5.508110e-02 5.000000e-01 2.224262e-01
vertex 5.114361e-02 5.000000e-01 2.245116e-01
vertex 2.437116e-02 4.609873e-01 2.242826e-01
endloop
endfacet
facet normal 0 0 0
outer loop
vertex 5.547519e-02 4.654753e-01 2.094695e-01
vertex 5.508110e-02 5.000000e-01 2.224262e-01
vertex 2.437116e-02 4.609873e-01 2.242826e-01
endloop
endfacet
facet normal 0 0 0
outer loop
vertex -7.054409e-02 5.000000e-01 2.254121e-01
vertex -4.403955e-02 4.797422e-01 2.276747e-01
vertex -5.722008e-02 5.000000e-01 2.314912e-01
endloop
endfacet
facet normal 0 0 0
outer loop
vertex -6.657635e-02 4.623502e-01 2.089535e-01
vertex -4.403955e-02 4.797422e-01 2.276747e-01
vertex -7.054409e-02 5.000000e-01 2.254121e-01
endloop
endfacet
facet normal 0 0 0
outer loop
vertex 7.112572e-02 4.778244e-01 1.992680e-01
vertex 6.840768e-02 5.000000e-01 2.089760e-01
vertex 5.828570e-02 5.000000e-01 2.194161e-01
endloop
endfacet
facet normal 0 0 0
outer loop
vertex 5.547519e-02 4.654753e-01 2.094695e-01
vertex 5.828570e-02 5.000000e-01 2.194161e-01
vertex 5.508110e-02 5.000000e-01 2.224262e-01
endloop
endfacet
facet normal 0 0 0
outer loop
vertex 7.112572e-02 4.778244e-01 1.992680e-01
vertex 5.828570e-02 5.000000e-01 2.194161e-01
vertex 5.547519e-02 4.654753e-01 2.094695e-01
endloop
endfacet
facet normal 0 0 0
outer loop
vertex -9.187526e-02 5.000000e-01 2.052408e-01
vertex -6.657635e-02 4.623502e-01 2.089535e-01
vertex -7.054409e-02 5.000000e-01 2.254121e-01
endloop
endfacet
facet normal 0 0 0
outer loop
vertex -1.007847e-01 4.883915e-01 1.905832e-01
vertex -6.657635e-02 4.623502e-01 2.089535e-01
vertex -9.187526e-02 5.000000e-01 2.052408e-01
endloop
endfacet
facet normal 0 0 0
outer loop
vertex -1.007847e-01 4.883915e-01 1.905832e-01
vertex -9.187526e-02 5.000000e-01 2.052408e-01
vertex -9.907699e-02 5.000000e-01 1.978990e-01
endloop
endfacet
facet normal 0 0 0
outer loop
vertex -1.075318e-01 5.000000e-01 1.856000e-01
vertex -1.007847e-01 4.883915e-01 1.905832e-01
vertex -9.907699e-02 5.000000e-01 1.978990e-01
endloop
endfacet
facet normal 0 0 0
outer loop
vertex 7.112572e-02 4.778244e-01 1.992680e-01
vertex 7.172724e-02 5.000000e-01 2.042218e-01
vertex 6.840768e-02 5.000000e-01 2.089760e-01
endloop
endfacet
facet normal 0 0 0
outer loop
vertex 9.371352e-02 5.000000e-01 1.727419e-01
vertex 7.172724e-02 5.000000e-01 2.042218e-01
vertex 7.112572e-02 4.778244e-01 1.992680e-01
endloop
endfacet
facet normal 0 0 0
outer loop
vertex -1.134640e-01 4.176309e-01 1.598509e-01
vertex -1.007847e-01 4.883915e-01 1.905832e-01
vertex -1.075318e-01 5.000000e-01 1.856000e-01
endloop
endfacet
facet normal 0 0 0
outer loop
vertex -1.134640e-01 4.176309e-01 1.598509e-01
vertex -1.075318e-01 5.000000e-01 1.856000e-01
vertex -1.184213e-01 5.000000e-01 1.732336e-01
endloop
endfacet
facet normal 0 0 0
outer loop
vertex 1.284595e-01 3.552716e-01 1.294114e-01
vertex 9.371352e-02 5.000000e-01 1.727419e-01
vertex 7.112572e-02 4.778244e-01 1.992680e-01
endloop
endfacet
facet normal 0 0 0
outer loop
vertex 1.284595e-01 3.552716e-01 1.294114e-01
vertex 1.005289e-01 5.000000e-01 1.646431e-01
vertex 9.371352e-02 5.000000e-01 1.727419e-01
endloop
endfacet
facet normal 0 0 0
outer loop
vertex -1.458350e-01 4.484212e-01 1.243003e-01
vertex -1.272201e-01 5.000000e-01 1.615404e-01
vertex -1.290290e-01 5.000000e-01 1.515783e-01
endloop
endfacet
facet normal 0 0 0
outer loop
vertex -1.134640e-01 4.176309e-01 1.598509e-01
vertex -1.184213e-01 5.000000e-01 1.732336e-01
vertex -1.272201e-01 5.000000e-01 1.615404e-01
endloop
endfacet
facet normal 0 0 0
outer loop
vertex -1.458350e-01 4.484212e-01 1.243003e-01
vertex -1.134640e-01 4.176309e-01 1.598509e-01
vertex -1.272201e-01 5.000000e-01 1.615404e-01
endloop
endfacet
facet normal 0 0 0
outer loop
vertex 1.284595e-01 3.552716e-01 1.294114e-01
vertex 1.015081e-01 5.000000e-01 1.636829e-01
vertex 1.005289e-01 5.000000e-01 1.646431e-01
endloop
endfacet
facet normal 0 0 0
outer loop
vertex 1.475021e-01 3.746747e-01 1.117809e-01
vertex 1.015081e-01 5.000000e-01 1.636829e-01
vertex 1.284595e-01 3.552716e-01 1.294114e-01
endloop
endfacet
facet normal 0 0 0
outer loop
vertex -1.310098e-01 5.000000e-01 1.080258e-01
vertex -1.458350e-01 4.484212e-01 1.243003e-01
vertex -1.290290e-01 5.000000e-01 1.515783e-01
endloop
endfacet
facet normal 0 0 0
outer loop
vertex 1.384449e-01 4.593556e-01 3.813204e-02
vertex 1.126905e-01 5.000000e-01 6.791808e-02
vertex 1.041855e-01 5.000000e-01 1.504652e-01
endloop
endfacet
facet normal 0 0 0
outer loop
vertex 1.475021e-01 3.746747e-01 1.117809e-01
vertex 1.041855e-01 5.000000e-01 1.504652e-01
vertex 1.015081e-01 5.000000e-01 1.636829e-01
endloop
endfacet
facet normal 0 0 0
outer loop
vertex 1.384449e-01 4.593556e-01 3.813204e-02
vertex 1.041855e-01 5.000000e-01 1.504652e-01
vertex 1.475021e-01 3.746747e-01 1.117809e-01
endloop
endfacet
facet normal 0 0 0
outer loop
vertex 1.004987e-01 5.000000e-01 3.778201e-02
vertex 1.126905e-01 5.000000e-01 6.791808e-02
vertex 1.384449e-01 4.593556e-01 3.813204e-02
endloop
endfacet
facet normal 0 0 0
outer loop
vertex 8.487406e-02 4.997753e-01 -1.378205e-02
vertex 1.004987e-01 5.000000e-01 3.778201e-02
vertex 1.384449e-01 4.593556e-01 3.813204e-02
endloop
endfacet
facet normal 0 0 0
outer loop
vertex 8.487406e-02 4.997753e-01 -1.378205e-02
vertex 8.473925e-02 5.000000e-01 -1.353919e-02
vertex 1.004987e-01 5.000000e-01 3.778201e-02
endloop
endfacet
facet normal 0 0 0
outer loop
vertex 8.487406e-02 4.997753e-01 -1.378205e-02
vertex 8.450504e-02 5.000000e-01 -1.367228e-02
vertex 8.473925e-02 5.000000e-01 -1.353919e-02
endloop
endfacet
facet normal 0 0 0
outer loop
vertex -1.735357e-01 3.811980e-01 -2.411663e-02
vertex -1.458350e-01 4.484212e-01 1.243003e-01
vertex -1.310098e-01 5.000000e-01 1.080258e-01
endloop
endfacet
facet normal 0 0 0
outer loop
vertex -1.735357e-01 3.811980e-01 -2.411663e-02
vertex -1.310098e-01 5.000000e-01 1.080258e-01
vertex -1.328221e-01 5.000000e-01 7.132149e-02
endloop
endfacet
facet normal 0 0 0
outer loop
vertex -1.105723e-01 4.666645e-01 -4.990125e-02
vertex -1.161207e-01 5.000000e-01 2.447877e-02
vertex -1.135746e-01 5.000000e-01 1.891997e-02
endloop
endfacet
facet normal 0 0 0
outer loop
vertex -1.105723e-01 4.666645e-01 -4.990125e-02
vertex -1.135746e-01 5.000000e-01 1.891997e-02
vertex -9.619907e-02 5.000000e-01 -1.901675e-02
endloop
endfacet
facet normal 0 0 0
outer loop
vertex -1.735357e-01 3.811980e-01 -2.411663e-02
vertex -1.328221e-01 5.000000e-01 7.132149e-02
vertex -1.161207e-01 5.000000e-01 2.447877e-02
endloop
endfacet
facet normal 0 0 0
outer loop
vertex -1.105723e-01 4.666645e-01 -4.990125e-02
vertex -1.735357e-01 3.811980e-01 -2.411663e-02
vertex -1.161207e-01 5.000000e-01 2.447877e-02
endloop
endfacet
facet normal 0 0 0
outer loop
vertex -1.105723e-01 4.666645e-01 -4.990125e-02
vertex -9.619907e-02 5.000000e-01 -1.901675e-02
vertex -5.769282e-02 5.000000e-01 -4.749348e-02
endloop
endfacet
facet normal 0 0 0
outer loop
vertex 1.808295e-02 4.961299e-01 -5.789029e-02
vertex -1.703893e-02 5.000000e-01 -5.251472e-02
vertex 1.680992e-02 5.000000e-01 -5.304709e-02
endloop
endfacet
facet normal 0 0 0
outer loop
vertex 1.680992e-02 5.000000e-01 -5.304709e-02
vertex 8.450504e-02 5.000000e-01 -1.367228e-02
vertex 8.487406e-02 4.997753e-01 -1.378205e-02
endloop
endfacet
facet normal 0 0 0
outer loop
vertex 1.808295e-02 4.961299e-01 -5.789029e-02
vertex 1.680992e-02 5.000000e-01 -5.304709e-02
vertex 8.487406e-02 4.997753e-01 -1.378205e-02
endloop
endfacet
facet normal 0 0 0
outer loop
vertex -1.105723e-01 4.666645e-01 -4.990125e-02
vertex -5.769282e-02 5.000000e-01 -4.749348e-02
vertex -5.442254e-02 5.000000e-01 -4.915714e-02
endloop
endfacet
facet normal 0 0 0
outer loop
vertex -1.394301e-01 3.833569e-01 -1.084804e-01
vertex -1.105723e-01 4.666645e-01 -4.990125e-02
vertex -5.442254e-02 5.000000e-01 -4.915714e-02
endloop
endfacet
facet normal 0 0 0
outer loop
vertex 2.865780e-02 4.385836e-01 -1.114015e-01
vertex -4.695031e-02 5.000000e-01 -5.096945e-02
vertex -1.703893e-02 5.000000e-01 -5.251472e-02
endloop
endfacet
facet normal 0 0 0
outer loop
vertex 2.865780e-02 4.385836e-01 -1.114015e-01
vertex -1.703893e-02 5.000000e-01 -5.251472e-02
vertex 1.808295e-02 4.961299e-01 -5.789029e-02
endloop
endfacet
facet normal 0 0 0
outer loop
vertex -1.394301e-01 3.833569e-01 -1.084804e-01
vertex -5.442254e-02 5.000000e-01 -4.915714e-02
vertex -5.165696e-02 5.000000e-01 -5.063672e-02
endloop
endfacet
facet normal 0 0 0
outer loop
vertex -5.193179e-02 4.179516e-01 -1.242061e-01
vertex -1.394301e-01 3.833569e-01 -1.084804e-01
vertex -5.165696e-02 5.000000e-01 -5.063672e-02
endloop
endfacet
facet normal 0 0 0
outer loop
vertex -5.193179e-02 4.179516e-01 -1.242061e-01
vertex -5.165696e-02 5.000000e-01 -5.063672e-02
vertex -4.695031e-02 5.000000e-01 -5.096945e-02
endloop
endfacet
facet normal 0 0 0
outer loop
vertex -5.193179e-02 4.179516e-01 -1.242061e-01
vertex -4.695031e-02 5.000000e-01 -5.096945e-02
vertex 2.865780e-02 4.385836e-01 -1.114015e-01
endloop
endfacet
facet normal 0 0 0
outer loop
vertex 2.254022e-01 -7.600956e-02 -1.998902e-02
vertex 2.141481e-01 -1.281855e-01 -6.123923e-02
vertex 2.242744e-01 -6.841806e-02 -5.376873e-02
endloop
endfacet
facet normal 0 0 0
outer loop
vertex 2.242744e-01 -6.841806e-02 -5.376873e-02
vertex 2.285316e-01 -2.845730e-02 -5.865689e-02
vertex 2.254022e-01 -7.600956e-02 -1.998902e-02
endloop
endfacet
facet normal 0 0 0
outer loop
vertex 2.304502e-01 -1.324667e-02 -6.686457e-02
vertex 2.254022e-01 -7.600956e-02 -1.998902e-02
vertex 2.285316e-01 -2.845730e-02 -5.865689e-02
endloop
endfacet
facet normal 0 0 0
outer loop
vertex 2.276389e-01 1.282745e-01 -1.422212e-01
vertex 2.296093e-01 5.711323e-03 -1.369234e-01
vertex 2.251844e-01 1.239363e-02 -1.495569e-01
endloop
endfacet
facet normal 0 0 0
outer loop
vertex 2.251844e-01 1.239363e-02 -1.495569e-01
vertex 2.028982e-01 7.880276e-02 -1.851005e-01
vertex 2.276389e-01 1.282745e-01 -1.422212e-01
endloop
endfacet
facet normal 0 0 0
outer loop
vertex 2.276389e-01 1.282745e-01 -1.422212e-01
vertex 2.028982e-01 7.880276e-02 -1.851005e-01
vertex 1.852772e-01 2.159483e-01 -1.647027e-01
endloop
endfacet
facet normal 0 0 0
outer loop
vertex 2.276389e-01 1.282745e-01 -1.422212e-01
vertex 1.852772e-01 2.159483e-01 -1.647027e-01
vertex 2.022198e-01 2.380573e-01 -1.267366e-01
endloop
endfacet
facet normal 0 0 0
outer loop
vertex 2.276389e-01 1.282745e-01 -1.422212e-01
vertex 2.022198e-01 2.380573e-01 -1.267366e-01
vertex 2.258205e-01 1.813224e-01 -6.129368e-02
endloop
endfacet
facet normal 0 0 0
outer loop
vertex 2.258205e-01 1.813224e-01 -6.129368e-02
vertex 2.022198e-01 2.380573e-01 -1.267366e-01
vertex 2.037824e-01 2.895176e-01 -3.402602e-02
endloop
endfacet
facet normal 0 0 0
outer loop
vertex 2.109175e-01 1.609601e-01 3.737581e-02
vertex 2.258205e-01 1.813224e-01 -6.129368e-02
vertex 2.037824e-01 2.895176e-01 -3.402602e-02
endloop
endfacet
facet normal 0 0 0
outer loop
vertex 2.109175e-01 1.609601e-01 3.737581e-02
vertex 2.037824e-01 2.895176e-01 -3.402602e-02
vertex 1.742080e-01 2.708396e-01 7.931311e-02
endloop
endfacet
facet normal 0 0 0
outer loop
vertex 1.742080e-01 2.708396e-01 7.931311e-02
vertex 1.572646e-01 1.358988e-01 1.057364e-01
vertex 2.109175e-01 1.609601e-01 3.737581e-02
endloop
endfacet
facet normal 0 0 0
outer loop
vertex 1.906494e-01 4.746279e-02 7.527625e-02
vertex 2.109175e-01 1.609601e-01 3.737581e-02
vertex 1.572646e-01 1.358988e-01 1.057364e-01
endloop
endfacet
facet normal 0 0 0
outer loop
vertex 1.572646e-01 1.358988e-01 1.057364e-01
vertex 6.095275e-02 1.696806e-02 1.539126e-01
vertex 1.906494e-01 4.746279e-02 7.527625e-02
endloop
endfacet
facet normal 0 0 0
outer loop
vertex 6.095275e-02 1.696806e-02 1.539126e-01
vertex 8.328127e-02 -5.850695e-02 1.410804e-01
vertex 1.906494e-01 4.746279e-02 7.527625e-02
endloop
endfacet
facet normal 0 0 0
outer loop
vertex 8.328127e-02 -5.850695e-02 1.410804e-01
vertex 1.697045e-01 -1.344573e-01 4.994015e-02
vertex 1.906494e-01 4.746279e-02 7.527625e-02
endloop
endfacet
facet normal 0 0 0
outer loop
vertex 1.906494e-01 4.746279e-02 7.527625e-02
vertex 1.697045e-01 -1.344573e-01 4.994015e-02
vertex 2.254022e-01 -7.600956e-02 -1.998902e-02
endloop
endfacet
facet normal 0 0 0
outer loop
vertex 1.697045e-01 -1.344573e-01 4.994015e-02
vertex 2.126114e-01 -1.334219e-01 -3.630330e-02
vertex 2.254022e-01 -7.600956e-02 -1.998902e-02
endloop
endfacet
facet normal 0 0 0
outer loop
vertex 2.105079e-01 -1.446553e-01 -4.393368e-02
vertex 2.126114e-01 -1.334219e-01 -3.630330e-02
vertex 1.697045e-01 -1.344573e-01 4.994015e-02
endloop
endfacet
facet normal 0 0 0
outer loop
vertex 1.842021e-01 -1.957337e-01 1.380107e-02
vertex 2.105079e-01 -1.446553e-01 -4.393368e-02
vertex 1.697045e-01 -1.344573e-01 4.994015e-02
endloop
endfacet
facet normal 0 0 0
outer loop
vertex 9.444640e-02 -2.600687e-01 9.309775e-02
vertex 1.842021e-01 -1.957337e-01 1.380107e-02
vertex 1.697045e-01 -1.344573e-01 4.994015e-02
endloop
endfacet
facet normal 0 0 0
outer loop
vertex 6.532321e-02 -2.056448e-01 1.212184e-01
vertex 9.444640e-02 -2.600687e-01 9.309775e-02
vertex 1.697045e-01 -1.344573e-01 4.994015e-02
endloop
endfacet
facet normal 0 0 0
outer loop
vertex 6.532321e-02 -2.056448e-01 1.212184e-01
vertex -5.236862e-03 -2.751133e-01 1.238578e-01
vertex 9.444640e-02 -2.600687e-01 9.309775e-02
endloop
endfacet
facet normal 0 0 0
outer loop
vertex 9.444640e-02 -2.600687e-01 9.309775e-02
vertex -5.236862e-03 -2.751133e-01 1.238578e-01
vertex 1.281626e-02 -3.055165e-01 1.208710e-01
endloop
endfacet
facet normal 0 0 0
outer loop
vertex 1.281626e-02 -3.055165e-01 1.208710e-01
vertex 5.810075e-02 -3.701738e-01 8.571282e-02
vertex 9.444640e-02 -2.600687e-01 9.309775e-02
endloop
endfacet
facet normal 0 0 0
outer loop
vertex 9.444640e-02 -2.600687e-01 9.309775e-02
vertex 5.810075e-02 -3.701738e-01 8.571282e-02
vertex 1.657108e-01 -2.584171e-01 1.494186e-02
endloop
endfacet
facet normal 0 0 0
outer loop
vertex 5.810075e-02 -3.701738e-01 8.571282e-02
vertex 1.041959e-01 -4.109452e-01 1.119019e-02
vertex 1.657108e-01 -2.584171e-01 1.494186e-02
endloop
endfacet
facet normal 0 0 0
outer loop
vertex 1.041959e-01 -4.109452e-01 1.119019e-02
vertex 1.612729e-01 -2.917465e-01 -9.352808e-03
vertex 1.657108e-01 -2.584171e-01 1.494186e-02
endloop
endfacet
facet normal 0 0 0
outer loop
vertex 1.657108e-01 -2.584171e-01 1.494186e-02
vertex 1.612729e-01 -2.917465e-01 -9.352808e-03
vertex 1.794108e-01 -2.544372e-01 -3.914405e-02
endloop
endfacet
facet normal 0 0 0
outer loop
vertex 1.657108e-01 -2.584171e-01 1.494186e-02
vertex 1.794108e-01 -2.544372e-01 -3.914405e-02
vertex 1.741009e-01 -2.544372e-01 -1.441294e-02
endloop
endfacet
facet normal 0 0 0
outer loop
vertex 1.657108e-01 -2.584171e-01 1.494186e-02
vertex 1.741009e-01 -2.544372e-01 -1.441294e-02
vertex 1.745520e-01 -2.406440e-01 -1.438090e-03
endloop
endfacet
facet normal 0 0 0
outer loop
vertex 1.745520e-01 -2.406440e-01 -1.438090e-03
vertex 1.797651e-01 -2.247048e-01 1.136477e-03
vertex 1.657108e-01 -2.584171e-01 1.494186e-02
endloop
endfacet
facet normal 0 0 0
outer loop
vertex 1.657108e-01 -2.584171e-01 1.494186e-02
vertex 1.797651e-01 -2.247048e-01 1.136477e-03
vertex 1.826690e-01 -2.137030e-01 -9.299187e-04
endloop
endfacet
facet normal 0 0 0
outer loop
vertex 1.657108e-01 -2.584171e-01 1.494186e-02
vertex 1.826690e-01 -2.137030e-01 -9.299187e-04
vertex 1.842021e-01 -1.957337e-01 1.380107e-02
endloop
endfacet
facet normal 0 0 0
outer loop
vertex 1.842021e-01 -1.957337e-01 1.380107e-02
vertex 1.826690e-01 -2.137030e-01 -9.299187e-04
vertex 1.856610e-01 -2.064071e-01 -8.480784e-03
endloop
endfacet
facet normal 0 0 0
outer loop
vertex 1.826690e-01 -2.137030e-01 -9.299187e-04
vertex 1.849169e-01 -2.082626e-01 -1.530742e-02
vertex 1.856610e-01 -2.064071e-01 -8.480784e-03
endloop
endfacet
facet normal 0 0 0
outer loop
vertex 1.849169e-01 -2.082626e-01 -1.530742e-02
vertex 1.863999e-01 -2.096713e-01 -1.917145e-02
vertex 1.856610e-01 -2.064071e-01 -8.480784e-03
endloop
endfacet
facet normal 0 0 0
outer loop
vertex 1.856610e-01 -2.064071e-01 -8.480784e-03
vertex 1.863999e-01 -2.096713e-01 -1.917145e-02
vertex 2.105079e-01 -1.446553e-01 -4.393368e-02
endloop
endfacet
facet normal 0 0 0
outer loop
vertex 1.863999e-01 -2.096713e-01 -1.917145e-02
vertex 1.872866e-01 -2.136053e-01 -3.249026e-02
vertex 2.105079e-01 -1.446553e-01 -4.393368e-02
endloop
endfacet
facet normal 0 0 0
outer loop
vertex 1.856549e-01 -2.250513e-01 -5.122527e-02
vertex 2.105079e-01 -1.446553e-01 -4.393368e-02
vertex 1.872866e-01 -2.136053e-01 -3.249026e-02
endloop
endfacet
facet normal 0 0 0
outer loop
vertex 1.856549e-01 -2.250513e-01 -5.122527e-02
vertex 1.872866e-01 -2.136053e-01 -3.249026e-02
vertex 1.841503e-01 -2.239425e-01 -2.537324e-02
endloop
endfacet
facet normal 0 0 0
outer loop
vertex 1.768794e-01 -2.420017e-01 -1.484074e-02
vertex 1.856549e-01 -2.250513e-01 -5.122527e-02
vertex 1.841503e-01 -2.239425e-01 -2.537324e-02
endloop
endfacet
facet normal 0 0 0
outer loop
vertex 1.768794e-01 -2.420017e-01 -1.484074e-02
vertex 1.841503e-01 -2.239425e-01 -2.537324e-02
vertex 1.857301e-01 -2.319281e-01 -1.592450e-02
endloop
endfacet
facet normal 0 0 0
outer loop
vertex 1.802292e-01 -2.369018e-01 -4.558857e-03
vertex 1.768794e-01 -2.420017e-01 -1.484074e-02
vertex 1.857301e-01 -2.319281e-01 -1.592450e-02
endloop
endfacet
facet normal 0 0 0
outer loop
vertex 1.802292e-01 -2.369018e-01 -4.558857e-03
vertex 1.857301e-01 -2.319281e-01 -1.592450e-02
vertex 1.838927e-01 -2.288004e-01 -1.050656e-02
endloop
endfacet
facet normal 0 0 0
outer loop
vertex 1.839645e-01 -2.308029e-01 -3.742153e-03
vertex 1.802292e-01 -2.369018e-01 -4.558857e-03
vertex 1.838927e-01 -2.288004e-01 -1.050656e-02
endloop
endfacet
facet normal 0 0 0
outer loop
vertex 1.839645e-01 -2.308029e-01 -3.742153e-03
vertex 1.838927e-01 -2.288004e-01 -1.050656e-02
vertex 1.826690e-01 -2.137030e-01 -9.299187e-04
endloop
endfacet
facet normal 0 0 0
outer loop
vertex 1.838927e-01 -2.288004e-01 -1.050656e-02
vertex 1.890661e-01 -2.186058e-01 -1.131982e-02
vertex 1.826690e-01 -2.137030e-01 -9.299187e-04
endloop
endfacet
facet normal 0 0 0
outer loop
vertex 1.826690e-01 -2.137030e-01 -9.299187e-04
vertex 1.890661e-01 -2.186058e-01 -1.131982e-02
vertex 1.875415e-01 -2.136788e-01 -9.180829e-03
endloop
endfacet
facet normal 0 0 0
outer loop
vertex 1.890661e-01 -2.186058e-01 -1.131982e-02
vertex 1.860041e-01 -2.141956e-01 -2.294212e-02
vertex 1.875415e-01 -2.136788e-01 -9.180829e-03
endloop
endfacet
facet normal 0 0 0
outer loop
vertex 1.875415e-01 -2.136788e-01 -9.180829e-03
vertex 1.860041e-01 -2.141956e-01 -2.294212e-02
vertex 1.849169e-01 -2.082626e-01 -1.530742e-02
endloop
endfacet
facet normal 0 0 0
outer loop
vertex 1.857301e-01 -2.319281e-01 -1.592450e-02
vertex 1.860041e-01 -2.141956e-01 -2.294212e-02
vertex 1.890661e-01 -2.186058e-01 -1.131982e-02
endloop
endfacet
facet normal 0 0 0
outer loop
vertex 1.797651e-01 -2.247048e-01 1.136477e-03
vertex 1.802292e-01 -2.369018e-01 -4.558857e-03
vertex 1.839645e-01 -2.308029e-01 -3.742153e-03
endloop
endfacet
facet normal 0 0 0
outer loop
vertex 1.838927e-01 -2.288004e-01 -1.050656e-02
vertex 1.857301e-01 -2.319281e-01 -1.592450e-02
vertex 1.890661e-01 -2.186058e-01 -1.131982e-02
endloop
endfacet
facet normal 0 0 0
outer loop
vertex 1.802292e-01 -2.369018e-01 -4.558857e-03
vertex 1.737871e-01 -2.437639e-01 -8.119535e-03
vertex 1.768794e-01 -2.420017e-01 -1.484074e-02
endloop
endfacet
facet normal 0 0 0
outer loop
vertex 1.737871e-01 -2.437639e-01 -8.119535e-03
vertex 1.741009e-01 -2.544372e-01 -1.441294e-02
vertex 1.768794e-01 -2.420017e-01 -1.484074e-02
endloop
endfacet
facet normal 0 0 0
outer loop
vertex 1.745520e-01 -2.406440e-01 -1.438090e-03
vertex 1.737871e-01 -2.437639e-01 -8.119535e-03
vertex 1.802292e-01 -2.369018e-01 -4.558857e-03
endloop
endfacet
facet normal 0 0 0
outer loop
vertex 1.857301e-01 -2.319281e-01 -1.592450e-02
vertex 1.841503e-01 -2.239425e-01 -2.537324e-02
vertex 1.860041e-01 -2.141956e-01 -2.294212e-02
endloop
endfacet
facet normal 0 0 0
outer loop
vertex 1.768794e-01 -2.420017e-01 -1.484074e-02
vertex 1.741009e-01 -2.544372e-01 -1.441294e-02
vertex 1.856549e-01 -2.250513e-01 -5.122527e-02
endloop
endfacet
facet normal 0 0 0
outer loop
vertex 1.856549e-01 -2.250513e-01 -5.122527e-02
vertex 1.741009e-01 -2.544372e-01 -1.441294e-02
vertex 1.756660e-01 -2.427907e-01 -3.062610e-02
endloop
endfacet
facet normal 0 0 0
outer loop
vertex 1.756660e-01 -2.427907e-01 -3.062610e-02
vertex 1.806172e-01 -2.264592e-01 -5.173863e-02
vertex 1.856549e-01 -2.250513e-01 -5.122527e-02
endloop
endfacet
facet normal 0 0 0
outer loop
vertex 1.856549e-01 -2.250513e-01 -5.122527e-02
vertex 1.806172e-01 -2.264592e-01 -5.173863e-02
vertex 1.860214e-01 -2.224180e-01 -5.269274e-02
endloop
endfacet
facet normal 0 0 0
outer loop
vertex 1.856549e-01 -2.250513e-01 -5.122527e-02
vertex 1.860214e-01 -2.224180e-01 -5.269274e-02
vertex 1.986747e-01 -1.853403e-01 -5.805451e-02
endloop
endfacet
facet normal 0 0 0
outer loop
vertex 1.859695e-01 -2.201303e-01 -5.354662e-02
vertex 1.986747e-01 -1.853403e-01 -5.805451e-02
vertex 1.860214e-01 -2.224180e-01 -5.269274e-02
endloop
endfacet
facet normal 0 0 0
outer loop
vertex 1.860214e-01 -2.224180e-01 -5.269274e-02
vertex 1.860127e-01 -2.229391e-01 -5.366588e-02
vertex 1.859695e-01 -2.201303e-01 -5.354662e-02
endloop
endfacet
facet normal 0 0 0
outer loop
vertex 1.860127e-01 -2.229391e-01 -5.366588e-02
vertex 1.986747e-01 -1.853403e-01 -5.805451e-02
vertex 1.859695e-01 -2.201303e-01 -5.354662e-02
endloop
endfacet
facet normal 0 0 0
outer loop
vertex 1.860127e-01 -2.229391e-01 -5.366588e-02
vertex 1.874188e-01 -2.343946e-01 -5.535893e-02
vertex 1.986747e-01 -1.853403e-01 -5.805451e-02
endloop
endfacet
facet normal 0 0 0
outer loop
vertex 2.068037e-01 -1.576146e-01 -6.390369e-02
vertex 1.986747e-01 -1.853403e-01 -5.805451e-02
vertex 1.874188e-01 -2.343946e-01 -5.535893e-02
endloop
endfacet
facet normal 0 0 0
outer loop
vertex 2.068037e-01 -1.576146e-01 -6.390369e-02
vertex 1.874188e-01 -2.343946e-01 -5.535893e-02
vertex 2.098346e-01 -1.522779e-01 -6.633565e-02
endloop
endfacet
facet normal 0 0 0
outer loop
vertex 2.108527e-01 -1.484545e-01 -6.287783e-02
vertex 2.068037e-01 -1.576146e-01 -6.390369e-02
vertex 2.098346e-01 -1.522779e-01 -6.633565e-02
endloop
endfacet
facet normal 0 0 0
outer loop
vertex 2.108527e-01 -1.484545e-01 -6.287783e-02
vertex 2.098346e-01 -1.522779e-01 -6.633565e-02
vertex 2.141481e-01 -1.281855e-01 -6.123923e-02
endloop
endfacet
facet normal 0 0 0
outer loop
vertex 2.108527e-01 -1.484545e-01 -6.287783e-02
vertex 2.141481e-01 -1.281855e-01 -6.123923e-02
vertex 2.105079e-01 -1.446553e-01 -4.393368e-02
endloop
endfacet
facet normal 0 0 0
outer loop
vertex 2.141481e-01 -1.281855e-01 -6.123923e-02
vertex 2.098346e-01 -1.522779e-01 -6.633565e-02
vertex 2.140841e-01 -1.316943e-01 -7.456756e-02
endloop
endfacet
facet normal 0 0 0
outer loop
vertex 2.173570e-01 -1.191516e-01 -9.863061e-02
vertex 2.140841e-01 -1.316943e-01 -7.456756e-02
vertex 2.098346e-01 -1.522779e-01 -6.633565e-02
endloop
endfacet
facet normal 0 0 0
outer loop
vertex 2.098346e-01 -1.522779e-01 -6.633565e-02
vertex 2.152482e-01 -1.191844e-01 -1.045420e-01
vertex 2.173570e-01 -1.191516e-01 -9.863061e-02
endloop
endfacet
facet normal 0 0 0
outer loop
vertex 2.173570e-01 -1.191516e-01 -9.863061e-02
vertex 2.152482e-01 -1.191844e-01 -1.045420e-01
vertex 2.172420e-01 -6.689356e-02 -1.361931e-01
endloop
endfacet
facet normal 0 0 0
outer loop
vertex 2.223998e-01 -7.889353e-02 -1.087042e-01
vertex 2.173570e-01 -1.191516e-01 -9.863061e-02
vertex 2.172420e-01 -6.689356e-02 -1.361931e-01
endloop
endfacet
facet normal 0 0 0
outer loop
vertex 2.095633e-01 -1.394543e-01 -1.162966e-01
vertex 2.172420e-01 -6.689356e-02 -1.361931e-01
vertex 2.152482e-01 -1.191844e-01 -1.045420e-01
endloop
endfacet
facet normal 0 0 0
outer loop
vertex 2.152482e-01 -1.191844e-01 -1.045420e-01
vertex 1.963205e-01 -1.777125e-01 -1.222996e-01
vertex 2.095633e-01 -1.394543e-01 -1.162966e-01
endloop
endfacet
facet normal 0 0 0
outer loop
vertex 1.963205e-01 -1.777125e-01 -1.222996e-01
vertex 2.172420e-01 -6.689356e-02 -1.361931e-01
vertex 2.095633e-01 -1.394543e-01 -1.162966e-01
endloop
endfacet
facet normal 0 0 0
outer loop
vertex 1.963205e-01 -1.777125e-01 -1.222996e-01
vertex 1.965919e-01 -1.499920e-01 -1.302134e-01
vertex 2.172420e-01 -6.689356e-02 -1.361931e-01
endloop
endfacet
facet normal 0 0 0
outer loop
vertex 1.965919e-01 -1.499920e-01 -1.302134e-01
vertex 2.144220e-01 -6.065373e-02 -1.406673e-01
vertex 2.172420e-01 -6.689356e-02 -1.361931e-01
endloop
endfacet
facet normal 0 0 0
outer loop
vertex 2.144220e-01 -6.065373e-02 -1.406673e-01
vertex 2.251844e-01 1.239363e-02 -1.495569e-01
vertex 2.172420e-01 -6.689356e-02 -1.361931e-01
endloop
endfacet
facet normal 0 0 0
outer loop
vertex 2.144220e-01 -6.065373e-02 -1.406673e-01
vertex 2.102037e-01 -2.801222e-02 -1.777951e-01
vertex 2.251844e-01 1.239363e-02 -1.495569e-01
endloop
endfacet
facet normal 0 0 0
outer loop
vertex 2.008681e-01 -8.197542e-02 -1.833772e-01
vertex 2.102037e-01 -2.801222e-02 -1.777951e-01
vertex 2.144220e-01 -6.065373e-02 -1.406673e-01
endloop
endfacet
facet normal 0 0 0
outer loop
vertex 2.144220e-01 -6.065373e-02 -1.406673e-01
vertex 1.918697e-01 -1.389220e-01 -1.764226e-01
vertex 2.008681e-01 -8.197542e-02 -1.833772e-01
endloop
endfacet
facet normal 0 0 0
outer loop
vertex 1.918697e-01 -1.389220e-01 -1.764226e-01
vertex 1.574556e-01 -1.616221e-01 -2.188405e-01
vertex 2.008681e-01 -8.197542e-02 -1.833772e-01
endloop
endfacet
facet normal 0 0 0
outer loop
vertex 2.008681e-01 -8.197542e-02 -1.833772e-01
vertex 1.574556e-01 -1.616221e-01 -2.188405e-01
vertex 1.699067e-01 -7.680292e-02 -2.230044e-01
endloop
endfacet
facet normal 0 0 0
outer loop
vertex 2.008681e-01 -8.197542e-02 -1.833772e-01
vertex 1.699067e-01 -7.680292e-02 -2.230044e-01
vertex 1.854933e-01 -4.377827e-03 -2.105515e-01
endloop
endfacet
facet normal 0 0 0
outer loop
vertex 1.404318e-01 5.074345e-02 -2.302640e-01
vertex 1.854933e-01 -4.377827e-03 -2.105515e-01
vertex 1.699067e-01 -7.680292e-02 -2.230044e-01
endloop
endfacet
facet normal 0 0 0
outer loop
vertex 1.699067e-01 -7.680292e-02 -2.230044e-01
vertex 1.203019e-01 -2.705896e-02 -2.485790e-01
vertex 1.404318e-01 5.074345e-02 -2.302640e-01
endloop
endfacet
facet normal 0 0 0
outer loop
vertex 8.677281e-02 3.008983e-02 -2.497258e-01
vertex 1.404318e-01 5.074345e-02 -2.302640e-01
vertex 1.203019e-01 -2.705896e-02 -2.485790e-01
endloop
endfacet
facet normal 0 0 0
outer loop
vertex 8.673132e-02 3.006044e-02 -2.497353e-01
vertex 8.677281e-02 3.008983e-02 -2.497258e-01
vertex 1.203019e-01 -2.705896e-02 -2.485790e-01
endloop
endfacet
facet normal 0 0 0
outer loop
vertex 8.673132e-02 3.006044e-02 -2.497353e-01
vertex 1.203019e-01 -2.705896e-02 -2.485790e-01
vertex 1.119213e-01 -2.405918e-02 -2.497353e-01
endloop
endfacet
facet normal 0 0 0
outer loop
vertex 1.102361e-01 -2.571334e-02 -2.497353e-01
vertex 8.673132e-02 3.006044e-02 -2.497353e-01
vertex 1.119213e-01 -2.405918e-02 -2.497353e-01
endloop
endfacet
facet normal 0 0 0
outer loop
vertex 8.673132e-02 3.006044e-02 -2.497353e-01
vertex 1.102361e-01 -2.571334e-02 -2.497353e-01
vertex -4.791048e-02 -1.724623e-01 -2.497353e-01
endloop
endfacet
facet normal 0 0 0
outer loop
vertex 8.673132e-02 3.006044e-02 -2.497353e-01
vertex -4.791048e-02 -1.724623e-01 -2.497353e-01
vertex -4.949809e-02 -1.707459e-01 -2.497353e-01
endloop
endfacet
facet normal 0 0 0
outer loop
vertex 8.673132e-02 3.006044e-02 -2.497353e-01
vertex -4.949809e-02 -1.707459e-01 -2.497353e-01
vertex -5.110731e-02 -1.674808e-01 -2.497353e-01
endloop
endfacet
facet normal 0 0 0
outer loop
vertex 8.673132e-02 3.006044e-02 -2.497353e-01
vertex -5.110731e-02 -1.674808e-01 -2.497353e-01
vertex -5.634460e-02 -1.433080e-01 -2.497353e-01
endloop
endfacet
facet normal 0 0 0
outer loop
vertex 8.673132e-02 3.006044e-02 -2.497353e-01
vertex -5.634460e-02 -1.433080e-01 -2.497353e-01
vertex -6.111176e-02 -1.226232e-01 -2.497353e-01
endloop
endfacet
facet normal 0 0 0
outer loop
vertex 8.673132e-02 3.006044e-02 -2.497353e-01
vertex -6.111176e-02 -1.226232e-01 -2.497353e-01
vertex -6.131225e-02 -1.215101e-01 -2.497353e-01
endloop
endfacet
facet normal 0 0 0
outer loop
vertex 8.673132e-02 3.006044e-02 -2.497353e-01
vertex -6.131225e-02 -1.215101e-01 -2.497353e-01
vertex -5.920438e-02 -1.147353e-01 -2.497353e-01
endloop
endfacet
facet normal 0 0 0
outer loop
vertex -6.427401e-02 -1.102084e-01 -2.497353e-01
vertex 8.673132e-02 3.006044e-02 -2.497353e-01
vertex -5.920438e-02 -1.147353e-01 -2.497353e-01
endloop
endfacet
facet normal 0 0 0
outer loop
vertex -6.427401e-02 -1.102084e-01 -2.497353e-01
vertex -5.920438e-02 -1.147353e-01 -2.497353e-01
vertex -6.411067e-02 -1.202587e-01 -2.483301e-01
endloop
endfacet
facet normal 0 0 0
outer loop
vertex -6.427401e-02 -1.102084e-01 -2.497353e-01
vertex -6.411067e-02 -1.202587e-01 -2.483301e-01
vertex -1.102119e-01 -9.061522e-02 -2.471659e-01
endloop
endfacet
facet normal 0 0 0
outer loop
vertex -6.427401e-02 -1.102084e-01 -2.497353e-01
vertex -1.102119e-01 -9.061522e-02 -2.471659e-01
vertex -1.000380e-01 -8.083894e-02 -2.497353e-01
endloop
endfacet
facet normal 0 0 0
outer loop
vertex -1.338320e-02 7.795839e-02 -2.497353e-01
vertex -6.427401e-02 -1.102084e-01 -2.497353e-01
vertex -1.000380e-01 -8.083894e-02 -2.497353e-01
endloop
endfacet
facet normal 0 0 0
outer loop
vertex -1.338320e-02 7.795839e-02 -2.497353e-01
vertex -1.000380e-01 -8.083894e-02 -2.497353e-01
vertex -1.049149e-01 -1.539517e-02 -2.497353e-01
endloop
endfacet
facet normal 0 0 0
outer loop
vertex -1.052606e-01 -3.448767e-03 -2.497353e-01
vertex -1.338320e-02 7.795839e-02 -2.497353e-01
vertex -1.049149e-01 -1.539517e-02 -2.497353e-01
endloop
endfacet
facet normal 0 0 0
outer loop
vertex -1.049149e-01 -1.539517e-02 -2.497353e-01
vertex -1.305034e-01 8.581466e-03 -2.411811e-01
vertex -1.052606e-01 -3.448767e-03 -2.497353e-01
endloop
endfacet
facet normal 0 0 0
outer loop
vertex -1.052606e-01 -3.448767e-03 -2.497353e-01
vertex -1.305034e-01 8.581466e-03 -2.411811e-01
vertex -8.715566e-02 7.567161e-02 -2.427030e-01
endloop
endfacet
facet normal 0 0 0
outer loop
vertex -1.052606e-01 -3.448767e-03 -2.497353e-01
vertex -8.715566e-02 7.567161e-02 -2.427030e-01
vertex -1.032227e-01 1.827755e-04 -2.497353e-01
endloop
endfacet
facet normal 0 0 0
outer loop
vertex -6.116793e-02 5.629015e-02 -2.497353e-01
vertex -1.052606e-01 -3.448767e-03 -2.497353e-01
vertex -1.032227e-01 1.827755e-04 -2.497353e-01
endloop
endfacet
facet normal 0 0 0
outer loop
vertex -1.052606e-01 -3.448767e-03 -2.497353e-01
vertex -6.116793e-02 5.629015e-02 -2.497353e-01
vertex -1.911484e-02 7.888658e-02 -2.497353e-01
endloop
endfacet
facet normal 0 0 0
outer loop
vertex -1.612284e-02 7.859707e-02 -2.497353e-01
vertex -1.052606e-01 -3.448767e-03 -2.497353e-01
vertex -1.911484e-02 7.888658e-02 -2.497353e-01
endloop
endfacet
facet normal 0 0 0
outer loop
vertex -1.612284e-02 7.859707e-02 -2.497353e-01
vertex -1.911484e-02 7.888658e-02 -2.497353e-01
vertex -1.696633e-02 8.279987e-02 -2.491528e-01
endloop
endfacet
facet normal 0 0 0
outer loop
vertex -1.338320e-02 7.795839e-02 -2.497353e-01
vertex -1.612284e-02 7.859707e-02 -2.497353e-01
vertex -1.696633e-02 8.279987e-02 -2.491528e-01
endloop
endfacet
facet normal 0 0 0
outer loop
vertex -1.338320e-02 7.795839e-02 -2.497353e-01
vertex -1.696633e-02 8.279987e-02 -2.491528e-01
vertex 8.677281e-02 3.008983e-02 -2.497258e-01
endloop
endfacet
facet normal 0 0 0
outer loop
vertex 8.677281e-02 3.008983e-02 -2.497258e-01
vertex -1.696633e-02 8.279987e-02 -2.491528e-01
vertex 6.650636e-02 9.168080e-02 -2.416642e-01
endloop
endfacet
facet normal 0 0 0
outer loop
vertex 8.677281e-02 3.008983e-02 -2.497258e-01
vertex 6.650636e-02 9.168080e-02 -2.416642e-01
vertex 1.341885e-01 8.748146e-02 -2.254026e-01
endloop
endfacet
facet normal 0 0 0
outer loop
vertex 1.341885e-01 8.748146e-02 -2.254026e-01
vertex 6.650636e-02 9.168080e-02 -2.416642e-01
vertex 1.168467e-01 1.817217e-01 -2.073677e-01
endloop
endfacet
facet normal 0 0 0
outer loop
vertex 1.323779e-01 1.607639e-01 -2.074109e-01
vertex 1.341885e-01 8.748146e-02 -2.254026e-01
vertex 1.168467e-01 1.817217e-01 -2.073677e-01
endloop
endfacet
facet normal 0 0 0
outer loop
vertex 1.323779e-01 1.607639e-01 -2.074109e-01
vertex 1.168467e-01 1.817217e-01 -2.073677e-01
vertex 1.616083e-01 2.704309e-01 -1.625101e-01
endloop
endfacet
facet normal 0 0 0
outer loop
vertex 1.852772e-01 2.159483e-01 -1.647027e-01
vertex 1.323779e-01 1.607639e-01 -2.074109e-01
vertex 1.616083e-01 2.704309e-01 -1.625101e-01
endloop
endfacet
facet normal 0 0 0
outer loop
vertex 1.168467e-01 1.817217e-01 -2.073677e-01
vertex 1.461790e-01 3.094150e-01 -1.578596e-01
vertex 1.616083e-01 2.704309e-01 -1.625101e-01
endloop
endfacet
facet normal 0 0 0
outer loop
vertex 1.616083e-01 2.704309e-01 -1.625101e-01
vertex 1.461790e-01 3.094150e-01 -1.578596e-01
vertex 1.655388e-01 3.595591e-01 -9.177285e-02
endloop
endfacet
facet normal 0 0 0
outer loop
vertex 2.022198e-01 2.380573e-01 -1.267366e-01
vertex 1.616083e-01 2.704309e-01 -1.625101e-01
vertex 1.655388e-01 3.595591e-01 -9.177285e-02
endloop
endfacet
facet normal 0 0 0
outer loop
vertex 1.655388e-01 3.595591e-01 -9.177285e-02
vertex 1.461790e-01 3.094150e-01 -1.578596e-01
vertex 1.263680e-01 3.732072e-01 -1.298530e-01
endloop
endfacet
facet normal 0 0 0
outer loop
vertex 1.655388e-01 3.595591e-01 -9.177285e-02
vertex 1.263680e-01 3.732072e-01 -1.298530e-01
vertex 1.041596e-01 4.451665e-01 -7.590021e-02
endloop
endfacet
facet normal 0 0 0
outer loop
vertex 1.655388e-01 3.595591e-01 -9.177285e-02
vertex 1.041596e-01 4.451665e-01 -7.590021e-02
vertex 1.384449e-01 4.593556e-01 3.813204e-02
endloop
endfacet
facet normal 0 0 0
outer loop
vertex 2.037824e-01 2.895176e-01 -3.402602e-02
vertex 1.655388e-01 3.595591e-01 -9.177285e-02
vertex 1.384449e-01 4.593556e-01 3.813204e-02
endloop
endfacet
facet normal 0 0 0
outer loop
vertex 1.475021e-01 3.746747e-01 1.117809e-01
vertex 2.037824e-01 2.895176e-01 -3.402602e-02
vertex 1.384449e-01 4.593556e-01 3.813204e-02
endloop
endfacet
facet normal 0 0 0
outer loop
vertex 1.284595e-01 3.552716e-01 1.294114e-01
vertex 1.085534e-01 2.731264e-01 1.514841e-01
vertex 1.475021e-01 3.746747e-01 1.117809e-01
endloop
endfacet
facet normal 0 0 0
outer loop
vertex 1.085534e-01 2.731264e-01 1.514841e-01
vertex 1.742080e-01 2.708396e-01 7.931311e-02
vertex 1.475021e-01 3.746747e-01 1.117809e-01
endloop
endfacet
facet normal 0 0 0
outer loop
vertex 8.262704e-02 3.341159e-01 1.680274e-01
vertex 1.085534e-01 2.731264e-01 1.514841e-01
vertex 1.284595e-01 3.552716e-01 1.294114e-01
endloop
endfacet
facet normal 0 0 0
outer loop
vertex 7.112572e-02 4.778244e-01 1.992680e-01
vertex 8.262704e-02 3.341159e-01 1.680274e-01
vertex 1.284595e-01 3.552716e-01 1.294114e-01
endloop
endfacet
facet normal 0 0 0
outer loop
vertex 5.547519e-02 4.654753e-01 2.094695e-01
vertex 8.262704e-02 3.341159e-01 1.680274e-01
vertex 7.112572e-02 4.778244e-01 1.992680e-01
endloop
endfacet
facet normal 0 0 0
outer loop
vertex 5.547519e-02 4.654753e-01 2.094695e-01
vertex 2.437116e-02 4.609873e-01 2.242826e-01
vertex 2.989971e-02 4.315391e-01 2.117424e-01
endloop
endfacet
facet normal 0 0 0
outer loop
vertex 2.989971e-02 4.315391e-01 2.117424e-01
vertex 3.689488e-02 3.798584e-01 1.970651e-01
vertex 5.547519e-02 4.654753e-01 2.094695e-01
endloop
endfacet
facet normal 0 0 0
outer loop
vertex 3.689488e-02 3.798584e-01 1.970651e-01
vertex 6.745788e-02 3.604174e-01 1.801501e-01
vertex 5.547519e-02 4.654753e-01 2.094695e-01
endloop
endfacet
facet normal 0 0 0
outer loop
vertex 3.689488e-02 3.798584e-01 1.970651e-01
vertex 4.174586e-02 2.849423e-01 1.834922e-01
vertex 6.745788e-02 3.604174e-01 1.801501e-01
endloop
endfacet
facet normal 0 0 0
outer loop
vertex 4.174586e-02 2.849423e-01 1.834922e-01
vertex 8.262704e-02 3.341159e-01 1.680274e-01
vertex 6.745788e-02 3.604174e-01 1.801501e-01
endloop
endfacet
facet normal 0 0 0
outer loop
vertex 4.174586e-02 2.849423e-01 1.834922e-01
vertex 5.171488e-02 1.461911e-01 1.680853e-01
vertex 8.262704e-02 3.341159e-01 1.680274e-01
endloop
endfacet
facet normal 0 0 0
outer loop
vertex -4.342369e-03 1.336950e-01 1.747365e-01
vertex 5.171488e-02 1.461911e-01 1.680853e-01
vertex -7.462674e-04 1.473345e-01 1.770682e-01
endloop
endfacet
facet normal 0 0 0
outer loop
vertex -4.342369e-03 1.336950e-01 1.747365e-01
vertex 6.095275e-02 1.696806e-02 1.539126e-01
vertex 5.171488e-02 1.461911e-01 1.680853e-01
endloop
endfacet
facet normal 0 0 0
outer loop
vertex -4.342369e-03 1.336950e-01 1.747365e-01
vertex -1.215338e-02 5.087395e-02 1.666239e-01
vertex 6.095275e-02 1.696806e-02 1.539126e-01
endloop
endfacet
facet normal 0 0 0
outer loop
vertex -1.215338e-02 5.087395e-02 1.666239e-01
vertex -1.164559e-03 -1.012004e-01 1.487782e-01
vertex 6.095275e-02 1.696806e-02 1.539126e-01
endloop
endfacet
facet normal 0 0 0
outer loop
vertex -8.014061e-02 -3.716020e-02 1.379432e-01
vertex -1.164559e-03 -1.012004e-01 1.487782e-01
vertex -1.215338e-02 5.087395e-02 1.666239e-01
endloop
endfacet
facet normal 0 0 0
outer loop
vertex -7.557222e-02 1.068984e-01 1.555720e-01
vertex -8.014061e-02 -3.716020e-02 1.379432e-01
vertex -1.215338e-02 5.087395e-02 1.666239e-01
endloop
endfacet
facet normal 0 0 0
outer loop
vertex -4.977378e-02 1.480725e-01 1.689841e-01
vertex -7.557222e-02 1.068984e-01 1.555720e-01
vertex -1.215338e-02 5.087395e-02 1.666239e-01
endloop
endfacet
facet normal 0 0 0
outer loop
vertex -4.977378e-02 1.480725e-01 1.689841e-01
vertex -1.215338e-02 5.087395e-02 1.666239e-01
vertex -2.350692e-02 1.069286e-01 1.704974e-01
endloop
endfacet
facet normal 0 0 0
outer loop
vertex -4.977378e-02 1.480725e-01 1.689841e-01
vertex -2.350692e-02 1.069286e-01 1.704974e-01
vertex -5.086272e-02 1.610577e-01 1.822269e-01
endloop
endfacet
facet normal 0 0 0
outer loop
vertex -4.977378e-02 1.480725e-01 1.689841e-01
vertex -5.086272e-02 1.610577e-01 1.822269e-01
vertex -5.137176e-02 2.441553e-01 1.807629e-01
endloop
endfacet
facet normal 0 0 0
outer loop
vertex -5.174857e-02 2.540665e-01 1.796108e-01
vertex -4.977378e-02 1.480725e-01 1.689841e-01
vertex -5.137176e-02 2.441553e-01 1.807629e-01
endloop
endfacet
facet normal 0 0 0
outer loop
vertex -5.375966e-02 2.632153e-01 1.791761e-01
vertex -5.174857e-02 2.540665e-01 1.796108e-01
vertex -4.438956e-02 2.639715e-01 1.843495e-01
endloop
endfacet
facet normal 0 0 0
outer loop
vertex -5.375966e-02 2.632153e-01 1.791761e-01
vertex -7.611584e-02 3.226803e-01 1.742785e-01
vertex -5.174857e-02 2.540665e-01 1.796108e-01
endloop
endfacet
facet normal 0 0 0
outer loop
vertex -7.611584e-02 3.226803e-01 1.742785e-01
vertex -1.764940e-01 4.898731e-02 9.539577e-02
vertex -5.174857e-02 2.540665e-01 1.796108e-01
endloop
endfacet
facet normal 0 0 0
outer loop
vertex -5.174857e-02 2.540665e-01 1.796108e-01
vertex -1.764940e-01 4.898731e-02 9.539577e-02
vertex -7.557222e-02 1.068984e-01 1.555720e-01
endloop
endfacet
facet normal 0 0 0
outer loop
vertex -1.104634e-01 2.761763e-01 1.521055e-01
vertex -1.764940e-01 4.898731e-02 9.539577e-02
vertex -7.611584e-02 3.226803e-01 1.742785e-01
endloop
endfacet
facet normal 0 0 0
outer loop
vertex -1.104634e-01 2.761763e-01 1.521055e-01
vertex -7.611584e-02 3.226803e-01 1.742785e-01
vertex -1.111824e-01 3.295752e-01 1.501783e-01
endloop
endfacet
facet normal 0 0 0
outer loop
vertex -1.479870e-01 3.493637e-01 1.202530e-01
vertex -1.104634e-01 2.761763e-01 1.521055e-01
vertex -1.111824e-01 3.295752e-01 1.501783e-01
endloop
endfacet
facet normal 0 0 0
outer loop
vertex -1.479870e-01 3.493637e-01 1.202530e-01
vertex -1.111824e-01 3.295752e-01 1.501783e-01
vertex -1.134640e-01 4.176309e-01 1.598509e-01
endloop
endfacet
facet normal 0 0 0
outer loop
vertex -1.458350e-01 4.484212e-01 1.243003e-01
vertex -1.479870e-01 3.493637e-01 1.202530e-01
vertex -1.134640e-01 4.176309e-01 1.598509e-01
endloop
endfacet
facet normal 0 0 0
outer loop
vertex -1.007847e-01 4.883915e-01 1.905832e-01
vertex -7.764554e-02 4.172144e-01 1.884589e-01
vertex -6.657635e-02 4.623502e-01 2.089535e-01
endloop
endfacet
facet normal 0 0 0
outer loop
vertex -6.657635e-02 4.623502e-01 2.089535e-01
vertex -7.764554e-02 4.172144e-01 1.884589e-01
vertex -3.727168e-02 4.363002e-01 2.112326e-01
endloop
endfacet
facet normal 0 0 0
outer loop
vertex -4.403955e-02 4.797422e-01 2.276747e-01
vertex -6.657635e-02 4.623502e-01 2.089535e-01
vertex -3.727168e-02 4.363002e-01 2.112326e-01
endloop
endfacet
facet normal 0 0 0
outer loop
vertex -3.727168e-02 4.363002e-01 2.112326e-01
vertex 2.989971e-02 4.315391e-01 2.117424e-01
vertex -4.403955e-02 4.797422e-01 2.276747e-01
endloop
endfacet
facet normal 0 0 0
outer loop
vertex -7.764554e-02 4.172144e-01 1.884589e-01
vertex -7.886672e-02 3.840517e-01 1.809746e-01
vertex -3.727168e-02 4.363002e-01 2.112326e-01
endloop
endfacet
facet normal 0 0 0
outer loop
vertex -7.886672e-02 3.840517e-01 1.809746e-01
vertex -2.905102e-02 3.817641e-01 1.996085e-01
vertex -3.727168e-02 4.363002e-01 2.112326e-01
endloop
endfacet
facet normal 0 0 0
outer loop
vertex -2.905102e-02 3.817641e-01 1.996085e-01
vertex 3.689488e-02 3.798584e-01 1.970651e-01
vertex -3.727168e-02 4.363002e-01 2.112326e-01
endloop
endfacet
facet normal 0 0 0
outer loop
vertex -2.580061e-02 3.463138e-01 1.950963e-01
vertex 3.689488e-02 3.798584e-01 1.970651e-01
vertex -2.905102e-02 3.817641e-01 1.996085e-01
endloop
endfacet
facet normal 0 0 0
outer loop
vertex -2.905102e-02 3.817641e-01 1.996085e-01
vertex -7.611584e-02 3.226803e-01 1.742785e-01
vertex -2.580061e-02 3.463138e-01 1.950963e-01
endloop
endfacet
facet normal 0 0 0
outer loop
vertex -7.886672e-02 3.840517e-01 1.809746e-01
vertex -7.611584e-02 3.226803e-01 1.742785e-01
vertex -2.905102e-02 3.817641e-01 1.996085e-01
endloop
endfacet
facet normal 0 0 0
outer loop
vertex -9.355016e-02 3.644205e-01 1.687059e-01
vertex -7.611584e-02 3.226803e-01 1.742785e-01
vertex -7.886672e-02 3.840517e-01 1.809746e-01
endloop
endfacet
facet normal 0 0 0
outer loop
vertex -7.764554e-02 4.172144e-01 1.884589e-01
vertex -9.355016e-02 3.644205e-01 1.687059e-01
vertex -7.886672e-02 3.840517e-01 1.809746e-01
endloop
endfacet
facet normal 0 0 0
outer loop
vertex -9.560619e-02 4.111154e-01 1.746812e-01
vertex -9.355016e-02 3.644205e-01 1.687059e-01
vertex -7.764554e-02 4.172144e-01 1.884589e-01
endloop
endfacet
facet normal 0 0 0
outer loop
vertex -9.560619e-02 4.111154e-01 1.746812e-01
vertex -1.134640e-01 4.176309e-01 1.598509e-01
vertex -9.355016e-02 3.644205e-01 1.687059e-01
endloop
endfacet
facet normal 0 0 0
outer loop
vertex -1.007847e-01 4.883915e-01 1.905832e-01
vertex -1.134640e-01 4.176309e-01 1.598509e-01
vertex -9.560619e-02 4.111154e-01 1.746812e-01
endloop
endfacet
facet normal 0 0 0
outer loop
vertex -1.007847e-01 4.883915e-01 1.905832e-01
vertex -9.560619e-02 4.111154e-01 1.746812e-01
vertex -7.764554e-02 4.172144e-01 1.884589e-01
endloop
endfacet
facet normal 0 0 0
outer loop
vertex -1.105723e-01 4.666645e-01 -4.990125e-02
vertex -1.394301e-01 3.833569e-01 -1.084804e-01
vertex -1.735357e-01 3.811980e-01 -2.411663e-02
endloop
endfacet
facet normal 0 0 0
outer loop
vertex -1.394301e-01 3.833569e-01 -1.084804e-01
vertex -1.846835e-01 3.040783e-01 -1.169577e-01
vertex -1.735357e-01 3.811980e-01 -2.411663e-02
endloop
endfacet
facet normal 0 0 0
outer loop
vertex -1.735357e-01 3.811980e-01 -2.411663e-02
vertex -1.846835e-01 3.040783e-01 -1.169577e-01
vertex -2.154781e-01 2.624574e-01 -4.237890e-02
endloop
endfacet
facet normal 0 0 0
outer loop
vertex -2.154781e-01 2.624574e-01 -4.237890e-02
vertex -1.458350e-01 4.484212e-01 1.243003e-01
vertex -1.735357e-01 3.811980e-01 -2.411663e-02
endloop
endfacet
facet normal 0 0 0
outer loop
vertex -2.154781e-01 2.624574e-01 -4.237890e-02
vertex -1.846835e-01 3.040783e-01 -1.169577e-01
vertex -2.205391e-01 1.642693e-01 -1.298280e-01
endloop
endfacet
facet normal 0 0 0
outer loop
vertex -2.205391e-01 1.642693e-01 -1.298280e-01
vertex -2.342537e-01 9.551890e-02 -2.864784e-02
vertex -2.154781e-01 2.624574e-01 -4.237890e-02
endloop
endfacet
facet normal 0 0 0
outer loop
vertex -2.342537e-01 9.551890e-02 -2.864784e-02
vertex -1.948642e-01 2.311961e-01 6.200669e-02
vertex -2.154781e-01 2.624574e-01 -4.237890e-02
endloop
endfacet
facet normal 0 0 0
outer loop
vertex -2.154781e-01 2.624574e-01 -4.237890e-02
vertex -1.948642e-01 2.311961e-01 6.200669e-02
vertex -1.479870e-01 3.493637e-01 1.202530e-01
endloop
endfacet
facet normal 0 0 0
outer loop
vertex -2.342537e-01 9.551890e-02 -2.864784e-02
vertex -1.764940e-01 4.898731e-02 9.539577e-02
vertex -1.948642e-01 2.311961e-01 6.200669e-02
endloop
endfacet
facet normal 0 0 0
outer loop
vertex -2.342537e-01 9.551890e-02 -2.864784e-02
vertex -2.244273e-01 -6.260172e-02 1.858230e-04
vertex -1.764940e-01 4.898731e-02 9.539577e-02
endloop
endfacet
facet normal 0 0 0
outer loop
vertex -2.244273e-01 -6.260172e-02 1.858230e-04
vertex -1.754102e-01 -1.279167e-01 3.946471e-02
vertex -1.764940e-01 4.898731e-02 9.539577e-02
endloop
endfacet
facet normal 0 0 0
outer loop
vertex -1.764940e-01 4.898731e-02 9.539577e-02
vertex -1.754102e-01 -1.279167e-01 3.946471e-02
vertex -1.577382e-01 -1.250457e-01 6.798204e-02
endloop
endfacet
facet normal 0 0 0
outer loop
vertex -1.764940e-01 4.898731e-02 9.539577e-02
vertex -1.577382e-01 -1.250457e-01 6.798204e-02
vertex -8.014061e-02 -3.716020e-02 1.379432e-01
endloop
endfacet
facet normal 0 0 0
outer loop
vertex -1.577382e-01 -1.250457e-01 6.798204e-02
vertex -6.946378e-02 -1.933977e-01 1.178721e-01
vertex -8.014061e-02 -3.716020e-02 1.379432e-01
endloop
endfacet
facet normal 0 0 0
outer loop
vertex -1.577382e-01 -1.250457e-01 6.798204e-02
vertex -1.037525e-01 -2.629967e-01 8.733327e-02
vertex -6.946378e-02 -1.933977e-01 1.178721e-01
endloop
endfacet
facet normal 0 0 0
outer loop
vertex -1.037525e-01 -2.629967e-01 8.733327e-02
vertex -3.232649e-02 -3.017043e-01 1.180328e-01
vertex -6.946378e-02 -1.933977e-01 1.178721e-01
endloop
endfacet
facet normal 0 0 0
outer loop
vertex -6.946378e-02 -1.933977e-01 1.178721e-01
vertex -3.232649e-02 -3.017043e-01 1.180328e-01
vertex -5.236862e-03 -2.751133e-01 1.238578e-01
endloop
endfacet
facet normal 0 0 0
outer loop
vertex -1.164559e-03 -1.012004e-01 1.487782e-01
vertex -6.946378e-02 -1.933977e-01 1.178721e-01
vertex -5.236862e-03 -2.751133e-01 1.238578e-01
endloop
endfacet
facet normal 0 0 0
outer loop
vertex -3.232649e-02 -3.017043e-01 1.180328e-01
vertex -1.018810e-02 -3.069935e-01 1.216402e-01
vertex -5.236862e-03 -2.751133e-01 1.238578e-01
endloop
endfacet
facet normal 0 0 0
outer loop
vertex -3.232649e-02 -3.017043e-01 1.180328e-01
vertex -7.073940e-02 -3.673097e-01 7.575937e-02
vertex -1.018810e-02 -3.069935e-01 1.216402e-01
endloop
endfacet
facet normal 0 0 0
outer loop
vertex -7.073940e-02 -3.673097e-01 7.575937e-02
vertex -1.004377e-02 -3.896157e-01 9.450906e-02
vertex -1.018810e-02 -3.069935e-01 1.216402e-01
endloop
endfacet
facet normal 0 0 0
outer loop
vertex -1.004377e-02 -3.896157e-01 9.450906e-02
vertex 5.810075e-02 -3.701738e-01 8.571282e-02
vertex -1.018810e-02 -3.069935e-01 1.216402e-01
endloop
endfacet
facet normal 0 0 0
outer loop
vertex 5.810075e-02 -3.701738e-01 8.571282e-02
vertex -1.004377e-02 -3.896157e-01 9.450906e-02
vertex 3.289258e-02 -4.385248e-01 6.864579e-02
endloop
endfacet
facet normal 0 0 0
outer loop
vertex 3.289258e-02 -4.385248e-01 6.864579e-02
vertex -1.004377e-02 -3.896157e-01 9.450906e-02
vertex -6.480503e-03 -4.511298e-01 7.572392e-02
endloop
endfacet
facet normal 0 0 0
outer loop
vertex 3.289258e-02 -4.385248e-01 6.864579e-02
vertex -6.480503e-03 -4.511298e-01 7.572392e-02
vertex -6.114928e-03 -4.915383e-01 3.803007e-02
endloop
endfacet
facet normal 0 0 0
outer loop
vertex 3.289258e-02 -4.385248e-01 6.864579e-02
vertex -6.114928e-03 -4.915383e-01 3.803007e-02
vertex 5.295420e-02 -4.690308e-01 2.850352e-02
endloop
endfacet
facet normal 0 0 0
outer loop
vertex 5.295420e-02 -4.690308e-01 2.850352e-02
vertex 1.041959e-01 -4.109452e-01 1.119019e-02
vertex 3.289258e-02 -4.385248e-01 6.864579e-02
endloop
endfacet
facet normal 0 0 0
outer loop
vertex 5.295420e-02 -4.690308e-01 2.850352e-02
vertex 5.804803e-02 -4.654529e-01 1.503348e-02
vertex 1.041959e-01 -4.109452e-01 1.119019e-02
endloop
endfacet
facet normal 0 0 0
outer loop
vertex 5.804803e-02 -4.654529e-01 1.503348e-02
vertex 1.046686e-01 -4.020452e-01 -1.740573e-03
vertex 1.041959e-01 -4.109452e-01 1.119019e-02
endloop
endfacet
facet normal 0 0 0
outer loop
vertex 1.041959e-01 -4.109452e-01 1.119019e-02
vertex 1.046686e-01 -4.020452e-01 -1.740573e-03
vertex 1.391864e-01 -3.333433e-01 -6.919098e-03
endloop
endfacet
facet normal 0 0 0
outer loop
vertex 1.046686e-01 -4.020452e-01 -1.740573e-03
vertex 1.137138e-01 -4.034825e-01 -7.811002e-03
vertex 1.391864e-01 -3.333433e-01 -6.919098e-03
endloop
endfacet
facet normal 0 0 0
outer loop
vertex 1.391864e-01 -3.333433e-01 -6.919098e-03
vertex 1.137138e-01 -4.034825e-01 -7.811002e-03
vertex 1.522209e-01 -3.335836e-01 -1.898391e-02
endloop
endfacet
facet normal 0 0 0
outer loop
vertex 1.699344e-01 -2.933186e-01 -2.674566e-02
vertex 1.391864e-01 -3.333433e-01 -6.919098e-03
vertex 1.522209e-01 -3.335836e-01 -1.898391e-02
endloop
endfacet
facet normal 0 0 0
outer loop
vertex 1.522209e-01 -3.335836e-01 -1.898391e-02
vertex 1.604588e-01 -3.338921e-01 -3.930998e-02
vertex 1.699344e-01 -2.933186e-01 -2.674566e-02
endloop
endfacet
facet normal 0 0 0
outer loop
vertex 1.604588e-01 -3.338921e-01 -3.930998e-02
vertex 1.819084e-01 -2.727332e-01 -4.724284e-02
vertex 1.699344e-01 -2.933186e-01 -2.674566e-02
endloop
endfacet
facet normal 0 0 0
outer loop
vertex 1.714572e-01 -2.796074e-01 -3.082400e-02
vertex 1.699344e-01 -2.933186e-01 -2.674566e-02
vertex 1.819084e-01 -2.727332e-01 -4.724284e-02
endloop
endfacet
facet normal 0 0 0
outer loop
vertex 1.782700e-01 -2.639145e-01 -4.471841e-02
vertex 1.714572e-01 -2.796074e-01 -3.082400e-02
vertex 1.819084e-01 -2.727332e-01 -4.724284e-02
endloop
endfacet
facet normal 0 0 0
outer loop
vertex 1.836775e-01 -2.521496e-01 -8.685446e-02
vertex 1.782700e-01 -2.639145e-01 -4.471841e-02
vertex 1.819084e-01 -2.727332e-01 -4.724284e-02
endloop
endfacet
facet normal 0 0 0
outer loop
vertex 1.721174e-01 -2.920481e-01 -8.893123e-02
vertex 1.836775e-01 -2.521496e-01 -8.685446e-02
vertex 1.819084e-01 -2.727332e-01 -4.724284e-02
endloop
endfacet
facet normal 0 0 0
outer loop
vertex 1.721174e-01 -2.920481e-01 -8.893123e-02
vertex 1.786062e-01 -2.250556e-01 -1.373088e-01
vertex 1.836775e-01 -2.521496e-01 -8.685446e-02
endloop
endfacet
facet normal 0 0 0
outer loop
vertex 1.836775e-01 -2.521496e-01 -8.685446e-02
vertex 1.786062e-01 -2.250556e-01 -1.373088e-01
vertex 1.918697e-01 -1.389220e-01 -1.764226e-01
endloop
endfacet
facet normal 0 0 0
outer loop
vertex 1.836775e-01 -2.521496e-01 -8.685446e-02
vertex 1.918697e-01 -1.389220e-01 -1.764226e-01
vertex 1.934391e-01 -1.797245e-01 -1.284694e-01
endloop
endfacet
facet normal 0 0 0
outer loop
vertex 1.836775e-01 -2.521496e-01 -8.685446e-02
vertex 1.934391e-01 -1.797245e-01 -1.284694e-01
vertex 1.821375e-01 -2.519698e-01 -7.328761e-02
endloop
endfacet
facet normal 0 0 0
outer loop
vertex 1.934391e-01 -1.797245e-01 -1.284694e-01
vertex 1.839126e-01 -2.201303e-01 -9.675866e-02
vertex 1.821375e-01 -2.519698e-01 -7.328761e-02
endloop
endfacet
facet normal 0 0 0
outer loop
vertex 1.791161e-01 -2.459988e-01 -7.072427e-02
vertex 1.821375e-01 -2.519698e-01 -7.328761e-02
vertex 1.839126e-01 -2.201303e-01 -9.675866e-02
endloop
endfacet
facet normal 0 0 0
outer loop
vertex 1.930260e-01 -1.932110e-01 -1.150253e-01
vertex 1.791161e-01 -2.459988e-01 -7.072427e-02
vertex 1.839126e-01 -2.201303e-01 -9.675866e-02
endloop
endfacet
facet normal 0 0 0
outer loop
vertex 1.930260e-01 -1.932110e-01 -1.150253e-01
vertex 1.839126e-01 -2.201303e-01 -9.675866e-02
vertex 1.914972e-01 -1.784904e-01 -1.249804e-01
endloop
endfacet
facet normal 0 0 0
outer loop
vertex 1.963205e-01 -1.777125e-01 -1.222996e-01
vertex 1.930260e-01 -1.932110e-01 -1.150253e-01
vertex 1.914972e-01 -1.784904e-01 -1.249804e-01
endloop
endfacet
facet normal 0 0 0
outer loop
vertex 1.844865e-01 -2.446895e-01 -6.846600e-02
vertex 1.930260e-01 -1.932110e-01 -1.150253e-01
vertex 1.963205e-01 -1.777125e-01 -1.222996e-01
endloop
endfacet
facet normal 0 0 0
outer loop
vertex 1.844865e-01 -2.446895e-01 -6.846600e-02
vertex 1.963205e-01 -1.777125e-01 -1.222996e-01
vertex 2.098346e-01 -1.522779e-01 -6.633565e-02
endloop
endfacet
facet normal 0 0 0
outer loop
vertex 1.844865e-01 -2.446895e-01 -6.846600e-02
vertex 1.791161e-01 -2.459988e-01 -7.072427e-02
vertex 1.930260e-01 -1.932110e-01 -1.150253e-01
endloop
endfacet
facet normal 0 0 0
outer loop
vertex 1.747603e-01 -2.562660e-01 -4.170998e-02
vertex 1.791161e-01 -2.459988e-01 -7.072427e-02
vertex 1.844865e-01 -2.446895e-01 -6.846600e-02
endloop
endfacet
facet normal 0 0 0
outer loop
vertex 1.747603e-01 -2.562660e-01 -4.170998e-02
vertex 1.844865e-01 -2.446895e-01 -6.846600e-02
vertex 1.794108e-01 -2.544372e-01 -3.914405e-02
endloop
endfacet
facet normal 0 0 0
outer loop
vertex 1.616290e-01 -2.826444e-01 -1.943418e-02
vertex 1.747603e-01 -2.562660e-01 -4.170998e-02
vertex 1.794108e-01 -2.544372e-01 -3.914405e-02
endloop
endfacet
facet normal 0 0 0
outer loop
vertex 1.616290e-01 -2.826444e-01 -1.943418e-02
vertex 1.714572e-01 -2.796074e-01 -3.082400e-02
vertex 1.747603e-01 -2.562660e-01 -4.170998e-02
endloop
endfacet
facet normal 0 0 0
outer loop
vertex 1.616290e-01 -2.826444e-01 -1.943418e-02
vertex 1.571203e-01 -2.930273e-01 -1.488309e-02
vertex 1.714572e-01 -2.796074e-01 -3.082400e-02
endloop
endfacet
facet normal 0 0 0
outer loop
vertex 1.571203e-01 -2.930273e-01 -1.488309e-02
vertex 1.616290e-01 -2.826444e-01 -1.943418e-02
vertex 1.612729e-01 -2.917465e-01 -9.352808e-03
endloop
endfacet
facet normal 0 0 0
outer loop
vertex 1.391864e-01 -3.333433e-01 -6.919098e-03
vertex 1.571203e-01 -2.930273e-01 -1.488309e-02
vertex 1.612729e-01 -2.917465e-01 -9.352808e-03
endloop
endfacet
facet normal 0 0 0
outer loop
vertex 1.794108e-01 -2.544372e-01 -3.914405e-02
vertex 1.844865e-01 -2.446895e-01 -6.846600e-02
vertex 1.874188e-01 -2.343946e-01 -5.535893e-02
endloop
endfacet
facet normal 0 0 0
outer loop
vertex 1.794108e-01 -2.544372e-01 -3.914405e-02
vertex 1.874188e-01 -2.343946e-01 -5.535893e-02
vertex 1.756660e-01 -2.427907e-01 -3.062610e-02
endloop
endfacet
facet normal 0 0 0
outer loop
vertex 1.747603e-01 -2.562660e-01 -4.170998e-02
vertex 1.782700e-01 -2.639145e-01 -4.471841e-02
vertex 1.791161e-01 -2.459988e-01 -7.072427e-02
endloop
endfacet
facet normal 0 0 0
outer loop
vertex 1.821375e-01 -2.519698e-01 -7.328761e-02
vertex 1.791161e-01 -2.459988e-01 -7.072427e-02
vertex 1.782700e-01 -2.639145e-01 -4.471841e-02
endloop
endfacet
facet normal 0 0 0
outer loop
vertex 1.839126e-01 -2.201303e-01 -9.675866e-02
vertex 1.934391e-01 -1.797245e-01 -1.284694e-01
vertex 1.914972e-01 -1.784904e-01 -1.249804e-01
endloop
endfacet
facet normal 0 0 0
outer loop
vertex 1.965919e-01 -1.499920e-01 -1.302134e-01
vertex 1.914972e-01 -1.784904e-01 -1.249804e-01
vertex 1.934391e-01 -1.797245e-01 -1.284694e-01
endloop
endfacet
facet normal 0 0 0
outer loop
vertex 1.786062e-01 -2.250556e-01 -1.373088e-01
vertex 1.525286e-01 -2.532005e-01 -1.610366e-01
vertex 1.918697e-01 -1.389220e-01 -1.764226e-01
endloop
endfacet
facet normal 0 0 0
outer loop
vertex 1.525286e-01 -2.532005e-01 -1.610366e-01
vertex 1.786062e-01 -2.250556e-01 -1.373088e-01
vertex 1.721174e-01 -2.920481e-01 -8.893123e-02
endloop
endfacet
facet normal 0 0 0
outer loop
vertex 1.721174e-01 -2.920481e-01 -8.893123e-02
vertex 1.425777e-01 -3.115558e-01 -1.267331e-01
vertex 1.525286e-01 -2.532005e-01 -1.610366e-01
endloop
endfacet
facet normal 0 0 0
outer loop
vertex 1.071723e-01 -3.210348e-01 -1.547993e-01
vertex 1.525286e-01 -2.532005e-01 -1.610366e-01
vertex 1.425777e-01 -3.115558e-01 -1.267331e-01
endloop
endfacet
facet normal 0 0 0
outer loop
vertex 1.304178e-01 -3.568558e-01 -8.889061e-02
vertex 1.071723e-01 -3.210348e-01 -1.547993e-01
vertex 1.425777e-01 -3.115558e-01 -1.267331e-01
endloop
endfacet
facet normal 0 0 0
outer loop
vertex 1.304178e-01 -3.568558e-01 -8.889061e-02
vertex 5.751825e-02 -3.797850e-01 -1.417951e-01
vertex 1.071723e-01 -3.210348e-01 -1.547993e-01
endloop
endfacet
facet normal 0 0 0
outer loop
vertex 5.751825e-02 -3.797850e-01 -1.417951e-01
vertex 7.577880e-02 -2.823946e-01 -2.002826e-01
vertex 1.071723e-01 -3.210348e-01 -1.547993e-01
endloop
endfacet
facet normal 0 0 0
outer loop
vertex 5.751825e-02 -3.797850e-01 -1.417951e-01
vertex 8.700749e-03 -3.561342e-01 -1.674458e-01
vertex 7.577880e-02 -2.823946e-01 -2.002826e-01
endloop
endfacet
facet normal 0 0 0
outer loop
vertex 7.577880e-02 -2.823946e-01 -2.002826e-01
vertex 8.700749e-03 -3.561342e-01 -1.674458e-01
vertex -4.305206e-03 -2.761306e-01 -2.156263e-01
endloop
endfacet
facet normal 0 0 0
outer loop
vertex 7.577880e-02 -2.823946e-01 -2.002826e-01
vertex -4.305206e-03 -2.761306e-01 -2.156263e-01
vertex 5.939538e-02 -2.134584e-01 -2.327400e-01
endloop
endfacet
facet normal 0 0 0
outer loop
vertex 9.614895e-02 -2.108363e-01 -2.281241e-01
vertex 7.577880e-02 -2.823946e-01 -2.002826e-01
vertex 5.939538e-02 -2.134584e-01 -2.327400e-01
endloop
endfacet
facet normal 0 0 0
outer loop
vertex 9.614895e-02 -2.108363e-01 -2.281241e-01
vertex 5.939538e-02 -2.134584e-01 -2.327400e-01
vertex 1.081965e-01 -1.240709e-01 -2.464322e-01
endloop
endfacet
facet normal 0 0 0
outer loop
vertex 1.081965e-01 -1.240709e-01 -2.464322e-01
vertex 1.357787e-01 -1.316943e-01 -2.357450e-01
vertex 9.614895e-02 -2.108363e-01 -2.281241e-01
endloop
endfacet
facet normal 0 0 0
outer loop
vertex 1.574556e-01 -1.616221e-01 -2.188405e-01
vertex 9.614895e-02 -2.108363e-01 -2.281241e-01
vertex 1.357787e-01 -1.316943e-01 -2.357450e-01
endloop
endfacet
facet normal 0 0 0
outer loop
vertex 1.525286e-01 -2.532005e-01 -1.610366e-01
vertex 9.614895e-02 -2.108363e-01 -2.281241e-01
vertex 1.574556e-01 -1.616221e-01 -2.188405e-01
endloop
endfacet
facet normal 0 0 0
outer loop
vertex 1.357787e-01 -1.316943e-01 -2.357450e-01
vertex 1.081965e-01 -1.240709e-01 -2.464322e-01
vertex 1.378849e-01 -8.023398e-02 -2.405346e-01
endloop
endfacet
facet normal 0 0 0
outer loop
vertex 1.357787e-01 -1.316943e-01 -2.357450e-01
vertex 1.378849e-01 -8.023398e-02 -2.405346e-01
vertex 1.699067e-01 -7.680292e-02 -2.230044e-01
endloop
endfacet
facet normal 0 0 0
outer loop
vertex 1.378849e-01 -8.023398e-02 -2.405346e-01
vertex 1.081965e-01 -1.240709e-01 -2.464322e-01
vertex 1.203019e-01 -2.705896e-02 -2.485790e-01
endloop
endfacet
facet normal 0 0 0
outer loop
vertex 1.133664e-01 -3.480688e-02 -2.497345e-01
vertex 1.203019e-01 -2.705896e-02 -2.485790e-01
vertex 1.081965e-01 -1.240709e-01 -2.464322e-01
endloop
endfacet
facet normal 0 0 0
outer loop
vertex 1.133664e-01 -3.480688e-02 -2.497345e-01
vertex 1.081965e-01 -1.240709e-01 -2.464322e-01
vertex 9.656551e-02 -1.097054e-01 -2.497353e-01
endloop
endfacet
facet normal 0 0 0
outer loop
vertex 5.269752e-02 -1.294905e-01 -2.497353e-01
vertex 1.133664e-01 -3.480688e-02 -2.497345e-01
vertex 9.656551e-02 -1.097054e-01 -2.497353e-01
endloop
endfacet
facet normal 0 0 0
outer loop
vertex 9.656551e-02 -1.097054e-01 -2.497353e-01
vertex 4.560124e-02 -1.469603e-01 -2.473319e-01
vertex 5.269752e-02 -1.294905e-01 -2.497353e-01
endloop
endfacet
facet normal 0 0 0
outer loop
vertex 4.007787e-02 -1.336086e-01 -2.497353e-01
vertex 5.269752e-02 -1.294905e-01 -2.497353e-01
vertex 4.560124e-02 -1.469603e-01 -2.473319e-01
endloop
endfacet
facet normal 0 0 0
outer loop
vertex 3.898720e-02 -1.502314e-01 -2.497353e-01
vertex 4.007787e-02 -1.336086e-01 -2.497353e-01
vertex 4.560124e-02 -1.469603e-01 -2.473319e-01
endloop
endfacet
facet normal 0 0 0
outer loop
vertex 3.898720e-02 -1.502314e-01 -2.497353e-01
vertex 4.560124e-02 -1.469603e-01 -2.473319e-01
vertex 4.031467e-02 -1.774999e-01 -2.417472e-01
endloop
endfacet
facet normal 0 0 0
outer loop
vertex 3.898720e-02 -1.502314e-01 -2.497353e-01
vertex 4.031467e-02 -1.774999e-01 -2.417472e-01
vertex 2.839507e-02 -1.697875e-01 -2.497353e-01
endloop
endfacet
facet normal 0 0 0
outer loop
vertex 6.112348e-03 -1.873843e-01 -2.497353e-01
vertex 3.898720e-02 -1.502314e-01 -2.497353e-01
vertex 2.839507e-02 -1.697875e-01 -2.497353e-01
endloop
endfacet
facet normal 0 0 0
outer loop
vertex 6.112348e-03 -1.873843e-01 -2.497353e-01
vertex 2.839507e-02 -1.697875e-01 -2.497353e-01
vertex 1.597247e-02 -1.824218e-01 -2.497353e-01
endloop
endfacet
facet normal 0 0 0
outer loop
vertex 1.597247e-02 -1.824218e-01 -2.497353e-01
vertex 8.127758e-03 -2.087630e-01 -2.354546e-01
vertex 6.112348e-03 -1.873843e-01 -2.497353e-01
endloop
endfacet
facet normal 0 0 0
outer loop
vertex -2.899089e-03 -1.915257e-01 -2.497353e-01
vertex 6.112348e-03 -1.873843e-01 -2.497353e-01
vertex 8.127758e-03 -2.087630e-01 -2.354546e-01
endloop
endfacet
facet normal 0 0 0
outer loop
vertex -2.899089e-03 -1.915257e-01 -2.497353e-01
vertex 8.127758e-03 -2.087630e-01 -2.354546e-01
vertex -1.490512e-02 -2.117438e-01 -2.343579e-01
endloop
endfacet
facet normal 0 0 0
outer loop
vertex -2.899089e-03 -1.915257e-01 -2.497353e-01
vertex -1.490512e-02 -2.117438e-01 -2.343579e-01
vertex -9.821663e-03 -1.920062e-01 -2.497353e-01
endloop
endfacet
facet normal 0 0 0
outer loop
vertex 4.007787e-02 -1.336086e-01 -2.497353e-01
vertex -2.899089e-03 -1.915257e-01 -2.497353e-01
vertex -9.821663e-03 -1.920062e-01 -2.497353e-01
endloop
endfacet
facet normal 0 0 0
outer loop
vertex -1.951498e-02 -1.910694e-01 -2.497353e-01
vertex 4.007787e-02 -1.336086e-01 -2.497353e-01
vertex -9.821663e-03 -1.920062e-01 -2.497353e-01
endloop
endfacet
facet normal 0 0 0
outer loop
vertex 1.133664e-01 -3.480688e-02 -2.497345e-01
vertex 4.007787e-02 -1.336086e-01 -2.497353e-01
vertex -1.951498e-02 -1.910694e-01 -2.497353e-01
endloop
endfacet
facet normal 0 0 0
outer loop
vertex 1.133664e-01 -3.480688e-02 -2.497345e-01
vertex -1.951498e-02 -1.910694e-01 -2.497353e-01
vertex -2.467883e-02 -1.898612e-01 -2.497353e-01
endloop
endfacet
facet normal 0 0 0
outer loop
vertex 1.133664e-01 -3.480688e-02 -2.497345e-01
vertex -2.467883e-02 -1.898612e-01 -2.497353e-01
vertex -3.018922e-02 -1.866194e-01 -2.497353e-01
endloop
endfacet
facet normal 0 0 0
outer loop
vertex -4.054801e-02 -1.780807e-01 -2.497353e-01
vertex 1.133664e-01 -3.480688e-02 -2.497345e-01
vertex -3.018922e-02 -1.866194e-01 -2.497353e-01
endloop
endfacet
facet normal 0 0 0
outer loop
vertex -4.054801e-02 -1.780807e-01 -2.497353e-01
vertex -3.018922e-02 -1.866194e-01 -2.497353e-01
vertex -5.281418e-02 -1.950484e-01 -2.350873e-01
endloop
endfacet
facet normal 0 0 0
outer loop
vertex -4.791048e-02 -1.724623e-01 -2.497353e-01
vertex -4.054801e-02 -1.780807e-01 -2.497353e-01
vertex -5.281418e-02 -1.950484e-01 -2.350873e-01
endloop
endfacet
facet normal 0 0 0
outer loop
vertex -4.791048e-02 -1.724623e-01 -2.497353e-01
vertex -5.281418e-02 -1.950484e-01 -2.350873e-01
vertex -6.552976e-02 -1.766746e-01 -2.375141e-01
endloop
endfacet
facet normal 0 0 0
outer loop
vertex -5.281418e-02 -1.950484e-01 -2.350873e-01
vertex -9.812633e-02 -2.122035e-01 -2.205084e-01
vertex -6.552976e-02 -1.766746e-01 -2.375141e-01
endloop
endfacet
facet normal 0 0 0
outer loop
vertex -6.552976e-02 -1.766746e-01 -2.375141e-01
vertex -9.812633e-02 -2.122035e-01 -2.205084e-01
vertex -6.933328e-02 -1.554117e-01 -2.418189e-01
endloop
endfacet
facet normal 0 0 0
outer loop
vertex -4.949809e-02 -1.707459e-01 -2.497353e-01
vertex -6.552976e-02 -1.766746e-01 -2.375141e-01
vertex -6.933328e-02 -1.554117e-01 -2.418189e-01
endloop
endfacet
facet normal 0 0 0
outer loop
vertex -6.933328e-02 -1.554117e-01 -2.418189e-01
vertex -9.812633e-02 -2.122035e-01 -2.205084e-01
vertex -1.102119e-01 -9.061522e-02 -2.471659e-01
endloop
endfacet
facet normal 0 0 0
outer loop
vertex -9.812633e-02 -2.122035e-01 -2.205084e-01
vertex -1.378347e-01 -9.662516e-02 -2.361909e-01
vertex -1.102119e-01 -9.061522e-02 -2.471659e-01
endloop
endfacet
facet normal 0 0 0
outer loop
vertex -1.378347e-01 -9.662516e-02 -2.361909e-01
vertex -1.499246e-01 -4.758955e-03 -2.345636e-01
vertex -1.102119e-01 -9.061522e-02 -2.471659e-01
endloop
endfacet
facet normal 0 0 0
outer loop
vertex -1.305034e-01 8.581466e-03 -2.411811e-01
vertex -1.102119e-01 -9.061522e-02 -2.471659e-01
vertex -1.499246e-01 -4.758955e-03 -2.345636e-01
endloop
endfacet
facet normal 0 0 0
outer loop
vertex -1.305034e-01 8.581466e-03 -2.411811e-01
vertex -1.499246e-01 -4.758955e-03 -2.345636e-01
vertex -1.549519e-01 3.602802e-02 -2.280377e-01
endloop
endfacet
facet normal 0 0 0
outer loop
vertex -1.305034e-01 8.581466e-03 -2.411811e-01
vertex -1.549519e-01 3.602802e-02 -2.280377e-01
vertex -1.250327e-01 8.592669e-02 -2.309787e-01
endloop
endfacet
facet normal 0 0 0
outer loop
vertex -1.549519e-01 3.602802e-02 -2.280377e-01
vertex -1.484502e-01 2.466495e-01 -1.833599e-01
vertex -1.250327e-01 8.592669e-02 -2.309787e-01
endloop
endfacet
facet normal 0 0 0
outer loop
vertex -1.250327e-01 8.592669e-02 -2.309787e-01
vertex -1.484502e-01 2.466495e-01 -1.833599e-01
vertex -8.591373e-02 2.055316e-01 -2.146117e-01
endloop
endfacet
facet normal 0 0 0
outer loop
vertex -8.715566e-02 7.567161e-02 -2.427030e-01
vertex -1.250327e-01 8.592669e-02 -2.309787e-01
vertex -8.591373e-02 2.055316e-01 -2.146117e-01
endloop
endfacet
facet normal 0 0 0
outer loop
vertex -1.696633e-02 8.279987e-02 -2.491528e-01
vertex -8.715566e-02 7.567161e-02 -2.427030e-01
vertex -8.591373e-02 2.055316e-01 -2.146117e-01
endloop
endfacet
facet normal 0 0 0
outer loop
vertex -1.696633e-02 8.279987e-02 -2.491528e-01
vertex -8.591373e-02 2.055316e-01 -2.146117e-01
vertex -1.024168e-02 1.903676e-01 -2.262893e-01
endloop
endfacet
facet normal 0 0 0
outer loop
vertex -8.898653e-03 2.729778e-01 -2.050601e-01
vertex -1.024168e-02 1.903676e-01 -2.262893e-01
vertex -8.591373e-02 2.055316e-01 -2.146117e-01
endloop
endfacet
facet normal 0 0 0
outer loop
vertex -8.898653e-03 2.729778e-01 -2.050601e-01
vertex -8.591373e-02 2.055316e-01 -2.146117e-01
vertex -6.449526e-02 2.720176e-01 -2.007597e-01
endloop
endfacet
facet normal 0 0 0
outer loop
vertex -8.898653e-03 2.729778e-01 -2.050601e-01
vertex -6.449526e-02 2.720176e-01 -2.007597e-01
vertex -6.736799e-02 3.005713e-01 -1.893586e-01
endloop
endfacet
facet normal 0 0 0
outer loop
vertex -8.898653e-03 2.729778e-01 -2.050601e-01
vertex -6.736799e-02 3.005713e-01 -1.893586e-01
vertex 4.550267e-04 3.020042e-01 -1.947394e-01
endloop
endfacet
facet normal 0 0 0
outer loop
vertex -8.898653e-03 2.729778e-01 -2.050601e-01
vertex 4.550267e-04 3.020042e-01 -1.947394e-01
vertex 2.452759e-02 2.566765e-01 -2.077194e-01
endloop
endfacet
facet normal 0 0 0
outer loop
vertex 2.452759e-02 2.566765e-01 -2.077194e-01
vertex 4.550267e-04 3.020042e-01 -1.947394e-01
vertex 6.286704e-02 2.711940e-01 -1.975162e-01
endloop
endfacet
facet normal 0 0 0
outer loop
vertex 6.650636e-02 9.168080e-02 -2.416642e-01
vertex 2.452759e-02 2.566765e-01 -2.077194e-01
vertex 6.286704e-02 2.711940e-01 -1.975162e-01
endloop
endfacet
facet normal 0 0 0
outer loop
vertex 6.650636e-02 9.168080e-02 -2.416642e-01
vertex -1.024168e-02 1.903676e-01 -2.262893e-01
vertex 2.452759e-02 2.566765e-01 -2.077194e-01
endloop
endfacet
facet normal 0 0 0
outer loop
vertex 4.550267e-04 3.020042e-01 -1.947394e-01
vertex 3.279665e-02 3.394284e-01 -1.750632e-01
vertex 6.286704e-02 2.711940e-01 -1.975162e-01
endloop
endfacet
facet normal 0 0 0
outer loop
vertex 6.286704e-02 2.711940e-01 -1.975162e-01
vertex 3.279665e-02 3.394284e-01 -1.750632e-01
vertex 7.350411e-02 3.536745e-01 -1.598284e-01
endloop
endfacet
facet normal 0 0 0
outer loop
vertex 6.286704e-02 2.711940e-01 -1.975162e-01
vertex 7.350411e-02 3.536745e-01 -1.598284e-01
vertex 1.461790e-01 3.094150e-01 -1.578596e-01
endloop
endfacet
facet normal 0 0 0
outer loop
vertex 9.136019e-02 2.346280e-01 -2.005929e-01
vertex 6.286704e-02 2.711940e-01 -1.975162e-01
vertex 1.461790e-01 3.094150e-01 -1.578596e-01
endloop
endfacet
facet normal 0 0 0
outer loop
vertex 1.168467e-01 1.817217e-01 -2.073677e-01
vertex 6.286704e-02 2.711940e-01 -1.975162e-01
vertex 9.136019e-02 2.346280e-01 -2.005929e-01
endloop
endfacet
facet normal 0 0 0
outer loop
vertex 3.279665e-02 3.394284e-01 -1.750632e-01
vertex 4.309839e-02 3.787574e-01 -1.512369e-01
vertex 7.350411e-02 3.536745e-01 -1.598284e-01
endloop
endfacet
facet normal 0 0 0
outer loop
vertex 7.350411e-02 3.536745e-01 -1.598284e-01
vertex 4.309839e-02 3.787574e-01 -1.512369e-01
vertex 1.263680e-01 3.732072e-01 -1.298530e-01
endloop
endfacet
facet normal 0 0 0
outer loop
vertex 1.263680e-01 3.732072e-01 -1.298530e-01
vertex 4.309839e-02 3.787574e-01 -1.512369e-01
vertex 2.865780e-02 4.385836e-01 -1.114015e-01
endloop
endfacet
facet normal 0 0 0
outer loop
vertex 4.309839e-02 3.787574e-01 -1.512369e-01
vertex -5.193179e-02 4.179516e-01 -1.242061e-01
vertex 2.865780e-02 4.385836e-01 -1.114015e-01
endloop
endfacet
facet normal 0 0 0
outer loop
vertex 1.041596e-01 4.451665e-01 -7.590021e-02
vertex 2.865780e-02 4.385836e-01 -1.114015e-01
vertex 1.808295e-02 4.961299e-01 -5.789029e-02
endloop
endfacet
facet normal 0 0 0
outer loop
vertex 1.808295e-02 4.961299e-01 -5.789029e-02
vertex 8.487406e-02 4.997753e-01 -1.378205e-02
vertex 1.041596e-01 4.451665e-01 -7.590021e-02
endloop
endfacet
facet normal 0 0 0
outer loop
vertex 4.309839e-02 3.787574e-01 -1.512369e-01
vertex -4.745502e-02 3.329811e-01 -1.766024e-01
vertex -5.193179e-02 4.179516e-01 -1.242061e-01
endloop
endfacet
facet normal 0 0 0
outer loop
vertex -1.410800e-01 3.191654e-01 -1.551787e-01
vertex -5.193179e-02 4.179516e-01 -1.242061e-01
vertex -4.745502e-02 3.329811e-01 -1.766024e-01
endloop
endfacet
facet normal 0 0 0
outer loop
vertex -6.736799e-02 3.005713e-01 -1.893586e-01
vertex -1.410800e-01 3.191654e-01 -1.551787e-01
vertex -4.745502e-02 3.329811e-01 -1.766024e-01
endloop
endfacet
facet normal 0 0 0
outer loop
vertex -1.484502e-01 2.466495e-01 -1.833599e-01
vertex -1.410800e-01 3.191654e-01 -1.551787e-01
vertex -6.736799e-02 3.005713e-01 -1.893586e-01
endloop
endfacet
facet normal 0 0 0
outer loop
vertex -1.484502e-01 2.466495e-01 -1.833599e-01
vertex -1.846835e-01 3.040783e-01 -1.169577e-01
vertex -1.410800e-01 3.191654e-01 -1.551787e-01
endloop
endfacet
facet normal 0 0 0
outer loop
vertex -1.572810e-01 2.024410e-01 -1.904882e-01
vertex -1.846835e-01 3.040783e-01 -1.169577e-01
vertex -1.484502e-01 2.466495e-01 -1.833599e-01
endloop
endfacet
facet normal 0 0 0
outer loop
vertex -1.410800e-01 3.191654e-01 -1.551787e-01
vertex -1.394301e-01 3.833569e-01 -1.084804e-01
vertex -5.193179e-02 4.179516e-01 -1.242061e-01
endloop
endfacet
facet normal 0 0 0
outer loop
vertex 3.279665e-02 3.394284e-01 -1.750632e-01
vertex -4.745502e-02 3.329811e-01 -1.766024e-01
vertex 4.309839e-02 3.787574e-01 -1.512369e-01
endloop
endfacet
facet normal 0 0 0
outer loop
vertex 4.550267e-04 3.020042e-01 -1.947394e-01
vertex -4.745502e-02 3.329811e-01 -1.766024e-01
vertex 3.279665e-02 3.394284e-01 -1.750632e-01
endloop
endfacet
facet normal 0 0 0
outer loop
vertex 4.550267e-04 3.020042e-01 -1.947394e-01
vertex -6.736799e-02 3.005713e-01 -1.893586e-01
vertex -4.745502e-02 3.329811e-01 -1.766024e-01
endloop
endfacet
facet normal 0 0 0
outer loop
vertex -6.449526e-02 2.720176e-01 -2.007597e-01
vertex -1.484502e-01 2.466495e-01 -1.833599e-01
vertex -6.736799e-02 3.005713e-01 -1.893586e-01
endloop
endfacet
facet normal 0 0 0
outer loop
vertex 2.452759e-02 2.566765e-01 -2.077194e-01
vertex -1.024168e-02 1.903676e-01 -2.262893e-01
vertex -8.898653e-03 2.729778e-01 -2.050601e-01
endloop
endfacet
facet normal 0 0 0
outer loop
vertex -6.116793e-02 5.629015e-02 -2.497353e-01
vertex -8.715566e-02 7.567161e-02 -2.427030e-01
vertex -1.696633e-02 8.279987e-02 -2.491528e-01
endloop
endfacet
facet normal 0 0 0
outer loop
vertex -8.591373e-02 2.055316e-01 -2.146117e-01
vertex -1.484502e-01 2.466495e-01 -1.833599e-01
vertex -6.449526e-02 2.720176e-01 -2.007597e-01
endloop
endfacet
facet normal 0 0 0
outer loop
vertex -1.549519e-01 3.602802e-02 -2.280377e-01
vertex -1.572810e-01 2.024410e-01 -1.904882e-01
vertex -1.484502e-01 2.466495e-01 -1.833599e-01
endloop
endfacet
facet normal 0 0 0
outer loop
vertex -1.549519e-01 3.602802e-02 -2.280377e-01
vertex -1.955755e-01 8.939316e-02 -1.890734e-01
vertex -1.572810e-01 2.024410e-01 -1.904882e-01
endloop
endfacet
facet normal 0 0 0
outer loop
vertex -1.572810e-01 2.024410e-01 -1.904882e-01
vertex -1.955755e-01 8.939316e-02 -1.890734e-01
vertex -2.205391e-01 1.642693e-01 -1.298280e-01
endloop
endfacet
facet normal 0 0 0
outer loop
vertex -1.955755e-01 8.939316e-02 -1.890734e-01
vertex -2.245855e-01 3.755254e-02 -1.288721e-01
vertex -2.205391e-01 1.642693e-01 -1.298280e-01
endloop
endfacet
facet normal 0 0 0
outer loop
vertex -2.245855e-01 3.755254e-02 -1.288721e-01
vertex -2.310423e-01 3.223660e-02 -1.131697e-01
vertex -2.205391e-01 1.642693e-01 -1.298280e-01
endloop
endfacet
facet normal 0 0 0
outer loop
vertex -2.151592e-01 -6.536816e-02 -1.158627e-01
vertex -2.310423e-01 3.223660e-02 -1.131697e-01
vertex -2.245855e-01 3.755254e-02 -1.288721e-01
endloop
endfacet
facet normal 0 0 0
outer loop
vertex -2.151592e-01 -6.536816e-02 -1.158627e-01
vertex -2.245855e-01 3.755254e-02 -1.288721e-01
vertex -2.096211e-01 -6.616931e-02 -1.209574e-01
endloop
endfacet
facet normal 0 0 0
outer loop
vertex -1.912578e-01 -1.610457e-01 -1.133702e-01
vertex -2.151592e-01 -6.536816e-02 -1.158627e-01
vertex -2.096211e-01 -6.616931e-02 -1.209574e-01
endloop
endfacet
facet normal 0 0 0
outer loop
vertex -1.855097e-01 -1.896356e-01 -1.156069e-01
vertex -1.912578e-01 -1.610457e-01 -1.133702e-01
vertex -2.096211e-01 -6.616931e-02 -1.209574e-01
endloop
endfacet
facet normal 0 0 0
outer loop
vertex -2.096211e-01 -6.616931e-02 -1.209574e-01
vertex -1.908784e-01 -1.119412e-01 -1.657640e-01
vertex -1.855097e-01 -1.896356e-01 -1.156069e-01
endloop
endfacet
facet normal 0 0 0
outer loop
vertex -1.723516e-01 -2.346150e-01 -1.166613e-01
vertex -1.855097e-01 -1.896356e-01 -1.156069e-01
vertex -1.908784e-01 -1.119412e-01 -1.657640e-01
endloop
endfacet
facet normal 0 0 0
outer loop
vertex -1.723516e-01 -2.346150e-01 -1.166613e-01
vertex -1.908784e-01 -1.119412e-01 -1.657640e-01
vertex -1.568843e-01 -2.039388e-01 -1.714204e-01
endloop
endfacet
facet normal 0 0 0
outer loop
vertex -1.723516e-01 -2.346150e-01 -1.166613e-01
vertex -1.568843e-01 -2.039388e-01 -1.714204e-01
vertex -1.383688e-01 -2.963054e-01 -1.305695e-01
endloop
endfacet
facet normal 0 0 0
outer loop
vertex -1.383688e-01 -2.963054e-01 -1.305695e-01
vertex -1.689431e-01 -2.743208e-01 -8.350898e-02
vertex -1.723516e-01 -2.346150e-01 -1.166613e-01
endloop
endfacet
facet normal 0 0 0
outer loop
vertex -1.723516e-01 -2.346150e-01 -1.166613e-01
vertex -1.689431e-01 -2.743208e-01 -8.350898e-02
vertex -1.796821e-01 -2.395706e-01 -7.215200e-02
endloop
endfacet
facet normal 0 0 0
outer loop
vertex -1.796821e-01 -2.395706e-01 -7.215200e-02
vertex -1.689431e-01 -2.743208e-01 -8.350898e-02
vertex -1.793312e-01 -2.529127e-01 -4.096501e-02
endloop
endfacet
facet normal 0 0 0
outer loop
vertex -1.764836e-01 -2.456047e-01 -3.860649e-02
vertex -1.796821e-01 -2.395706e-01 -7.215200e-02
vertex -1.793312e-01 -2.529127e-01 -4.096501e-02
endloop
endfacet
facet normal 0 0 0
outer loop
vertex -1.764836e-01 -2.456047e-01 -3.860649e-02
vertex -1.793312e-01 -2.529127e-01 -4.096501e-02
vertex -1.677556e-01 -2.746916e-01 -2.230259e-02
endloop
endfacet
facet normal 0 0 0
outer loop
vertex -1.764836e-01 -2.456047e-01 -3.860649e-02
vertex -1.677556e-01 -2.746916e-01 -2.230259e-02
vertex -1.622167e-01 -2.643484e-01 -1.814646e-02
endloop
endfacet
facet normal 0 0 0
outer loop
vertex -1.764836e-01 -2.456047e-01 -3.860649e-02
vertex -1.622167e-01 -2.643484e-01 -1.814646e-02
vertex -1.731563e-01 -2.413863e-01 -3.805857e-02
endloop
endfacet
facet normal 0 0 0
outer loop
vertex -1.764836e-01 -2.456047e-01 -3.860649e-02
vertex -1.731563e-01 -2.413863e-01 -3.805857e-02
vertex -1.760670e-01 -2.293250e-01 -5.851687e-02
endloop
endfacet
facet normal 0 0 0
outer loop
vertex -1.787159e-01 -2.333230e-01 -6.265832e-02
vertex -1.764836e-01 -2.456047e-01 -3.860649e-02
vertex -1.760670e-01 -2.293250e-01 -5.851687e-02
endloop
endfacet
facet normal 0 0 0
outer loop
vertex -1.787159e-01 -2.333230e-01 -6.265832e-02
vertex -1.760670e-01 -2.293250e-01 -5.851687e-02
vertex -1.786831e-01 -2.134973e-01 -7.370245e-02
endloop
endfacet
facet normal 0 0 0
outer loop
vertex -1.786831e-01 -2.134973e-01 -7.370245e-02
vertex -1.875519e-01 -1.698281e-01 -1.075694e-01
vertex -1.787159e-01 -2.333230e-01 -6.265832e-02
endloop
endfacet
facet normal 0 0 0
outer loop
vertex -1.875519e-01 -1.698281e-01 -1.075694e-01
vertex -1.855097e-01 -1.896356e-01 -1.156069e-01
vertex -1.787159e-01 -2.333230e-01 -6.265832e-02
endloop
endfacet
facet normal 0 0 0
outer loop
vertex -1.855097e-01 -1.896356e-01 -1.156069e-01
vertex -1.796821e-01 -2.395706e-01 -7.215200e-02
vertex -1.787159e-01 -2.333230e-01 -6.265832e-02
endloop
endfacet
facet normal 0 0 0
outer loop
vertex -1.786831e-01 -2.134973e-01 -7.370245e-02
vertex -1.908758e-01 -1.772597e-01 -1.014282e-01
vertex -1.875519e-01 -1.698281e-01 -1.075694e-01
endloop
endfacet
facet normal 0 0 0
outer loop
vertex -1.875519e-01 -1.698281e-01 -1.075694e-01
vertex -1.908758e-01 -1.772597e-01 -1.014282e-01
vertex -1.912578e-01 -1.610457e-01 -1.133702e-01
endloop
endfacet
facet normal 0 0 0
outer loop
vertex -1.760670e-01 -2.293250e-01 -5.851687e-02
vertex -1.908758e-01 -1.772597e-01 -1.014282e-01
vertex -1.786831e-01 -2.134973e-01 -7.370245e-02
endloop
endfacet
facet normal 0 0 0
outer loop
vertex -1.827389e-01 -2.274012e-01 -5.667690e-02
vertex -1.908758e-01 -1.772597e-01 -1.014282e-01
vertex -1.760670e-01 -2.293250e-01 -5.851687e-02
endloop
endfacet
facet normal 0 0 0
outer loop
vertex -1.778283e-01 -2.394937e-01 -3.105043e-02
vertex -1.827389e-01 -2.274012e-01 -5.667690e-02
vertex -1.760670e-01 -2.293250e-01 -5.851687e-02
endloop
endfacet
facet normal 0 0 0
outer loop
vertex -1.731251e-01 -2.401971e-01 -3.285583e-02
vertex -1.778283e-01 -2.394937e-01 -3.105043e-02
vertex -1.760670e-01 -2.293250e-01 -5.851687e-02
endloop
endfacet
facet normal 0 0 0
outer loop
vertex -1.778283e-01 -2.394937e-01 -3.105043e-02
vertex -1.731251e-01 -2.401971e-01 -3.285583e-02
vertex -1.674013e-01 -2.620166e-01 -1.267321e-02
endloop
endfacet
facet normal 0 0 0
outer loop
vertex -1.665656e-01 -2.658729e-01 -6.677111e-03
vertex -1.778283e-01 -2.394937e-01 -3.105043e-02
vertex -1.674013e-01 -2.620166e-01 -1.267321e-02
endloop
endfacet
facet normal 0 0 0
outer loop
vertex -1.674013e-01 -2.620166e-01 -1.267321e-02
vertex -1.285848e-01 -3.434152e-01 -7.899159e-03
vertex -1.665656e-01 -2.658729e-01 -6.677111e-03
endloop
endfacet
facet normal 0 0 0
outer loop
vertex -1.665656e-01 -2.658729e-01 -6.677111e-03
vertex -1.285848e-01 -3.434152e-01 -7.899159e-03
vertex -1.015470e-01 -4.031886e-01 -4.351454e-03
endloop
endfacet
facet normal 0 0 0
outer loop
vertex -1.015470e-01 -4.031886e-01 -4.351454e-03
vertex -1.062061e-01 -4.041843e-01 1.437245e-03
vertex -1.665656e-01 -2.658729e-01 -6.677111e-03
endloop
endfacet
facet normal 0 0 0
outer loop
vertex -1.665656e-01 -2.658729e-01 -6.677111e-03
vertex -1.062061e-01 -4.041843e-01 1.437245e-03
vertex -1.712912e-01 -2.361396e-01 1.641973e-02
endloop
endfacet
facet normal 0 0 0
outer loop
vertex -1.766400e-01 -2.346150e-01 -7.439385e-03
vertex -1.665656e-01 -2.658729e-01 -6.677111e-03
vertex -1.712912e-01 -2.361396e-01 1.641973e-02
endloop
endfacet
facet normal 0 0 0
outer loop
vertex -1.765553e-01 -2.159405e-01 1.067252e-02
vertex -1.766400e-01 -2.346150e-01 -7.439385e-03
vertex -1.712912e-01 -2.361396e-01 1.641973e-02
endloop
endfacet
facet normal 0 0 0
outer loop
vertex -1.712912e-01 -2.361396e-01 1.641973e-02
vertex -1.802551e-01 -1.956931e-01 2.243484e-02
vertex -1.765553e-01 -2.159405e-01 1.067252e-02
endloop
endfacet
facet normal 0 0 0
outer loop
vertex -1.810010e-01 -2.054261e-01 1.219875e-02
vertex -1.765553e-01 -2.159405e-01 1.067252e-02
vertex -1.802551e-01 -1.956931e-01 2.243484e-02
endloop
endfacet
facet normal 0 0 0
outer loop
vertex -1.850413e-01 -1.907297e-01 5.155197e-03
vertex -1.810010e-01 -2.054261e-01 1.219875e-02
vertex -1.802551e-01 -1.956931e-01 2.243484e-02
endloop
endfacet
facet normal 0 0 0
outer loop
vertex -1.850413e-01 -1.907297e-01 5.155197e-03
vertex -1.802551e-01 -1.956931e-01 2.243484e-02
vertex -1.854993e-01 -1.749029e-01 2.292573e-02
endloop
endfacet
facet normal 0 0 0
outer loop
vertex -1.863204e-01 -1.889969e-01 -5.729888e-04
vertex -1.850413e-01 -1.907297e-01 5.155197e-03
vertex -1.854993e-01 -1.749029e-01 2.292573e-02
endloop
endfacet
facet normal 0 0 0
outer loop
vertex -1.854993e-01 -1.749029e-01 2.292573e-02
vertex -1.867317e-01 -1.890695e-01 -2.413816e-03
vertex -1.863204e-01 -1.889969e-01 -5.729888e-04
endloop
endfacet
facet normal 0 0 0
outer loop
vertex -1.867317e-01 -1.890695e-01 -2.413816e-03
vertex -1.863204e-01 -1.894299e-01 -5.729888e-04
vertex -1.863204e-01 -1.889969e-01 -5.729888e-04
endloop
endfacet
facet normal 0 0 0
outer loop
vertex -1.863204e-01 -1.889969e-01 -5.729888e-04
vertex -1.863204e-01 -1.894299e-01 -5.729888e-04
vertex -1.859565e-01 -1.892450e-01 -3.863066e-04
endloop
endfacet
facet normal 0 0 0
outer loop
vertex -1.863204e-01 -1.894299e-01 -5.729888e-04
vertex -1.850413e-01 -1.907297e-01 5.155197e-03
vertex -1.859565e-01 -1.892450e-01 -3.863066e-04
endloop
endfacet
facet normal 0 0 0
outer loop
vertex -1.863204e-01 -1.894299e-01 -5.729888e-04
vertex -1.885458e-01 -1.936699e-01 2.008501e-03
vertex -1.850413e-01 -1.907297e-01 5.155197e-03
endloop
endfacet
facet normal 0 0 0
outer loop
vertex -1.867317e-01 -1.890695e-01 -2.413816e-03
vertex -1.885458e-01 -1.936699e-01 2.008501e-03
vertex -1.863204e-01 -1.894299e-01 -5.729888e-04
endloop
endfacet
facet normal 0 0 0
outer loop
vertex -1.881785e-01 -1.949386e-01 -1.109684e-02
vertex -1.885458e-01 -1.936699e-01 2.008501e-03
vertex -1.867317e-01 -1.890695e-01 -2.413816e-03
endloop
endfacet
facet normal 0 0 0
outer loop
vertex -1.881785e-01 -1.949386e-01 -1.109684e-02
vertex -1.867317e-01 -1.890695e-01 -2.413816e-03
vertex -2.128543e-01 -1.260949e-01 -1.946270e-02
endloop
endfacet
facet normal 0 0 0
outer loop
vertex -1.873713e-01 -2.064071e-01 -3.741211e-02
vertex -1.881785e-01 -1.949386e-01 -1.109684e-02
vertex -2.128543e-01 -1.260949e-01 -1.946270e-02
endloop
endfacet
facet normal 0 0 0
outer loop
vertex -2.120281e-01 -1.309934e-01 -4.368736e-02
vertex -1.873713e-01 -2.064071e-01 -3.741211e-02
vertex -2.128543e-01 -1.260949e-01 -1.946270e-02
endloop
endfacet
facet normal 0 0 0
outer loop
vertex -2.120281e-01 -1.309934e-01 -4.368736e-02
vertex -2.128543e-01 -1.260949e-01 -1.946270e-02
vertex -2.244273e-01 -6.260172e-02 1.858230e-04
endloop
endfacet
facet normal 0 0 0
outer loop
vertex -2.120281e-01 -1.309934e-01 -4.368736e-02
vertex -2.244273e-01 -6.260172e-02 1.858230e-04
vertex -2.233358e-01 -6.997975e-02 -3.545547e-02
endloop
endfacet
facet normal 0 0 0
outer loop
vertex -2.129442e-01 -1.298042e-01 -6.011571e-02
vertex -1.827389e-01 -2.274012e-01 -5.667690e-02
vertex -2.120281e-01 -1.309934e-01 -4.368736e-02
endloop
endfacet
facet normal 0 0 0
outer loop
vertex -2.120281e-01 -1.309934e-01 -4.368736e-02
vertex -1.827389e-01 -2.274012e-01 -5.667690e-02
vertex -1.858684e-01 -2.170554e-01 -4.155788e-02
endloop
endfacet
facet normal 0 0 0
outer loop
vertex -2.120281e-01 -1.309934e-01 -4.368736e-02
vertex -1.858684e-01 -2.170554e-01 -4.155788e-02
vertex -1.903270e-01 -1.919552e-01 -4.137984e-02
endloop
endfacet
facet normal 0 0 0
outer loop
vertex -1.858684e-01 -2.170554e-01 -4.155788e-02
vertex -1.887057e-01 -1.965080e-01 -4.089069e-02
vertex -1.903270e-01 -1.919552e-01 -4.137984e-02
endloop
endfacet
facet normal 0 0 0
outer loop
vertex -1.887057e-01 -1.965080e-01 -4.089069e-02
vertex -1.886452e-01 -1.965080e-01 -4.050178e-02
vertex -1.903270e-01 -1.919552e-01 -4.137984e-02
endloop
endfacet
facet normal 0 0 0
outer loop
vertex -1.903270e-01 -1.919552e-01 -4.137984e-02
vertex -1.886452e-01 -1.965080e-01 -4.050178e-02
vertex -1.873713e-01 -2.064071e-01 -3.741211e-02
endloop
endfacet
facet normal 0 0 0
outer loop
vertex -1.873713e-01 -2.064071e-01 -3.741211e-02
vertex -1.886452e-01 -1.965080e-01 -4.050178e-02
vertex -1.883055e-01 -1.967699e-01 -4.076969e-02
endloop
endfacet
facet normal 0 0 0
outer loop
vertex -1.873713e-01 -2.064071e-01 -3.741211e-02
vertex -1.883055e-01 -1.967699e-01 -4.076969e-02
vertex -1.803001e-01 -2.105191e-01 -3.898676e-02
endloop
endfacet
facet normal 0 0 0
outer loop
vertex -1.873713e-01 -2.064071e-01 -3.741211e-02
vertex -1.803001e-01 -2.105191e-01 -3.898676e-02
vertex -1.766400e-01 -2.346150e-01 -7.439385e-03
endloop
endfacet
facet normal 0 0 0
outer loop
vertex -1.873713e-01 -2.064071e-01 -3.741211e-02
vertex -1.766400e-01 -2.346150e-01 -7.439385e-03
vertex -1.842695e-01 -2.109815e-01 -1.392464e-02
endloop
endfacet
facet normal 0 0 0
outer loop
vertex -1.864457e-01 -2.034972e-01 -1.395403e-02
vertex -1.873713e-01 -2.064071e-01 -3.741211e-02
vertex -1.842695e-01 -2.109815e-01 -1.392464e-02
endloop
endfacet
facet normal 0 0 0
outer loop
vertex -1.876781e-01 -2.118112e-01 -5.029873e-03
vertex -1.864457e-01 -2.034972e-01 -1.395403e-02
vertex -1.842695e-01 -2.109815e-01 -1.392464e-02
endloop
endfacet
facet normal 0 0 0
outer loop
vertex -1.842695e-01 -2.109815e-01 -1.392464e-02
vertex -1.785068e-01 -2.230212e-01 -4.120694e-03
vertex -1.876781e-01 -2.118112e-01 -5.029873e-03
endloop
endfacet
facet normal 0 0 0
outer loop
vertex -1.762813e-01 -2.239425e-01 9.904277e-04
vertex -1.876781e-01 -2.118112e-01 -5.029873e-03
vertex -1.785068e-01 -2.230212e-01 -4.120694e-03
endloop
endfacet
facet normal 0 0 0
outer loop
vertex -1.785068e-01 -2.230212e-01 -4.120694e-03
vertex -1.766400e-01 -2.346150e-01 -7.439385e-03
vertex -1.762813e-01 -2.239425e-01 9.904277e-04
endloop
endfacet
facet normal 0 0 0
outer loop
vertex -1.876781e-01 -2.118112e-01 -5.029873e-03
vertex -1.762813e-01 -2.239425e-01 9.904277e-04
vertex -1.821806e-01 -2.140530e-01 8.115212e-03
endloop
endfacet
facet normal 0 0 0
outer loop
vertex -1.876781e-01 -2.118112e-01 -5.029873e-03
vertex -1.821806e-01 -2.140530e-01 8.115212e-03
vertex -1.842462e-01 -2.099574e-01 2.980782e-03
endloop
endfacet
facet normal 0 0 0
outer loop
vertex -1.876781e-01 -2.118112e-01 -5.029873e-03
vertex -1.842462e-01 -2.099574e-01 2.980782e-03
vertex -1.871241e-01 -2.086947e-01 4.973708e-03
endloop
endfacet
facet normal 0 0 0
outer loop
vertex -1.876781e-01 -2.118112e-01 -5.029873e-03
vertex -1.871241e-01 -2.086947e-01 4.973708e-03
vertex -1.901438e-01 -1.987836e-01 -7.886186e-03
endloop
endfacet
facet normal 0 0 0
outer loop
vertex -1.901438e-01 -1.987836e-01 -7.886186e-03
vertex -1.871241e-01 -2.086947e-01 4.973708e-03
vertex -1.885458e-01 -1.936699e-01 2.008501e-03
endloop
endfacet
facet normal 0 0 0
outer loop
vertex -1.885458e-01 -1.936699e-01 2.008501e-03
vertex -1.871241e-01 -2.086947e-01 4.973708e-03
vertex -1.810010e-01 -2.054261e-01 1.219875e-02
endloop
endfacet
facet normal 0 0 0
outer loop
vertex -1.810010e-01 -2.054261e-01 1.219875e-02
vertex -1.871241e-01 -2.086947e-01 4.973708e-03
vertex -1.821806e-01 -2.140530e-01 8.115212e-03
endloop
endfacet
facet normal 0 0 0
outer loop
vertex -1.821806e-01 -2.140530e-01 8.115212e-03
vertex -1.871241e-01 -2.086947e-01 4.973708e-03
vertex -1.842462e-01 -2.099574e-01 2.980782e-03
endloop
endfacet
facet normal 0 0 0
outer loop
vertex -1.821806e-01 -2.140530e-01 8.115212e-03
vertex -1.762813e-01 -2.239425e-01 9.904277e-04
vertex -1.765553e-01 -2.159405e-01 1.067252e-02
endloop
endfacet
facet normal 0 0 0
outer loop
vertex -1.864457e-01 -2.034972e-01 -1.395403e-02
vertex -1.876781e-01 -2.118112e-01 -5.029873e-03
vertex -1.901438e-01 -1.987836e-01 -7.886186e-03
endloop
endfacet
facet normal 0 0 0
outer loop
vertex -1.901438e-01 -1.987836e-01 -7.886186e-03
vertex -1.881785e-01 -1.949386e-01 -1.109684e-02
vertex -1.864457e-01 -2.034972e-01 -1.395403e-02
endloop
endfacet
facet normal 0 0 0
outer loop
vertex -1.842695e-01 -2.109815e-01 -1.392464e-02
vertex -1.766400e-01 -2.346150e-01 -7.439385e-03
vertex -1.785068e-01 -2.230212e-01 -4.120694e-03
endloop
endfacet
facet normal 0 0 0
outer loop
vertex -1.837458e-01 -2.208926e-01 -3.626181e-02
vertex -1.766400e-01 -2.346150e-01 -7.439385e-03
vertex -1.803001e-01 -2.105191e-01 -3.898676e-02
endloop
endfacet
facet normal 0 0 0
outer loop
vertex -1.837458e-01 -2.208926e-01 -3.626181e-02
vertex -1.778283e-01 -2.394937e-01 -3.105043e-02
vertex -1.766400e-01 -2.346150e-01 -7.439385e-03
endloop
endfacet
facet normal 0 0 0
outer loop
vertex -1.883055e-01 -1.967699e-01 -4.076969e-02
vertex -1.837458e-01 -2.208926e-01 -3.626181e-02
vertex -1.803001e-01 -2.105191e-01 -3.898676e-02
endloop
endfacet
facet normal 0 0 0
outer loop
vertex -1.883055e-01 -1.967699e-01 -4.076969e-02
vertex -1.858684e-01 -2.170554e-01 -4.155788e-02
vertex -1.837458e-01 -2.208926e-01 -3.626181e-02
endloop
endfacet
facet normal 0 0 0
outer loop
vertex -1.886452e-01 -1.965080e-01 -4.050178e-02
vertex -1.887057e-01 -1.965080e-01 -4.089069e-02
vertex -1.883055e-01 -1.967699e-01 -4.076969e-02
endloop
endfacet
facet normal 0 0 0
outer loop
vertex -1.858684e-01 -2.170554e-01 -4.155788e-02
vertex -1.883055e-01 -1.967699e-01 -4.076969e-02
vertex -1.887057e-01 -1.965080e-01 -4.089069e-02
endloop
endfacet
facet normal 0 0 0
outer loop
vertex -1.858684e-01 -2.170554e-01 -4.155788e-02
vertex -1.827389e-01 -2.274012e-01 -5.667690e-02
vertex -1.837458e-01 -2.208926e-01 -3.626181e-02
endloop
endfacet
facet normal 0 0 0
outer loop
vertex -2.131818e-01 -1.212422e-01 -7.757338e-02
vertex -1.908758e-01 -1.772597e-01 -1.014282e-01
vertex -2.129442e-01 -1.298042e-01 -6.011571e-02
endloop
endfacet
facet normal 0 0 0
outer loop
vertex -2.115588e-01 -1.080642e-01 -1.023071e-01
vertex -1.908758e-01 -1.772597e-01 -1.014282e-01
vertex -2.131818e-01 -1.212422e-01 -7.757338e-02
endloop
endfacet
facet normal 0 0 0
outer loop
vertex -2.131818e-01 -1.212422e-01 -7.757338e-02
vertex -2.166379e-01 -9.891280e-02 -8.620022e-02
vertex -2.115588e-01 -1.080642e-01 -1.023071e-01
endloop
endfacet
facet normal 0 0 0
outer loop
vertex -2.115588e-01 -1.080642e-01 -1.023071e-01
vertex -2.166379e-01 -9.891280e-02 -8.620022e-02
vertex -2.310423e-01 3.223660e-02 -1.131697e-01
endloop
endfacet
facet normal 0 0 0
outer loop
vertex -2.166379e-01 -9.891280e-02 -8.620022e-02
vertex -2.206506e-01 -7.012926e-02 -9.047303e-02
vertex -2.310423e-01 3.223660e-02 -1.131697e-01
endloop
endfacet
facet normal 0 0 0
outer loop
vertex -2.310423e-01 3.223660e-02 -1.131697e-01
vertex -2.206506e-01 -7.012926e-02 -9.047303e-02
vertex -2.240082e-01 -5.012036e-02 -8.756659e-02
endloop
endfacet
facet normal 0 0 0
outer loop
vertex -2.240082e-01 -5.012036e-02 -8.756659e-02
vertex -2.262725e-01 -3.855336e-02 -8.262315e-02
vertex -2.310423e-01 3.223660e-02 -1.131697e-01
endloop
endfacet
facet normal 0 0 0
outer loop
vertex -2.310423e-01 3.223660e-02 -1.131697e-01
vertex -2.262725e-01 -3.855336e-02 -8.262315e-02
vertex -2.279655e-01 -1.946747e-02 -6.912111e-02
endloop
endfacet
facet normal 0 0 0
outer loop
vertex -2.310423e-01 3.223660e-02 -1.131697e-01
vertex -2.279655e-01 -1.946747e-02 -6.912111e-02
vertex -2.294443e-01 -5.602454e-03 -5.175851e-02
endloop
endfacet
facet normal 0 0 0
outer loop
vertex -2.284737e-01 -9.204614e-03 -4.055535e-02
vertex -2.310423e-01 3.223660e-02 -1.131697e-01
vertex -2.294443e-01 -5.602454e-03 -5.175851e-02
endloop
endfacet
facet normal 0 0 0
outer loop
vertex -2.294443e-01 -5.602454e-03 -5.175851e-02
vertex -2.283899e-01 -1.424832e-02 -4.110933e-02
vertex -2.284737e-01 -9.204614e-03 -4.055535e-02
endloop
endfacet
facet normal 0 0 0
outer loop
vertex -2.283899e-01 -1.424832e-02 -4.110933e-02
vertex -2.279146e-01 -2.267553e-02 -3.784250e-02
vertex -2.284737e-01 -9.204614e-03 -4.055535e-02
endloop
endfacet
facet normal 0 0 0
outer loop
vertex -2.284737e-01 -9.204614e-03 -4.055535e-02
vertex -2.279146e-01 -2.267553e-02 -3.784250e-02
vertex -2.244273e-01 -6.260172e-02 1.858230e-04
endloop
endfacet
facet normal 0 0 0
outer loop
vertex -2.310423e-01 3.223660e-02 -1.131697e-01
vertex -2.284737e-01 -9.204614e-03 -4.055535e-02
vertex -2.342537e-01 9.551890e-02 -2.864784e-02
endloop
endfacet
facet normal 0 0 0
outer loop
vertex -2.228959e-01 -8.480839e-02 -8.849911e-02
vertex -2.244394e-01 -6.574930e-02 -8.834096e-02
vertex -2.206506e-01 -7.012926e-02 -9.047303e-02
endloop
endfacet
facet normal 0 0 0
outer loop
vertex -2.262725e-01 -3.855336e-02 -8.262315e-02
vertex -2.295670e-01 -3.290641e-02 -7.915926e-02
vertex -2.279655e-01 -1.946747e-02 -6.912111e-02
endloop
endfacet
facet normal 0 0 0
outer loop
vertex -2.262725e-01 -3.855336e-02 -8.262315e-02
vertex -2.240082e-01 -5.012036e-02 -8.756659e-02
vertex -2.295670e-01 -3.290641e-02 -7.915926e-02
endloop
endfacet
facet normal 0 0 0
outer loop
vertex -2.206506e-01 -7.012926e-02 -9.047303e-02
vertex -2.244394e-01 -6.574930e-02 -8.834096e-02
vertex -2.240082e-01 -5.012036e-02 -8.756659e-02
endloop
endfacet
facet normal 0 0 0
outer loop
vertex -2.166379e-01 -9.891280e-02 -8.620022e-02
vertex -2.228959e-01 -8.480839e-02 -8.849911e-02
vertex -2.206506e-01 -7.012926e-02 -9.047303e-02
endloop
endfacet
facet normal 0 0 0
outer loop
vertex -2.131818e-01 -1.212422e-01 -7.757338e-02
vertex -2.228959e-01 -8.480839e-02 -8.849911e-02
vertex -2.166379e-01 -9.891280e-02 -8.620022e-02
endloop
endfacet
facet normal 0 0 0
outer loop
vertex -2.151592e-01 -6.536816e-02 -1.158627e-01
vertex -1.908758e-01 -1.772597e-01 -1.014282e-01
vertex -2.115588e-01 -1.080642e-01 -1.023071e-01
endloop
endfacet
facet normal 0 0 0
outer loop
vertex -2.233358e-01 -6.997975e-02 -3.545547e-02
vertex -2.244273e-01 -6.260172e-02 1.858230e-04
vertex -2.279146e-01 -2.267553e-02 -3.784250e-02
endloop
endfacet
facet normal 0 0 0
outer loop
vertex -1.873713e-01 -2.064071e-01 -3.741211e-02
vertex -2.120281e-01 -1.309934e-01 -4.368736e-02
vertex -1.903270e-01 -1.919552e-01 -4.137984e-02
endloop
endfacet
facet normal 0 0 0
outer loop
vertex -1.881785e-01 -1.949386e-01 -1.109684e-02
vertex -1.873713e-01 -2.064071e-01 -3.741211e-02
vertex -1.864457e-01 -2.034972e-01 -1.395403e-02
endloop
endfacet
facet normal 0 0 0
outer loop
vertex -1.901438e-01 -1.987836e-01 -7.886186e-03
vertex -1.885458e-01 -1.936699e-01 2.008501e-03
vertex -1.881785e-01 -1.949386e-01 -1.109684e-02
endloop
endfacet
facet normal 0 0 0
outer loop
vertex -1.854993e-01 -1.749029e-01 2.292573e-02
vertex -2.128543e-01 -1.260949e-01 -1.946270e-02
vertex -1.867317e-01 -1.890695e-01 -2.413816e-03
endloop
endfacet
facet normal 0 0 0
outer loop
vertex -1.754102e-01 -1.279167e-01 3.946471e-02
vertex -2.128543e-01 -1.260949e-01 -1.946270e-02
vertex -1.854993e-01 -1.749029e-01 2.292573e-02
endloop
endfacet
facet normal 0 0 0
outer loop
vertex -1.859565e-01 -1.892450e-01 -3.863066e-04
vertex -1.850413e-01 -1.907297e-01 5.155197e-03
vertex -1.863204e-01 -1.889969e-01 -5.729888e-04
endloop
endfacet
facet normal 0 0 0
outer loop
vertex -1.854993e-01 -1.749029e-01 2.292573e-02
vertex -1.802551e-01 -1.956931e-01 2.243484e-02
vertex -1.577382e-01 -1.250457e-01 6.798204e-02
endloop
endfacet
facet normal 0 0 0
outer loop
vertex -1.850413e-01 -1.907297e-01 5.155197e-03
vertex -1.885458e-01 -1.936699e-01 2.008501e-03
vertex -1.810010e-01 -2.054261e-01 1.219875e-02
endloop
endfacet
facet normal 0 0 0
outer loop
vertex -1.810010e-01 -2.054261e-01 1.219875e-02
vertex -1.821806e-01 -2.140530e-01 8.115212e-03
vertex -1.765553e-01 -2.159405e-01 1.067252e-02
endloop
endfacet
facet normal 0 0 0
outer loop
vertex -1.802551e-01 -1.956931e-01 2.243484e-02
vertex -1.712912e-01 -2.361396e-01 1.641973e-02
vertex -1.037525e-01 -2.629967e-01 8.733327e-02
endloop
endfacet
facet normal 0 0 0
outer loop
vertex -1.766400e-01 -2.346150e-01 -7.439385e-03
vertex -1.765553e-01 -2.159405e-01 1.067252e-02
vertex -1.762813e-01 -2.239425e-01 9.904277e-04
endloop
endfacet
facet normal 0 0 0
outer loop
vertex -1.037525e-01 -2.629967e-01 8.733327e-02
vertex -1.712912e-01 -2.361396e-01 1.641973e-02
vertex -1.062061e-01 -4.041843e-01 1.437245e-03
endloop
endfacet
facet normal 0 0 0
outer loop
vertex -1.037525e-01 -2.629967e-01 8.733327e-02
vertex -1.062061e-01 -4.041843e-01 1.437245e-03
vertex -7.073940e-02 -3.673097e-01 7.575937e-02
endloop
endfacet
facet normal 0 0 0
outer loop
vertex -7.073940e-02 -3.673097e-01 7.575937e-02
vertex -1.062061e-01 -4.041843e-01 1.437245e-03
vertex -6.725132e-02 -4.506104e-01 2.436038e-02
endloop
endfacet
facet normal 0 0 0
outer loop
vertex -6.725132e-02 -4.506104e-01 2.436038e-02
vertex -4.407238e-02 -4.381688e-01 6.333070e-02
vertex -7.073940e-02 -3.673097e-01 7.575937e-02
endloop
endfacet
facet normal 0 0 0
outer loop
vertex -6.155857e-02 -4.661157e-01 2.166826e-02
vertex -4.407238e-02 -4.381688e-01 6.333070e-02
vertex -6.725132e-02 -4.506104e-01 2.436038e-02
endloop
endfacet
facet normal 0 0 0
outer loop
vertex -8.905266e-02 -4.305695e-01 4.532099e-03
vertex -6.155857e-02 -4.661157e-01 2.166826e-02
vertex -6.725132e-02 -4.506104e-01 2.436038e-02
endloop
endfacet
facet normal 0 0 0
outer loop
vertex -6.155857e-02 -4.661157e-01 2.166826e-02
vertex -8.905266e-02 -4.305695e-01 4.532099e-03
vertex -5.576642e-02 -4.724420e-01 5.754987e-03
endloop
endfacet
facet normal 0 0 0
outer loop
vertex -6.155857e-02 -4.661157e-01 2.166826e-02
vertex -5.576642e-02 -4.724420e-01 5.754987e-03
vertex -2.844950e-02 -4.942148e-01 8.301910e-03
endloop
endfacet
facet normal 0 0 0
outer loop
vertex -6.155857e-02 -4.661157e-01 2.166826e-02
vertex -2.844950e-02 -4.942148e-01 8.301910e-03
vertex -2.276107e-02 -4.972388e-01 2.234150e-02
endloop
endfacet
facet normal 0 0 0
outer loop
vertex -2.276107e-02 -4.972388e-01 2.234150e-02
vertex -2.507378e-02 -4.899100e-01 2.946975e-02
vertex -6.155857e-02 -4.661157e-01 2.166826e-02
endloop
endfacet
facet normal 0 0 0
outer loop
vertex -6.155857e-02 -4.661157e-01 2.166826e-02
vertex -2.507378e-02 -4.899100e-01 2.946975e-02
vertex -6.480503e-03 -4.511298e-01 7.572392e-02
endloop
endfacet
facet normal 0 0 0
outer loop
vertex -2.507378e-02 -4.899100e-01 2.946975e-02
vertex -2.276107e-02 -4.972388e-01 2.234150e-02
vertex -6.480503e-03 -4.511298e-01 7.572392e-02
endloop
endfacet
facet normal 0 0 0
outer loop
vertex -2.844950e-02 -4.942148e-01 8.301910e-03
vertex -1.160891e-02 -4.995731e-01 1.136821e-02
vertex -2.276107e-02 -4.972388e-01 2.234150e-02
endloop
endfacet
facet normal 0 0 0
outer loop
vertex -2.276107e-02 -4.972388e-01 2.234150e-02
vertex -1.160891e-02 -4.995731e-01 1.136821e-02
vertex -6.356914e-03 -4.995368e-01 2.377872e-02
endloop
endfacet
facet normal 0 0 0
outer loop
vertex -6.356914e-03 -4.995368e-01 2.377872e-02
vertex -1.646348e-04 -4.964117e-01 3.074018e-02
vertex -2.276107e-02 -4.972388e-01 2.234150e-02
endloop
endfacet
facet normal 0 0 0
outer loop
vertex -2.276107e-02 -4.972388e-01 2.234150e-02
vertex -1.646348e-04 -4.964117e-01 3.074018e-02
vertex -6.114928e-03 -4.915383e-01 3.803007e-02
endloop
endfacet
facet normal 0 0 0
outer loop
vertex -1.646348e-04 -4.964117e-01 3.074018e-02
vertex 1.654892e-02 -4.955656e-01 2.527129e-02
vertex -6.114928e-03 -4.915383e-01 3.803007e-02
endloop
endfacet
facet normal 0 0 0
outer loop
vertex -6.356914e-03 -4.995368e-01 2.377872e-02
vertex 1.654892e-02 -4.955656e-01 2.527129e-02
vertex -1.646348e-04 -4.964117e-01 3.074018e-02
endloop
endfacet
facet normal 0 0 0
outer loop
vertex 1.654892e-02 -4.955656e-01 2.527129e-02
vertex -6.356914e-03 -4.995368e-01 2.377872e-02
vertex -1.160891e-02 -4.995731e-01 1.136821e-02
endloop
endfacet
facet normal 0 0 0
outer loop
vertex 1.654892e-02 -4.955656e-01 2.527129e-02
vertex -1.160891e-02 -4.995731e-01 1.136821e-02
vertex 1.418522e-02 -4.972466e-01 1.220828e-02
endloop
endfacet
facet normal 0 0 0
outer loop
vertex 1.418522e-02 -4.972466e-01 1.220828e-02
vertex 4.263689e-02 -4.794994e-01 2.433703e-02
vertex 1.654892e-02 -4.955656e-01 2.527129e-02
endloop
endfacet
facet normal 0 0 0
outer loop
vertex 1.654892e-02 -4.955656e-01 2.527129e-02
vertex 4.263689e-02 -4.794994e-01 2.433703e-02
vertex 5.295420e-02 -4.690308e-01 2.850352e-02
endloop
endfacet
facet normal 0 0 0
outer loop
vertex 4.263689e-02 -4.794994e-01 2.433703e-02
vertex 1.418522e-02 -4.972466e-01 1.220828e-02
vertex 4.520801e-02 -4.775021e-01 1.264646e-02
endloop
endfacet
facet normal 0 0 0
outer loop
vertex 4.263689e-02 -4.794994e-01 2.433703e-02
vertex 4.520801e-02 -4.775021e-01 1.264646e-02
vertex 5.804803e-02 -4.654529e-01 1.503348e-02
endloop
endfacet
facet normal 0 0 0
outer loop
vertex 1.418522e-02 -4.972466e-01 1.220828e-02
vertex 4.294197e-02 -4.759042e-01 8.497214e-03
vertex 4.520801e-02 -4.775021e-01 1.264646e-02
endloop
endfacet
facet normal 0 0 0
outer loop
vertex 4.294197e-02 -4.759042e-01 8.497214e-03
vertex 6.305631e-02 -4.558451e-01 5.145703e-03
vertex 4.520801e-02 -4.775021e-01 1.264646e-02
endloop
endfacet
facet normal 0 0 0
outer loop
vertex 1.046686e-01 -4.020452e-01 -1.740573e-03
vertex 4.520801e-02 -4.775021e-01 1.264646e-02
vertex 6.305631e-02 -4.558451e-01 5.145703e-03
endloop
endfacet
facet normal 0 0 0
outer loop
vertex 4.294197e-02 -4.759042e-01 8.497214e-03
vertex 4.251071e-02 -4.851420e-01 -5.574279e-04
vertex 6.305631e-02 -4.558451e-01 5.145703e-03
endloop
endfacet
facet normal 0 0 0
outer loop
vertex 6.305631e-02 -4.558451e-01 5.145703e-03
vertex 4.251071e-02 -4.851420e-01 -5.574279e-04
vertex 6.778025e-02 -4.629768e-01 -7.017625e-04
endloop
endfacet
facet normal 0 0 0
outer loop
vertex 6.305631e-02 -4.558451e-01 5.145703e-03
vertex 6.778025e-02 -4.629768e-01 -7.017625e-04
vertex 1.137138e-01 -4.034825e-01 -7.811002e-03
endloop
endfacet
facet normal 0 0 0
outer loop
vertex 6.778025e-02 -4.629768e-01 -7.017625e-04
vertex 1.160939e-01 -4.076066e-01 -2.550719e-02
vertex 1.137138e-01 -4.034825e-01 -7.811002e-03
endloop
endfacet
facet normal 0 0 0
outer loop
vertex 6.778025e-02 -4.629768e-01 -7.017625e-04
vertex 6.671809e-02 -4.648687e-01 -1.252802e-02
vertex 1.160939e-01 -4.076066e-01 -2.550719e-02
endloop
endfacet
facet normal 0 0 0
outer loop
vertex 6.671809e-02 -4.648687e-01 -1.252802e-02
vertex 8.797324e-02 -4.163485e-01 -6.915653e-02
vertex 1.160939e-01 -4.076066e-01 -2.550719e-02
endloop
endfacet
facet normal 0 0 0
outer loop
vertex 1.304178e-01 -3.568558e-01 -8.889061e-02
vertex 1.160939e-01 -4.076066e-01 -2.550719e-02
vertex 8.797324e-02 -4.163485e-01 -6.915653e-02
endloop
endfacet
facet normal 0 0 0
outer loop
vertex 1.304178e-01 -3.568558e-01 -8.889061e-02
vertex 1.604588e-01 -3.338921e-01 -3.930998e-02
vertex 1.160939e-01 -4.076066e-01 -2.550719e-02
endloop
endfacet
facet normal 0 0 0
outer loop
vertex 1.604588e-01 -3.338921e-01 -3.930998e-02
vertex 1.304178e-01 -3.568558e-01 -8.889061e-02
vertex 1.721174e-01 -2.920481e-01 -8.893123e-02
endloop
endfacet
facet normal 0 0 0
outer loop
vertex 6.671809e-02 -4.648687e-01 -1.252802e-02
vertex 4.704625e-02 -4.766603e-01 -1.987580e-02
vertex 8.797324e-02 -4.163485e-01 -6.915653e-02
endloop
endfacet
facet normal 0 0 0
outer loop
vertex 2.221747e-02 -4.793326e-01 -4.347389e-02
vertex 8.797324e-02 -4.163485e-01 -6.915653e-02
vertex 4.704625e-02 -4.766603e-01 -1.987580e-02
endloop
endfacet
facet normal 0 0 0
outer loop
vertex 2.221747e-02 -4.793326e-01 -4.347389e-02
vertex 4.704625e-02 -4.766603e-01 -1.987580e-02
vertex 1.953055e-02 -4.966796e-01 -7.933645e-04
endloop
endfacet
facet normal 0 0 0
outer loop
vertex -6.050112e-03 -4.874901e-01 -3.666369e-02
vertex 2.221747e-02 -4.793326e-01 -4.347389e-02
vertex 1.953055e-02 -4.966796e-01 -7.933645e-04
endloop
endfacet
facet normal 0 0 0
outer loop
vertex -4.094333e-03 -5.000000e-01 -3.934885e-03
vertex -6.050112e-03 -4.874901e-01 -3.666369e-02
vertex 1.953055e-02 -4.966796e-01 -7.933645e-04
endloop
endfacet
facet normal 0 0 0
outer loop
vertex -1.564837e-02 -4.949892e-01 -9.264571e-04
vertex -4.094333e-03 -5.000000e-01 -3.934885e-03
vertex 1.953055e-02 -4.966796e-01 -7.933645e-04
endloop
endfacet
facet normal 0 0 0
outer loop
vertex -1.564837e-02 -4.949892e-01 -9.264571e-04
vertex 1.953055e-02 -4.966796e-01 -7.933645e-04
vertex 1.778219e-02 -4.925710e-01 6.580345e-03
endloop
endfacet
facet normal 0 0 0
outer loop
vertex -1.564837e-02 -4.949892e-01 -9.264571e-04
vertex 1.778219e-02 -4.925710e-01 6.580345e-03
vertex 1.418522e-02 -4.972466e-01 1.220828e-02
endloop
endfacet
facet normal 0 0 0
outer loop
vertex 1.778219e-02 -4.925710e-01 6.580345e-03
vertex 1.953055e-02 -4.966796e-01 -7.933645e-04
vertex 4.294197e-02 -4.759042e-01 8.497214e-03
endloop
endfacet
facet normal 0 0 0
outer loop
vertex -3.198943e-02 -4.942234e-01 -6.980468e-03
vertex -4.094333e-03 -5.000000e-01 -3.934885e-03
vertex -1.564837e-02 -4.949892e-01 -9.264571e-04
endloop
endfacet
facet normal 0 0 0
outer loop
vertex -2.670201e-02 -4.914103e-01 1.875409e-03
vertex -3.198943e-02 -4.942234e-01 -6.980468e-03
vertex -1.564837e-02 -4.949892e-01 -9.264571e-04
endloop
endfacet
facet normal 0 0 0
outer loop
vertex -2.670201e-02 -4.914103e-01 1.875409e-03
vertex -1.564837e-02 -4.949892e-01 -9.264571e-04
vertex -2.844950e-02 -4.942148e-01 8.301910e-03
endloop
endfacet
facet normal 0 0 0
outer loop
vertex -5.492639e-02 -4.786783e-01 -7.675321e-03
vertex -3.198943e-02 -4.942234e-01 -6.980468e-03
vertex -2.670201e-02 -4.914103e-01 1.875409e-03
endloop
endfacet
facet normal 0 0 0
outer loop
vertex -4.875916e-02 -4.746078e-01 6.309098e-04
vertex -5.492639e-02 -4.786783e-01 -7.675321e-03
vertex -2.670201e-02 -4.914103e-01 1.875409e-03
endloop
endfacet
facet normal 0 0 0
outer loop
vertex -4.875916e-02 -4.746078e-01 6.309098e-04
vertex -2.670201e-02 -4.914103e-01 1.875409e-03
vertex -5.576642e-02 -4.724420e-01 5.754987e-03
endloop
endfacet
facet normal 0 0 0
outer loop
vertex -6.903771e-02 -4.636984e-01 -7.446291e-03
vertex -5.492639e-02 -4.786783e-01 -7.675321e-03
vertex -4.875916e-02 -4.746078e-01 6.309098e-04
endloop
endfacet
facet normal 0 0 0
outer loop
vertex -1.161224e-01 -3.913313e-01 -1.249345e-02
vertex -6.903771e-02 -4.636984e-01 -7.446291e-03
vertex -4.875916e-02 -4.746078e-01 6.309098e-04
endloop
endfacet
facet normal 0 0 0
outer loop
vertex -1.161224e-01 -3.913313e-01 -1.249345e-02
vertex -4.875916e-02 -4.746078e-01 6.309098e-04
vertex -1.015470e-01 -4.031886e-01 -4.351454e-03
endloop
endfacet
facet normal 0 0 0
outer loop
vertex -1.161224e-01 -3.913313e-01 -1.249345e-02
vertex -1.015470e-01 -4.031886e-01 -4.351454e-03
vertex -1.525484e-01 -3.144450e-01 -1.839449e-02
endloop
endfacet
facet normal 0 0 0
outer loop
vertex -1.578445e-01 -3.198879e-01 -3.733347e-02
vertex -1.161224e-01 -3.913313e-01 -1.249345e-02
vertex -1.525484e-01 -3.144450e-01 -1.839449e-02
endloop
endfacet
facet normal 0 0 0
outer loop
vertex -1.677556e-01 -2.746916e-01 -2.230259e-02
vertex -1.578445e-01 -3.198879e-01 -3.733347e-02
vertex -1.525484e-01 -3.144450e-01 -1.839449e-02
endloop
endfacet
facet normal 0 0 0
outer loop
vertex -1.194394e-01 -3.943647e-01 -2.903157e-02
vertex -1.161224e-01 -3.913313e-01 -1.249345e-02
vertex -1.578445e-01 -3.198879e-01 -3.733347e-02
endloop
endfacet
facet normal 0 0 0
outer loop
vertex -1.305388e-01 -3.487881e-01 -8.533168e-02
vertex -1.194394e-01 -3.943647e-01 -2.903157e-02
vertex -1.578445e-01 -3.198879e-01 -3.733347e-02
endloop
endfacet
facet normal 0 0 0
outer loop
vertex -1.689431e-01 -2.743208e-01 -8.350898e-02
vertex -1.305388e-01 -3.487881e-01 -8.533168e-02
vertex -1.578445e-01 -3.198879e-01 -3.733347e-02
endloop
endfacet
facet normal 0 0 0
outer loop
vertex -1.305388e-01 -3.487881e-01 -8.533168e-02
vertex -1.015971e-01 -4.212012e-01 -2.748372e-02
vertex -1.194394e-01 -3.943647e-01 -2.903157e-02
endloop
endfacet
facet normal 0 0 0
outer loop
vertex -1.305388e-01 -3.487881e-01 -8.533168e-02
vertex -8.311100e-02 -4.067614e-01 -8.727967e-02
vertex -1.015971e-01 -4.212012e-01 -2.748372e-02
endloop
endfacet
facet normal 0 0 0
outer loop
vertex -8.311100e-02 -4.067614e-01 -8.727967e-02
vertex -6.813285e-02 -4.648773e-01 -1.883439e-02
vertex -1.015971e-01 -4.212012e-01 -2.748372e-02
endloop
endfacet
facet normal 0 0 0
outer loop
vertex -6.903771e-02 -4.636984e-01 -7.446291e-03
vertex -1.015971e-01 -4.212012e-01 -2.748372e-02
vertex -6.813285e-02 -4.648773e-01 -1.883439e-02
endloop
endfacet
facet normal 0 0 0
outer loop
vertex -8.311100e-02 -4.067614e-01 -8.727967e-02
vertex -3.158670e-02 -4.743459e-01 -5.018299e-02
vertex -6.813285e-02 -4.648773e-01 -1.883439e-02
endloop
endfacet
facet normal 0 0 0
outer loop
vertex -6.813285e-02 -4.648773e-01 -1.883439e-02
vertex -3.158670e-02 -4.743459e-01 -5.018299e-02
vertex -5.492639e-02 -4.786783e-01 -7.675321e-03
endloop
endfacet
facet normal 0 0 0
outer loop
vertex -2.673226e-02 -4.420674e-01 -9.080837e-02
vertex -3.158670e-02 -4.743459e-01 -5.018299e-02
vertex -8.311100e-02 -4.067614e-01 -8.727967e-02
endloop
endfacet
facet normal 0 0 0
outer loop
vertex -2.673226e-02 -4.420674e-01 -9.080837e-02
vertex -8.311100e-02 -4.067614e-01 -8.727967e-02
vertex -8.794297e-02 -3.601131e-01 -1.295540e-01
endloop
endfacet
facet normal 0 0 0
outer loop
vertex -8.794297e-02 -3.601131e-01 -1.295540e-01
vertex -2.091592e-02 -4.001102e-01 -1.331251e-01
vertex -2.673226e-02 -4.420674e-01 -9.080837e-02
endloop
endfacet
facet normal 0 0 0
outer loop
vertex -2.673226e-02 -4.420674e-01 -9.080837e-02
vertex -2.091592e-02 -4.001102e-01 -1.331251e-01
vertex 2.797850e-02 -4.389371e-01 -9.142111e-02
endloop
endfacet
facet normal 0 0 0
outer loop
vertex 2.797850e-02 -4.389371e-01 -9.142111e-02
vertex -6.050112e-03 -4.874901e-01 -3.666369e-02
vertex -2.673226e-02 -4.420674e-01 -9.080837e-02
endloop
endfacet
facet normal 0 0 0
outer loop
vertex -2.091592e-02 -4.001102e-01 -1.331251e-01
vertex 8.700749e-03 -3.561342e-01 -1.674458e-01
vertex 2.797850e-02 -4.389371e-01 -9.142111e-02
endloop
endfacet
facet normal 0 0 0
outer loop
vertex -2.091592e-02 -4.001102e-01 -1.331251e-01
vertex -8.369350e-02 -3.171656e-01 -1.701517e-01
vertex 8.700749e-03 -3.561342e-01 -1.674458e-01
endloop
endfacet
facet normal 0 0 0
outer loop
vertex -8.794297e-02 -3.601131e-01 -1.295540e-01
vertex -8.369350e-02 -3.171656e-01 -1.701517e-01
vertex -2.091592e-02 -4.001102e-01 -1.331251e-01
endloop
endfacet
facet normal 0 0 0
outer loop
vertex -1.383688e-01 -2.963054e-01 -1.305695e-01
vertex -8.369350e-02 -3.171656e-01 -1.701517e-01
vertex -8.794297e-02 -3.601131e-01 -1.295540e-01
endloop
endfacet
facet normal 0 0 0
outer loop
vertex -1.383688e-01 -2.963054e-01 -1.305695e-01
vertex -8.794297e-02 -3.601131e-01 -1.295540e-01
vertex -8.311100e-02 -4.067614e-01 -8.727967e-02
endloop
endfacet
facet normal 0 0 0
outer loop
vertex -6.050112e-03 -4.874901e-01 -3.666369e-02
vertex -3.158670e-02 -4.743459e-01 -5.018299e-02
vertex -2.673226e-02 -4.420674e-01 -9.080837e-02
endloop
endfacet
facet normal 0 0 0
outer loop
vertex -3.198943e-02 -4.942234e-01 -6.980468e-03
vertex -3.158670e-02 -4.743459e-01 -5.018299e-02
vertex -6.050112e-03 -4.874901e-01 -3.666369e-02
endloop
endfacet
facet normal 0 0 0
outer loop
vertex -1.305388e-01 -3.487881e-01 -8.533168e-02
vertex -1.383688e-01 -2.963054e-01 -1.305695e-01
vertex -8.311100e-02 -4.067614e-01 -8.727967e-02
endloop
endfacet
facet normal 0 0 0
outer loop
vertex -1.161224e-01 -3.913313e-01 -1.249345e-02
vertex -1.194394e-01 -3.943647e-01 -2.903157e-02
vertex -1.015971e-01 -4.212012e-01 -2.748372e-02
endloop
endfacet
facet normal 0 0 0
outer loop
vertex -1.015971e-01 -4.212012e-01 -2.748372e-02
vertex -6.903771e-02 -4.636984e-01 -7.446291e-03
vertex -1.161224e-01 -3.913313e-01 -1.249345e-02
endloop
endfacet
facet normal 0 0 0
outer loop
vertex -6.903771e-02 -4.636984e-01 -7.446291e-03
vertex -6.813285e-02 -4.648773e-01 -1.883439e-02
vertex -5.492639e-02 -4.786783e-01 -7.675321e-03
endloop
endfacet
facet normal 0 0 0
outer loop
vertex -5.492639e-02 -4.786783e-01 -7.675321e-03
vertex -3.158670e-02 -4.743459e-01 -5.018299e-02
vertex -3.198943e-02 -4.942234e-01 -6.980468e-03
endloop
endfacet
facet normal 0 0 0
outer loop
vertex -3.198943e-02 -4.942234e-01 -6.980468e-03
vertex -6.050112e-03 -4.874901e-01 -3.666369e-02
vertex -4.094333e-03 -5.000000e-01 -3.934885e-03
endloop
endfacet
facet normal 0 0 0
outer loop
vertex -6.050112e-03 -4.874901e-01 -3.666369e-02
vertex 2.797850e-02 -4.389371e-01 -9.142111e-02
vertex 2.221747e-02 -4.793326e-01 -4.347389e-02
endloop
endfacet
facet normal 0 0 0
outer loop
vertex 1.953055e-02 -4.966796e-01 -7.933645e-04
vertex 4.704625e-02 -4.766603e-01 -1.987580e-02
vertex 4.251071e-02 -4.851420e-01 -5.574279e-04
endloop
endfacet
facet normal 0 0 0
outer loop
vertex 2.221747e-02 -4.793326e-01 -4.347389e-02
vertex 2.797850e-02 -4.389371e-01 -9.142111e-02
vertex 8.797324e-02 -4.163485e-01 -6.915653e-02
endloop
endfacet
facet normal 0 0 0
outer loop
vertex 8.797324e-02 -4.163485e-01 -6.915653e-02
vertex 2.797850e-02 -4.389371e-01 -9.142111e-02
vertex 5.751825e-02 -3.797850e-01 -1.417951e-01
endloop
endfacet
facet normal 0 0 0
outer loop
vertex 4.251071e-02 -4.851420e-01 -5.574279e-04
vertex 4.704625e-02 -4.766603e-01 -1.987580e-02
vertex 6.671809e-02 -4.648687e-01 -1.252802e-02
endloop
endfacet
facet normal 0 0 0
outer loop
vertex 6.778025e-02 -4.629768e-01 -7.017625e-04
vertex 4.251071e-02 -4.851420e-01 -5.574279e-04
vertex 6.671809e-02 -4.648687e-01 -1.252802e-02
endloop
endfacet
facet normal 0 0 0
outer loop
vertex 4.294197e-02 -4.759042e-01 8.497214e-03
vertex 1.953055e-02 -4.966796e-01 -7.933645e-04
vertex 4.251071e-02 -4.851420e-01 -5.574279e-04
endloop
endfacet
facet normal 0 0 0
outer loop
vertex 1.418522e-02 -4.972466e-01 1.220828e-02
vertex 1.778219e-02 -4.925710e-01 6.580345e-03
vertex 4.294197e-02 -4.759042e-01 8.497214e-03
endloop
endfacet
facet normal 0 0 0
outer loop
vertex -1.160891e-02 -4.995731e-01 1.136821e-02
vertex -1.564837e-02 -4.949892e-01 -9.264571e-04
vertex 1.418522e-02 -4.972466e-01 1.220828e-02
endloop
endfacet
facet normal 0 0 0
outer loop
vertex -1.160891e-02 -4.995731e-01 1.136821e-02
vertex -2.844950e-02 -4.942148e-01 8.301910e-03
vertex -1.564837e-02 -4.949892e-01 -9.264571e-04
endloop
endfacet
facet normal 0 0 0
outer loop
vertex -2.844950e-02 -4.942148e-01 8.301910e-03
vertex -5.576642e-02 -4.724420e-01 5.754987e-03
vertex -2.670201e-02 -4.914103e-01 1.875409e-03
endloop
endfacet
facet normal 0 0 0
outer loop
vertex -5.576642e-02 -4.724420e-01 5.754987e-03
vertex -8.905266e-02 -4.305695e-01 4.532099e-03
vertex -4.875916e-02 -4.746078e-01 6.309098e-04
endloop
endfacet
facet normal 0 0 0
outer loop
vertex -8.905266e-02 -4.305695e-01 4.532099e-03
vertex -1.062061e-01 -4.041843e-01 1.437245e-03
vertex -4.875916e-02 -4.746078e-01 6.309098e-04
endloop
endfacet
facet normal 0 0 0
outer loop
vertex -4.407238e-02 -4.381688e-01 6.333070e-02
vertex -6.155857e-02 -4.661157e-01 2.166826e-02
vertex -6.480503e-03 -4.511298e-01 7.572392e-02
endloop
endfacet
facet normal 0 0 0
outer loop
vertex -1.062061e-01 -4.041843e-01 1.437245e-03
vertex -8.905266e-02 -4.305695e-01 4.532099e-03
vertex -6.725132e-02 -4.506104e-01 2.436038e-02
endloop
endfacet
facet normal 0 0 0
outer loop
vertex -1.062061e-01 -4.041843e-01 1.437245e-03
vertex -1.015470e-01 -4.031886e-01 -4.351454e-03
vertex -4.875916e-02 -4.746078e-01 6.309098e-04
endloop
endfacet
facet normal 0 0 0
outer loop
vertex -1.525484e-01 -3.144450e-01 -1.839449e-02
vertex -1.015470e-01 -4.031886e-01 -4.351454e-03
vertex -1.285848e-01 -3.434152e-01 -7.899159e-03
endloop
endfacet
facet normal 0 0 0
outer loop
vertex -1.525484e-01 -3.144450e-01 -1.839449e-02
vertex -1.285848e-01 -3.434152e-01 -7.899159e-03
vertex -1.622167e-01 -2.643484e-01 -1.814646e-02
endloop
endfacet
facet normal 0 0 0
outer loop
vertex -1.622167e-01 -2.643484e-01 -1.814646e-02
vertex -1.285848e-01 -3.434152e-01 -7.899159e-03
vertex -1.674013e-01 -2.620166e-01 -1.267321e-02
endloop
endfacet
facet normal 0 0 0
outer loop
vertex -1.622167e-01 -2.643484e-01 -1.814646e-02
vertex -1.674013e-01 -2.620166e-01 -1.267321e-02
vertex -1.649935e-01 -2.581958e-01 -1.959320e-02
endloop
endfacet
facet normal 0 0 0
outer loop
vertex -1.622167e-01 -2.643484e-01 -1.814646e-02
vertex -1.649935e-01 -2.581958e-01 -1.959320e-02
vertex -1.731251e-01 -2.401971e-01 -3.285583e-02
endloop
endfacet
facet normal 0 0 0
outer loop
vertex -1.778283e-01 -2.394937e-01 -3.105043e-02
vertex -1.665656e-01 -2.658729e-01 -6.677111e-03
vertex -1.766400e-01 -2.346150e-01 -7.439385e-03
endloop
endfacet
facet normal 0 0 0
outer loop
vertex -1.674013e-01 -2.620166e-01 -1.267321e-02
vertex -1.731251e-01 -2.401971e-01 -3.285583e-02
vertex -1.649935e-01 -2.581958e-01 -1.959320e-02
endloop
endfacet
facet normal 0 0 0
outer loop
vertex -1.827389e-01 -2.274012e-01 -5.667690e-02
vertex -1.778283e-01 -2.394937e-01 -3.105043e-02
vertex -1.837458e-01 -2.208926e-01 -3.626181e-02
endloop
endfacet
facet normal 0 0 0
outer loop
vertex -2.129442e-01 -1.298042e-01 -6.011571e-02
vertex -1.908758e-01 -1.772597e-01 -1.014282e-01
vertex -1.827389e-01 -2.274012e-01 -5.667690e-02
endloop
endfacet
facet normal 0 0 0
outer loop
vertex -1.760670e-01 -2.293250e-01 -5.851687e-02
vertex -1.731563e-01 -2.413863e-01 -3.805857e-02
vertex -1.731251e-01 -2.401971e-01 -3.285583e-02
endloop
endfacet
facet normal 0 0 0
outer loop
vertex -1.731563e-01 -2.413863e-01 -3.805857e-02
vertex -1.622167e-01 -2.643484e-01 -1.814646e-02
vertex -1.731251e-01 -2.401971e-01 -3.285583e-02
endloop
endfacet
facet normal 0 0 0
outer loop
vertex -1.677556e-01 -2.746916e-01 -2.230259e-02
vertex -1.525484e-01 -3.144450e-01 -1.839449e-02
vertex -1.622167e-01 -2.643484e-01 -1.814646e-02
endloop
endfacet
facet normal 0 0 0
outer loop
vertex -1.578445e-01 -3.198879e-01 -3.733347e-02
vertex -1.677556e-01 -2.746916e-01 -2.230259e-02
vertex -1.793312e-01 -2.529127e-01 -4.096501e-02
endloop
endfacet
facet normal 0 0 0
outer loop
vertex -1.796821e-01 -2.395706e-01 -7.215200e-02
vertex -1.764836e-01 -2.456047e-01 -3.860649e-02
vertex -1.787159e-01 -2.333230e-01 -6.265832e-02
endloop
endfacet
facet normal 0 0 0
outer loop
vertex -1.689431e-01 -2.743208e-01 -8.350898e-02
vertex -1.578445e-01 -3.198879e-01 -3.733347e-02
vertex -1.793312e-01 -2.529127e-01 -4.096501e-02
endloop
endfacet
facet normal 0 0 0
outer loop
vertex -1.689431e-01 -2.743208e-01 -8.350898e-02
vertex -1.383688e-01 -2.963054e-01 -1.305695e-01
vertex -1.305388e-01 -3.487881e-01 -8.533168e-02
endloop
endfacet
facet normal 0 0 0
outer loop
vertex -1.383688e-01 -2.963054e-01 -1.305695e-01
vertex -1.568843e-01 -2.039388e-01 -1.714204e-01
vertex -8.369350e-02 -3.171656e-01 -1.701517e-01
endloop
endfacet
facet normal 0 0 0
outer loop
vertex -8.369350e-02 -3.171656e-01 -1.701517e-01
vertex -1.568843e-01 -2.039388e-01 -1.714204e-01
vertex -9.812633e-02 -2.122035e-01 -2.205084e-01
endloop
endfacet
facet normal 0 0 0
outer loop
vertex -8.369350e-02 -3.171656e-01 -1.701517e-01
vertex -9.812633e-02 -2.122035e-01 -2.205084e-01
vertex -8.495183e-02 -2.688709e-01 -1.984150e-01
endloop
endfacet
facet normal 0 0 0
outer loop
vertex -8.369350e-02 -3.171656e-01 -1.701517e-01
vertex -8.495183e-02 -2.688709e-01 -1.984150e-01
vertex -4.305206e-03 -2.761306e-01 -2.156263e-01
endloop
endfacet
facet normal 0 0 0
outer loop
vertex -8.495183e-02 -2.688709e-01 -1.984150e-01
vertex -6.554444e-02 -2.170805e-01 -2.275909e-01
vertex -4.305206e-03 -2.761306e-01 -2.156263e-01
endloop
endfacet
facet normal 0 0 0
outer loop
vertex -6.554444e-02 -2.170805e-01 -2.275909e-01
vertex -3.410596e-02 -2.079316e-01 -2.338229e-01
vertex -4.305206e-03 -2.761306e-01 -2.156263e-01
endloop
endfacet
facet normal 0 0 0
outer loop
vertex -4.305206e-03 -2.761306e-01 -2.156263e-01
vertex -3.410596e-02 -2.079316e-01 -2.338229e-01
vertex -1.490512e-02 -2.117438e-01 -2.343579e-01
endloop
endfacet
facet normal 0 0 0
outer loop
vertex -1.951498e-02 -1.910694e-01 -2.497353e-01
vertex -1.490512e-02 -2.117438e-01 -2.343579e-01
vertex -3.410596e-02 -2.079316e-01 -2.338229e-01
endloop
endfacet
facet normal 0 0 0
outer loop
vertex -5.281418e-02 -1.950484e-01 -2.350873e-01
vertex -3.410596e-02 -2.079316e-01 -2.338229e-01
vertex -6.554444e-02 -2.170805e-01 -2.275909e-01
endloop
endfacet
facet normal 0 0 0
outer loop
vertex -2.467883e-02 -1.898612e-01 -2.497353e-01
vertex -3.410596e-02 -2.079316e-01 -2.338229e-01
vertex -5.281418e-02 -1.950484e-01 -2.350873e-01
endloop
endfacet
facet normal 0 0 0
outer loop
vertex -8.495183e-02 -2.688709e-01 -1.984150e-01
vertex -9.812633e-02 -2.122035e-01 -2.205084e-01
vertex -6.554444e-02 -2.170805e-01 -2.275909e-01
endloop
endfacet
facet normal 0 0 0
outer loop
vertex -1.568843e-01 -2.039388e-01 -1.714204e-01
vertex -1.562223e-01 -1.225455e-01 -2.209561e-01
vertex -9.812633e-02 -2.122035e-01 -2.205084e-01
endloop
endfacet
facet normal 0 0 0
outer loop
vertex -1.568843e-01 -2.039388e-01 -1.714204e-01
vertex -1.908784e-01 -1.119412e-01 -1.657640e-01
vertex -1.562223e-01 -1.225455e-01 -2.209561e-01
endloop
endfacet
facet normal 0 0 0
outer loop
vertex -1.562223e-01 -1.225455e-01 -2.209561e-01
vertex -1.908784e-01 -1.119412e-01 -1.657640e-01
vertex -1.947087e-01 -6.591436e-02 -1.770907e-01
endloop
endfacet
facet normal 0 0 0
outer loop
vertex -1.947087e-01 -6.591436e-02 -1.770907e-01
vertex -1.746643e-01 -3.411030e-02 -2.151268e-01
vertex -1.562223e-01 -1.225455e-01 -2.209561e-01
endloop
endfacet
facet normal 0 0 0
outer loop
vertex -1.499246e-01 -4.758955e-03 -2.345636e-01
vertex -1.562223e-01 -1.225455e-01 -2.209561e-01
vertex -1.746643e-01 -3.411030e-02 -2.151268e-01
endloop
endfacet
facet normal 0 0 0
outer loop
vertex -1.746643e-01 -3.411030e-02 -2.151268e-01
vertex -1.947087e-01 -6.591436e-02 -1.770907e-01
vertex -1.884179e-01 5.913550e-03 -2.005868e-01
endloop
endfacet
facet normal 0 0 0
outer loop
vertex -1.746643e-01 -3.411030e-02 -2.151268e-01
vertex -1.884179e-01 5.913550e-03 -2.005868e-01
vertex -1.549519e-01 3.602802e-02 -2.280377e-01
endloop
endfacet
facet normal 0 0 0
outer loop
vertex -1.947087e-01 -6.591436e-02 -1.770907e-01
vertex -2.028896e-01 -2.473069e-02 -1.703773e-01
vertex -1.884179e-01 5.913550e-03 -2.005868e-01
endloop
endfacet
facet normal 0 0 0
outer loop
vertex -2.028896e-01 -2.473069e-02 -1.703773e-01
vertex -1.955755e-01 8.939316e-02 -1.890734e-01
vertex -1.884179e-01 5.913550e-03 -2.005868e-01
endloop
endfacet
facet normal 0 0 0
outer loop
vertex -1.947087e-01 -6.591436e-02 -1.770907e-01
vertex -2.096211e-01 -6.616931e-02 -1.209574e-01
vertex -2.028896e-01 -2.473069e-02 -1.703773e-01
endloop
endfacet
facet normal 0 0 0
outer loop
vertex -2.028896e-01 -2.473069e-02 -1.703773e-01
vertex -2.096211e-01 -6.616931e-02 -1.209574e-01
vertex -2.213956e-01 1.378247e-02 -1.304035e-01
endloop
endfacet
facet normal 0 0 0
outer loop
vertex -2.028896e-01 -2.473069e-02 -1.703773e-01
vertex -2.213956e-01 1.378247e-02 -1.304035e-01
vertex -2.245855e-01 3.755254e-02 -1.288721e-01
endloop
endfacet
facet normal 0 0 0
outer loop
vertex -1.855097e-01 -1.896356e-01 -1.156069e-01
vertex -1.723516e-01 -2.346150e-01 -1.166613e-01
vertex -1.796821e-01 -2.395706e-01 -7.215200e-02
endloop
endfacet
facet normal 0 0 0
outer loop
vertex -1.947087e-01 -6.591436e-02 -1.770907e-01
vertex -1.908784e-01 -1.119412e-01 -1.657640e-01
vertex -2.096211e-01 -6.616931e-02 -1.209574e-01
endloop
endfacet
facet normal 0 0 0
outer loop
vertex -1.912578e-01 -1.610457e-01 -1.133702e-01
vertex -1.855097e-01 -1.896356e-01 -1.156069e-01
vertex -1.875519e-01 -1.698281e-01 -1.075694e-01
endloop
endfacet
facet normal 0 0 0
outer loop
vertex -1.908758e-01 -1.772597e-01 -1.014282e-01
vertex -2.151592e-01 -6.536816e-02 -1.158627e-01
vertex -1.912578e-01 -1.610457e-01 -1.133702e-01
endloop
endfacet
facet normal 0 0 0
outer loop
vertex -2.245855e-01 3.755254e-02 -1.288721e-01
vertex -2.213956e-01 1.378247e-02 -1.304035e-01
vertex -2.096211e-01 -6.616931e-02 -1.209574e-01
endloop
endfacet
facet normal 0 0 0
outer loop
vertex -2.151592e-01 -6.536816e-02 -1.158627e-01
vertex -2.115588e-01 -1.080642e-01 -1.023071e-01
vertex -2.310423e-01 3.223660e-02 -1.131697e-01
endloop
endfacet
facet normal 0 0 0
outer loop
vertex -2.028896e-01 -2.473069e-02 -1.703773e-01
vertex -2.245855e-01 3.755254e-02 -1.288721e-01
vertex -1.955755e-01 8.939316e-02 -1.890734e-01
endloop
endfacet
facet normal 0 0 0
outer loop
vertex -1.549519e-01 3.602802e-02 -2.280377e-01
vertex -1.884179e-01 5.913550e-03 -2.005868e-01
vertex -1.955755e-01 8.939316e-02 -1.890734e-01
endloop
endfacet
facet normal 0 0 0
outer loop
vertex -1.499246e-01 -4.758955e-03 -2.345636e-01
vertex -1.746643e-01 -3.411030e-02 -2.151268e-01
vertex -1.549519e-01 3.602802e-02 -2.280377e-01
endloop
endfacet
facet normal 0 0 0
outer loop
vertex -1.378347e-01 -9.662516e-02 -2.361909e-01
vertex -1.562223e-01 -1.225455e-01 -2.209561e-01
vertex -1.499246e-01 -4.758955e-03 -2.345636e-01
endloop
endfacet
facet normal 0 0 0
outer loop
vertex -9.812633e-02 -2.122035e-01 -2.205084e-01
vertex -1.562223e-01 -1.225455e-01 -2.209561e-01
vertex -1.378347e-01 -9.662516e-02 -2.361909e-01
endloop
endfacet
facet normal 0 0 0
outer loop
vertex -6.554444e-02 -2.170805e-01 -2.275909e-01
vertex -9.812633e-02 -2.122035e-01 -2.205084e-01
vertex -5.281418e-02 -1.950484e-01 -2.350873e-01
endloop
endfacet
facet normal 0 0 0
outer loop
vertex 1.133664e-01 -3.480688e-02 -2.497345e-01
vertex -4.054801e-02 -1.780807e-01 -2.497353e-01
vertex 1.132341e-01 -3.088323e-02 -2.497345e-01
endloop
endfacet
facet normal 0 0 0
outer loop
vertex -4.054801e-02 -1.780807e-01 -2.497353e-01
vertex 1.102361e-01 -2.571334e-02 -2.497353e-01
vertex 1.132341e-01 -3.088323e-02 -2.497345e-01
endloop
endfacet
facet normal 0 0 0
outer loop
vertex 1.132341e-01 -3.088323e-02 -2.497345e-01
vertex 1.102361e-01 -2.571334e-02 -2.497353e-01
vertex 1.203019e-01 -2.705896e-02 -2.485790e-01
endloop
endfacet
facet normal 0 0 0
outer loop
vertex -2.467883e-02 -1.898612e-01 -2.497353e-01
vertex -5.281418e-02 -1.950484e-01 -2.350873e-01
vertex -3.018922e-02 -1.866194e-01 -2.497353e-01
endloop
endfacet
facet normal 0 0 0
outer loop
vertex -1.951498e-02 -1.910694e-01 -2.497353e-01
vertex -3.410596e-02 -2.079316e-01 -2.338229e-01
vertex -2.467883e-02 -1.898612e-01 -2.497353e-01
endloop
endfacet
facet normal 0 0 0
outer loop
vertex -1.951498e-02 -1.910694e-01 -2.497353e-01
vertex -9.821663e-03 -1.920062e-01 -2.497353e-01
vertex -1.490512e-02 -2.117438e-01 -2.343579e-01
endloop
endfacet
facet normal 0 0 0
outer loop
vertex -4.305206e-03 -2.761306e-01 -2.156263e-01
vertex -1.490512e-02 -2.117438e-01 -2.343579e-01
vertex 8.127758e-03 -2.087630e-01 -2.354546e-01
endloop
endfacet
facet normal 0 0 0
outer loop
vertex 1.597247e-02 -1.824218e-01 -2.497353e-01
vertex 3.140176e-02 -1.911601e-01 -2.392097e-01
vertex 8.127758e-03 -2.087630e-01 -2.354546e-01
endloop
endfacet
facet normal 0 0 0
outer loop
vertex 5.939538e-02 -2.134584e-01 -2.327400e-01
vertex 8.127758e-03 -2.087630e-01 -2.354546e-01
vertex 3.140176e-02 -1.911601e-01 -2.392097e-01
endloop
endfacet
facet normal 0 0 0
outer loop
vertex 5.939538e-02 -2.134584e-01 -2.327400e-01
vertex 3.140176e-02 -1.911601e-01 -2.392097e-01
vertex 4.031467e-02 -1.774999e-01 -2.417472e-01
endloop
endfacet
facet normal 0 0 0
outer loop
vertex 2.206623e-02 -1.768483e-01 -2.497353e-01
vertex 4.031467e-02 -1.774999e-01 -2.417472e-01
vertex 3.140176e-02 -1.911601e-01 -2.392097e-01
endloop
endfacet
facet normal 0 0 0
outer loop
vertex 2.206623e-02 -1.768483e-01 -2.497353e-01
vertex 3.140176e-02 -1.911601e-01 -2.392097e-01
vertex 1.597247e-02 -1.824218e-01 -2.497353e-01
endloop
endfacet
facet normal 0 0 0
outer loop
vertex 1.597247e-02 -1.824218e-01 -2.497353e-01
vertex 2.839507e-02 -1.697875e-01 -2.497353e-01
vertex 2.206623e-02 -1.768483e-01 -2.497353e-01
endloop
endfacet
facet normal 0 0 0
outer loop
vertex -2.899089e-03 -1.915257e-01 -2.497353e-01
vertex 3.898720e-02 -1.502314e-01 -2.497353e-01
vertex 6.112348e-03 -1.873843e-01 -2.497353e-01
endloop
endfacet
facet normal 0 0 0
outer loop
vertex 2.206623e-02 -1.768483e-01 -2.497353e-01
vertex 2.839507e-02 -1.697875e-01 -2.497353e-01
vertex 4.031467e-02 -1.774999e-01 -2.417472e-01
endloop
endfacet
facet normal 0 0 0
outer loop
vertex 5.939538e-02 -2.134584e-01 -2.327400e-01
vertex 4.031467e-02 -1.774999e-01 -2.417472e-01
vertex 4.560124e-02 -1.469603e-01 -2.473319e-01
endloop
endfacet
facet normal 0 0 0
outer loop
vertex -2.899089e-03 -1.915257e-01 -2.497353e-01
vertex 4.007787e-02 -1.336086e-01 -2.497353e-01
vertex 3.898720e-02 -1.502314e-01 -2.497353e-01
endloop
endfacet
facet normal 0 0 0
outer loop
vertex 1.133664e-01 -3.480688e-02 -2.497345e-01
vertex 5.269752e-02 -1.294905e-01 -2.497353e-01
vertex 4.007787e-02 -1.336086e-01 -2.497353e-01
endloop
endfacet
facet normal 0 0 0
outer loop
vertex 9.656551e-02 -1.097054e-01 -2.497353e-01
vertex 1.081965e-01 -1.240709e-01 -2.464322e-01
vertex 4.560124e-02 -1.469603e-01 -2.473319e-01
endloop
endfacet
facet normal 0 0 0
outer loop
vertex 1.133664e-01 -3.480688e-02 -2.497345e-01
vertex 1.132341e-01 -3.088323e-02 -2.497345e-01
vertex 1.203019e-01 -2.705896e-02 -2.485790e-01
endloop
endfacet
facet normal 0 0 0
outer loop
vertex 1.081965e-01 -1.240709e-01 -2.464322e-01
vertex 5.939538e-02 -2.134584e-01 -2.327400e-01
vertex 4.560124e-02 -1.469603e-01 -2.473319e-01
endloop
endfacet
facet normal 0 0 0
outer loop
vertex 7.577880e-02 -2.823946e-01 -2.002826e-01
vertex 9.614895e-02 -2.108363e-01 -2.281241e-01
vertex 1.525286e-01 -2.532005e-01 -1.610366e-01
endloop
endfacet
facet normal 0 0 0
outer loop
vertex 8.127758e-03 -2.087630e-01 -2.354546e-01
vertex 5.939538e-02 -2.134584e-01 -2.327400e-01
vertex -4.305206e-03 -2.761306e-01 -2.156263e-01
endloop
endfacet
facet normal 0 0 0
outer loop
vertex 8.700749e-03 -3.561342e-01 -1.674458e-01
vertex -8.369350e-02 -3.171656e-01 -1.701517e-01
vertex -4.305206e-03 -2.761306e-01 -2.156263e-01
endloop
endfacet
facet normal 0 0 0
outer loop
vertex 2.797850e-02 -4.389371e-01 -9.142111e-02
vertex 8.700749e-03 -3.561342e-01 -1.674458e-01
vertex 5.751825e-02 -3.797850e-01 -1.417951e-01
endloop
endfacet
facet normal 0 0 0
outer loop
vertex 5.751825e-02 -3.797850e-01 -1.417951e-01
vertex 1.304178e-01 -3.568558e-01 -8.889061e-02
vertex 8.797324e-02 -4.163485e-01 -6.915653e-02
endloop
endfacet
facet normal 0 0 0
outer loop
vertex 1.071723e-01 -3.210348e-01 -1.547993e-01
vertex 7.577880e-02 -2.823946e-01 -2.002826e-01
vertex 1.525286e-01 -2.532005e-01 -1.610366e-01
endloop
endfacet
facet normal 0 0 0
outer loop
vertex 1.304178e-01 -3.568558e-01 -8.889061e-02
vertex 1.425777e-01 -3.115558e-01 -1.267331e-01
vertex 1.721174e-01 -2.920481e-01 -8.893123e-02
endloop
endfacet
facet normal 0 0 0
outer loop
vertex 1.836775e-01 -2.521496e-01 -8.685446e-02
vertex 1.821375e-01 -2.519698e-01 -7.328761e-02
vertex 1.782700e-01 -2.639145e-01 -4.471841e-02
endloop
endfacet
facet normal 0 0 0
outer loop
vertex 1.747603e-01 -2.562660e-01 -4.170998e-02
vertex 1.714572e-01 -2.796074e-01 -3.082400e-02
vertex 1.782700e-01 -2.639145e-01 -4.471841e-02
endloop
endfacet
facet normal 0 0 0
outer loop
vertex 1.571203e-01 -2.930273e-01 -1.488309e-02
vertex 1.699344e-01 -2.933186e-01 -2.674566e-02
vertex 1.714572e-01 -2.796074e-01 -3.082400e-02
endloop
endfacet
facet normal 0 0 0
outer loop
vertex 1.604588e-01 -3.338921e-01 -3.930998e-02
vertex 1.721174e-01 -2.920481e-01 -8.893123e-02
vertex 1.819084e-01 -2.727332e-01 -4.724284e-02
endloop
endfacet
facet normal 0 0 0
outer loop
vertex 1.522209e-01 -3.335836e-01 -1.898391e-02
vertex 1.160939e-01 -4.076066e-01 -2.550719e-02
vertex 1.604588e-01 -3.338921e-01 -3.930998e-02
endloop
endfacet
facet normal 0 0 0
outer loop
vertex 1.391864e-01 -3.333433e-01 -6.919098e-03
vertex 1.699344e-01 -2.933186e-01 -2.674566e-02
vertex 1.571203e-01 -2.930273e-01 -1.488309e-02
endloop
endfacet
facet normal 0 0 0
outer loop
vertex 1.137138e-01 -4.034825e-01 -7.811002e-03
vertex 1.160939e-01 -4.076066e-01 -2.550719e-02
vertex 1.522209e-01 -3.335836e-01 -1.898391e-02
endloop
endfacet
facet normal 0 0 0
outer loop
vertex 1.046686e-01 -4.020452e-01 -1.740573e-03
vertex 6.305631e-02 -4.558451e-01 5.145703e-03
vertex 1.137138e-01 -4.034825e-01 -7.811002e-03
endloop
endfacet
facet normal 0 0 0
outer loop
vertex 5.804803e-02 -4.654529e-01 1.503348e-02
vertex 4.520801e-02 -4.775021e-01 1.264646e-02
vertex 1.046686e-01 -4.020452e-01 -1.740573e-03
endloop
endfacet
facet normal 0 0 0
outer loop
vertex 5.295420e-02 -4.690308e-01 2.850352e-02
vertex 4.263689e-02 -4.794994e-01 2.433703e-02
vertex 5.804803e-02 -4.654529e-01 1.503348e-02
endloop
endfacet
facet normal 0 0 0
outer loop
vertex 5.295420e-02 -4.690308e-01 2.850352e-02
vertex -6.114928e-03 -4.915383e-01 3.803007e-02
vertex 1.654892e-02 -4.955656e-01 2.527129e-02
endloop
endfacet
facet normal 0 0 0
outer loop
vertex -6.480503e-03 -4.511298e-01 7.572392e-02
vertex -2.276107e-02 -4.972388e-01 2.234150e-02
vertex -6.114928e-03 -4.915383e-01 3.803007e-02
endloop
endfacet
facet normal 0 0 0
outer loop
vertex -4.407238e-02 -4.381688e-01 6.333070e-02
vertex -6.480503e-03 -4.511298e-01 7.572392e-02
vertex -1.004377e-02 -3.896157e-01 9.450906e-02
endloop
endfacet
facet normal 0 0 0
outer loop
vertex -4.407238e-02 -4.381688e-01 6.333070e-02
vertex -1.004377e-02 -3.896157e-01 9.450906e-02
vertex -7.073940e-02 -3.673097e-01 7.575937e-02
endloop
endfacet
facet normal 0 0 0
outer loop
vertex -1.037525e-01 -2.629967e-01 8.733327e-02
vertex -7.073940e-02 -3.673097e-01 7.575937e-02
vertex -3.232649e-02 -3.017043e-01 1.180328e-01
endloop
endfacet
facet normal 0 0 0
outer loop
vertex -1.802551e-01 -1.956931e-01 2.243484e-02
vertex -1.037525e-01 -2.629967e-01 8.733327e-02
vertex -1.577382e-01 -1.250457e-01 6.798204e-02
endloop
endfacet
facet normal 0 0 0
outer loop
vertex -1.854993e-01 -1.749029e-01 2.292573e-02
vertex -1.577382e-01 -1.250457e-01 6.798204e-02
vertex -1.754102e-01 -1.279167e-01 3.946471e-02
endloop
endfacet
facet normal 0 0 0
outer loop
vertex -2.128543e-01 -1.260949e-01 -1.946270e-02
vertex -1.754102e-01 -1.279167e-01 3.946471e-02
vertex -2.244273e-01 -6.260172e-02 1.858230e-04
endloop
endfacet
facet normal 0 0 0
outer loop
vertex -2.284737e-01 -9.204614e-03 -4.055535e-02
vertex -2.244273e-01 -6.260172e-02 1.858230e-04
vertex -2.342537e-01 9.551890e-02 -2.864784e-02
endloop
endfacet
facet normal 0 0 0
outer loop
vertex -2.205391e-01 1.642693e-01 -1.298280e-01
vertex -2.310423e-01 3.223660e-02 -1.131697e-01
vertex -2.342537e-01 9.551890e-02 -2.864784e-02
endloop
endfacet
facet normal 0 0 0
outer loop
vertex -1.846835e-01 3.040783e-01 -1.169577e-01
vertex -1.572810e-01 2.024410e-01 -1.904882e-01
vertex -2.205391e-01 1.642693e-01 -1.298280e-01
endloop
endfacet
facet normal 0 0 0
outer loop
vertex -1.410800e-01 3.191654e-01 -1.551787e-01
vertex -1.846835e-01 3.040783e-01 -1.169577e-01
vertex -1.394301e-01 3.833569e-01 -1.084804e-01
endloop
endfacet
facet normal 0 0 0
outer loop
vertex -1.479870e-01 3.493637e-01 1.202530e-01
vertex -1.458350e-01 4.484212e-01 1.243003e-01
vertex -2.154781e-01 2.624574e-01 -4.237890e-02
endloop
endfacet
facet normal 0 0 0
outer loop
vertex -1.134640e-01 4.176309e-01 1.598509e-01
vertex -1.111824e-01 3.295752e-01 1.501783e-01
vertex -9.355016e-02 3.644205e-01 1.687059e-01
endloop
endfacet
facet normal 0 0 0
outer loop
vertex -1.104634e-01 2.761763e-01 1.521055e-01
vertex -1.479870e-01 3.493637e-01 1.202530e-01
vertex -1.948642e-01 2.311961e-01 6.200669e-02
endloop
endfacet
facet normal 0 0 0
outer loop
vertex -1.111824e-01 3.295752e-01 1.501783e-01
vertex -7.611584e-02 3.226803e-01 1.742785e-01
vertex -9.355016e-02 3.644205e-01 1.687059e-01
endloop
endfacet
facet normal 0 0 0
outer loop
vertex -1.948642e-01 2.311961e-01 6.200669e-02
vertex -1.764940e-01 4.898731e-02 9.539577e-02
vertex -1.104634e-01 2.761763e-01 1.521055e-01
endloop
endfacet
facet normal 0 0 0
outer loop
vertex -7.557222e-02 1.068984e-01 1.555720e-01
vertex -4.977378e-02 1.480725e-01 1.689841e-01
vertex -5.174857e-02 2.540665e-01 1.796108e-01
endloop
endfacet
facet normal 0 0 0
outer loop
vertex -1.764940e-01 4.898731e-02 9.539577e-02
vertex -8.014061e-02 -3.716020e-02 1.379432e-01
vertex -7.557222e-02 1.068984e-01 1.555720e-01
endloop
endfacet
facet normal 0 0 0
outer loop
vertex -8.014061e-02 -3.716020e-02 1.379432e-01
vertex -6.946378e-02 -1.933977e-01 1.178721e-01
vertex -1.164559e-03 -1.012004e-01 1.487782e-01
endloop
endfacet
facet normal 0 0 0
outer loop
vertex -4.342369e-03 1.336950e-01 1.747365e-01
vertex -2.350692e-02 1.069286e-01 1.704974e-01
vertex -1.215338e-02 5.087395e-02 1.666239e-01
endloop
endfacet
facet normal 0 0 0
outer loop
vertex -3.727168e-02 4.363002e-01 2.112326e-01
vertex 3.689488e-02 3.798584e-01 1.970651e-01
vertex 2.989971e-02 4.315391e-01 2.117424e-01
endloop
endfacet
facet normal 0 0 0
outer loop
vertex -4.403955e-02 4.797422e-01 2.276747e-01
vertex 2.989971e-02 4.315391e-01 2.117424e-01
vertex 2.437116e-02 4.609873e-01 2.242826e-01
endloop
endfacet
facet normal 0 0 0
outer loop
vertex 5.547519e-02 4.654753e-01 2.094695e-01
vertex 6.745788e-02 3.604174e-01 1.801501e-01
vertex 8.262704e-02 3.341159e-01 1.680274e-01
endloop
endfacet
facet normal 0 0 0
outer loop
vertex 8.262704e-02 3.341159e-01 1.680274e-01
vertex 5.171488e-02 1.461911e-01 1.680853e-01
vertex 1.085534e-01 2.731264e-01 1.514841e-01
endloop
endfacet
facet normal 0 0 0
outer loop
vertex 1.085534e-01 2.731264e-01 1.514841e-01
vertex 5.171488e-02 1.461911e-01 1.680853e-01
vertex 1.572646e-01 1.358988e-01 1.057364e-01
endloop
endfacet
facet normal 0 0 0
outer loop
vertex 8.487406e-02 4.997753e-01 -1.378205e-02
vertex 1.384449e-01 4.593556e-01 3.813204e-02
vertex 1.041596e-01 4.451665e-01 -7.590021e-02
endloop
endfacet
facet normal 0 0 0
outer loop
vertex 1.263680e-01 3.732072e-01 -1.298530e-01
vertex 2.865780e-02 4.385836e-01 -1.114015e-01
vertex 1.041596e-01 4.451665e-01 -7.590021e-02
endloop
endfacet
facet normal 0 0 0
outer loop
vertex 1.263680e-01 3.732072e-01 -1.298530e-01
vertex 1.461790e-01 3.094150e-01 -1.578596e-01
vertex 7.350411e-02 3.536745e-01 -1.598284e-01
endloop
endfacet
facet normal 0 0 0
outer loop
vertex 1.461790e-01 3.094150e-01 -1.578596e-01
vertex 1.168467e-01 1.817217e-01 -2.073677e-01
vertex 9.136019e-02 2.346280e-01 -2.005929e-01
endloop
endfacet
facet normal 0 0 0
outer loop
vertex 1.341885e-01 8.748146e-02 -2.254026e-01
vertex 1.323779e-01 1.607639e-01 -2.074109e-01
vertex 1.852772e-01 2.159483e-01 -1.647027e-01
endloop
endfacet
facet normal 0 0 0
outer loop
vertex 1.168467e-01 1.817217e-01 -2.073677e-01
vertex 6.650636e-02 9.168080e-02 -2.416642e-01
vertex 6.286704e-02 2.711940e-01 -1.975162e-01
endloop
endfacet
facet normal 0 0 0
outer loop
vertex 6.650636e-02 9.168080e-02 -2.416642e-01
vertex -1.696633e-02 8.279987e-02 -2.491528e-01
vertex -1.024168e-02 1.903676e-01 -2.262893e-01
endloop
endfacet
facet normal 0 0 0
outer loop
vertex -6.116793e-02 5.629015e-02 -2.497353e-01
vertex -1.696633e-02 8.279987e-02 -2.491528e-01
vertex -1.911484e-02 7.888658e-02 -2.497353e-01
endloop
endfacet
facet normal 0 0 0
outer loop
vertex -6.116793e-02 5.629015e-02 -2.497353e-01
vertex -1.032227e-01 1.827755e-04 -2.497353e-01
vertex -8.715566e-02 7.567161e-02 -2.427030e-01
endloop
endfacet
facet normal 0 0 0
outer loop
vertex -1.305034e-01 8.581466e-03 -2.411811e-01
vertex -1.250327e-01 8.592669e-02 -2.309787e-01
vertex -8.715566e-02 7.567161e-02 -2.427030e-01
endloop
endfacet
facet normal 0 0 0
outer loop
vertex -1.049149e-01 -1.539517e-02 -2.497353e-01
vertex -1.102119e-01 -9.061522e-02 -2.471659e-01
vertex -1.305034e-01 8.581466e-03 -2.411811e-01
endloop
endfacet
facet normal 0 0 0
outer loop
vertex -1.338320e-02 7.795839e-02 -2.497353e-01
vertex -1.052606e-01 -3.448767e-03 -2.497353e-01
vertex -1.612284e-02 7.859707e-02 -2.497353e-01
endloop
endfacet
facet normal 0 0 0
outer loop
vertex -1.049149e-01 -1.539517e-02 -2.497353e-01
vertex -1.000380e-01 -8.083894e-02 -2.497353e-01
vertex -1.102119e-01 -9.061522e-02 -2.471659e-01
endloop
endfacet
facet normal 0 0 0
outer loop
vertex -6.933328e-02 -1.554117e-01 -2.418189e-01
vertex -1.102119e-01 -9.061522e-02 -2.471659e-01
vertex -6.411067e-02 -1.202587e-01 -2.483301e-01
endloop
endfacet
facet normal 0 0 0
outer loop
vertex -5.110731e-02 -1.674808e-01 -2.497353e-01
vertex -6.933328e-02 -1.554117e-01 -2.418189e-01
vertex -6.411067e-02 -1.202587e-01 -2.483301e-01
endloop
endfacet
facet normal 0 0 0
outer loop
vertex -6.427401e-02 -1.102084e-01 -2.497353e-01
vertex -1.338320e-02 7.795839e-02 -2.497353e-01
vertex 8.673132e-02 3.006044e-02 -2.497353e-01
endloop
endfacet
facet normal 0 0 0
outer loop
vertex -5.920438e-02 -1.147353e-01 -2.497353e-01
vertex -6.131225e-02 -1.215101e-01 -2.497353e-01
vertex -6.411067e-02 -1.202587e-01 -2.483301e-01
endloop
endfacet
facet normal 0 0 0
outer loop
vertex -6.131225e-02 -1.215101e-01 -2.497353e-01
vertex -6.111176e-02 -1.226232e-01 -2.497353e-01
vertex -6.411067e-02 -1.202587e-01 -2.483301e-01
endloop
endfacet
facet normal 0 0 0
outer loop
vertex -6.111176e-02 -1.226232e-01 -2.497353e-01
vertex -5.634460e-02 -1.433080e-01 -2.497353e-01
vertex -6.411067e-02 -1.202587e-01 -2.483301e-01
endloop
endfacet
facet normal 0 0 0
outer loop
vertex -5.110731e-02 -1.674808e-01 -2.497353e-01
vertex -6.411067e-02 -1.202587e-01 -2.483301e-01
vertex -5.634460e-02 -1.433080e-01 -2.497353e-01
endloop
endfacet
facet normal 0 0 0
outer loop
vertex -4.949809e-02 -1.707459e-01 -2.497353e-01
vertex -6.933328e-02 -1.554117e-01 -2.418189e-01
vertex -5.110731e-02 -1.674808e-01 -2.497353e-01
endloop
endfacet
facet normal 0 0 0
outer loop
vertex -4.791048e-02 -1.724623e-01 -2.497353e-01
vertex -6.552976e-02 -1.766746e-01 -2.375141e-01
vertex -4.949809e-02 -1.707459e-01 -2.497353e-01
endloop
endfacet
facet normal 0 0 0
outer loop
vertex -4.791048e-02 -1.724623e-01 -2.497353e-01
vertex 1.102361e-01 -2.571334e-02 -2.497353e-01
vertex -4.054801e-02 -1.780807e-01 -2.497353e-01
endloop
endfacet
facet normal 0 0 0
outer loop
vertex 1.102361e-01 -2.571334e-02 -2.497353e-01
vertex 1.119213e-01 -2.405918e-02 -2.497353e-01
vertex 1.203019e-01 -2.705896e-02 -2.485790e-01
endloop
endfacet
facet normal 0 0 0
outer loop
vertex -1.338320e-02 7.795839e-02 -2.497353e-01
vertex 8.677281e-02 3.008983e-02 -2.497258e-01
vertex 8.673132e-02 3.006044e-02 -2.497353e-01
endloop
endfacet
facet normal 0 0 0
outer loop
vertex 1.404318e-01 5.074345e-02 -2.302640e-01
vertex 8.677281e-02 3.008983e-02 -2.497258e-01
vertex 1.341885e-01 8.748146e-02 -2.254026e-01
endloop
endfacet
facet normal 0 0 0
outer loop
vertex 1.404318e-01 5.074345e-02 -2.302640e-01
vertex 1.341885e-01 8.748146e-02 -2.254026e-01
vertex 2.028982e-01 7.880276e-02 -1.851005e-01
endloop
endfacet
facet normal 0 0 0
outer loop
vertex 1.378849e-01 -8.023398e-02 -2.405346e-01
vertex 1.203019e-01 -2.705896e-02 -2.485790e-01
vertex 1.699067e-01 -7.680292e-02 -2.230044e-01
endloop
endfacet
facet normal 0 0 0
outer loop
vertex 1.854933e-01 -4.377827e-03 -2.105515e-01
vertex 1.404318e-01 5.074345e-02 -2.302640e-01
vertex 2.028982e-01 7.880276e-02 -1.851005e-01
endloop
endfacet
facet normal 0 0 0
outer loop
vertex 2.028982e-01 7.880276e-02 -1.851005e-01
vertex 2.102037e-01 -2.801222e-02 -1.777951e-01
vertex 1.854933e-01 -4.377827e-03 -2.105515e-01
endloop
endfacet
facet normal 0 0 0
outer loop
vertex 1.574556e-01 -1.616221e-01 -2.188405e-01
vertex 1.357787e-01 -1.316943e-01 -2.357450e-01
vertex 1.699067e-01 -7.680292e-02 -2.230044e-01
endloop
endfacet
facet normal 0 0 0
outer loop
vertex 1.525286e-01 -2.532005e-01 -1.610366e-01
vertex 1.574556e-01 -1.616221e-01 -2.188405e-01
vertex 1.918697e-01 -1.389220e-01 -1.764226e-01
endloop
endfacet
facet normal 0 0 0
outer loop
vertex 1.934391e-01 -1.797245e-01 -1.284694e-01
vertex 1.918697e-01 -1.389220e-01 -1.764226e-01
vertex 2.144220e-01 -6.065373e-02 -1.406673e-01
endloop
endfacet
facet normal 0 0 0
outer loop
vertex 1.854933e-01 -4.377827e-03 -2.105515e-01
vertex 2.102037e-01 -2.801222e-02 -1.777951e-01
vertex 2.008681e-01 -8.197542e-02 -1.833772e-01
endloop
endfacet
facet normal 0 0 0
outer loop
vertex 2.144220e-01 -6.065373e-02 -1.406673e-01
vertex 1.965919e-01 -1.499920e-01 -1.302134e-01
vertex 1.934391e-01 -1.797245e-01 -1.284694e-01
endloop
endfacet
facet normal 0 0 0
outer loop
vertex 1.963205e-01 -1.777125e-01 -1.222996e-01
vertex 1.914972e-01 -1.784904e-01 -1.249804e-01
vertex 1.965919e-01 -1.499920e-01 -1.302134e-01
endloop
endfacet
facet normal 0 0 0
outer loop
vertex 1.963205e-01 -1.777125e-01 -1.222996e-01
vertex 2.152482e-01 -1.191844e-01 -1.045420e-01
vertex 2.098346e-01 -1.522779e-01 -6.633565e-02
endloop
endfacet
facet normal 0 0 0
outer loop
vertex 2.105079e-01 -1.446553e-01 -4.393368e-02
vertex 2.068037e-01 -1.576146e-01 -6.390369e-02
vertex 2.108527e-01 -1.484545e-01 -6.287783e-02
endloop
endfacet
facet normal 0 0 0
outer loop
vertex 1.874188e-01 -2.343946e-01 -5.535893e-02
vertex 1.844865e-01 -2.446895e-01 -6.846600e-02
vertex 2.098346e-01 -1.522779e-01 -6.633565e-02
endloop
endfacet
facet normal 0 0 0
outer loop
vertex 2.105079e-01 -1.446553e-01 -4.393368e-02
vertex 1.986747e-01 -1.853403e-01 -5.805451e-02
vertex 2.068037e-01 -1.576146e-01 -6.390369e-02
endloop
endfacet
facet normal 0 0 0
outer loop
vertex 1.806172e-01 -2.264592e-01 -5.173863e-02
vertex 1.874188e-01 -2.343946e-01 -5.535893e-02
vertex 1.860127e-01 -2.229391e-01 -5.366588e-02
endloop
endfacet
facet normal 0 0 0
outer loop
vertex 1.806172e-01 -2.264592e-01 -5.173863e-02
vertex 1.860127e-01 -2.229391e-01 -5.366588e-02
vertex 1.860214e-01 -2.224180e-01 -5.269274e-02
endloop
endfacet
facet normal 0 0 0
outer loop
vertex 1.874188e-01 -2.343946e-01 -5.535893e-02
vertex 1.806172e-01 -2.264592e-01 -5.173863e-02
vertex 1.756660e-01 -2.427907e-01 -3.062610e-02
endloop
endfacet
facet normal 0 0 0
outer loop
vertex 1.841503e-01 -2.239425e-01 -2.537324e-02
vertex 1.872866e-01 -2.136053e-01 -3.249026e-02
vertex 1.860041e-01 -2.141956e-01 -2.294212e-02
endloop
endfacet
facet normal 0 0 0
outer loop
vertex 1.856549e-01 -2.250513e-01 -5.122527e-02
vertex 1.986747e-01 -1.853403e-01 -5.805451e-02
vertex 2.105079e-01 -1.446553e-01 -4.393368e-02
endloop
endfacet
facet normal 0 0 0
outer loop
vertex 1.860041e-01 -2.141956e-01 -2.294212e-02
vertex 1.872866e-01 -2.136053e-01 -3.249026e-02
vertex 1.863999e-01 -2.096713e-01 -1.917145e-02
endloop
endfacet
facet normal 0 0 0
outer loop
vertex 1.849169e-01 -2.082626e-01 -1.530742e-02
vertex 1.860041e-01 -2.141956e-01 -2.294212e-02
vertex 1.863999e-01 -2.096713e-01 -1.917145e-02
endloop
endfacet
facet normal 0 0 0
outer loop
vertex 1.849169e-01 -2.082626e-01 -1.530742e-02
vertex 1.826690e-01 -2.137030e-01 -9.299187e-04
vertex 1.875415e-01 -2.136788e-01 -9.180829e-03
endloop
endfacet
facet normal 0 0 0
outer loop
vertex 1.797651e-01 -2.247048e-01 1.136477e-03
vertex 1.839645e-01 -2.308029e-01 -3.742153e-03
vertex 1.826690e-01 -2.137030e-01 -9.299187e-04
endloop
endfacet
facet normal 0 0 0
outer loop
vertex 1.797651e-01 -2.247048e-01 1.136477e-03
vertex 1.745520e-01 -2.406440e-01 -1.438090e-03
vertex 1.802292e-01 -2.369018e-01 -4.558857e-03
endloop
endfacet
facet normal 0 0 0
outer loop
vertex 1.745520e-01 -2.406440e-01 -1.438090e-03
vertex 1.741009e-01 -2.544372e-01 -1.441294e-02
vertex 1.737871e-01 -2.437639e-01 -8.119535e-03
endloop
endfacet
facet normal 0 0 0
outer loop
vertex 1.741009e-01 -2.544372e-01 -1.441294e-02
vertex 1.794108e-01 -2.544372e-01 -3.914405e-02
vertex 1.756660e-01 -2.427907e-01 -3.062610e-02
endloop
endfacet
facet normal 0 0 0
outer loop
vertex 1.612729e-01 -2.917465e-01 -9.352808e-03
vertex 1.616290e-01 -2.826444e-01 -1.943418e-02
vertex 1.794108e-01 -2.544372e-01 -3.914405e-02
endloop
endfacet
facet normal 0 0 0
outer loop
vertex 1.041959e-01 -4.109452e-01 1.119019e-02
vertex 1.391864e-01 -3.333433e-01 -6.919098e-03
vertex 1.612729e-01 -2.917465e-01 -9.352808e-03
endloop
endfacet
facet normal 0 0 0
outer loop
vertex 3.289258e-02 -4.385248e-01 6.864579e-02
vertex 1.041959e-01 -4.109452e-01 1.119019e-02
vertex 5.810075e-02 -3.701738e-01 8.571282e-02
endloop
endfacet
facet normal 0 0 0
outer loop
vertex -1.018810e-02 -3.069935e-01 1.216402e-01
vertex 5.810075e-02 -3.701738e-01 8.571282e-02
vertex 1.281626e-02 -3.055165e-01 1.208710e-01
endloop
endfacet
facet normal 0 0 0
outer loop
vertex -5.236862e-03 -2.751133e-01 1.238578e-01
vertex -1.018810e-02 -3.069935e-01 1.216402e-01
vertex 1.281626e-02 -3.055165e-01 1.208710e-01
endloop
endfacet
facet normal 0 0 0
outer loop
vertex -1.164559e-03 -1.012004e-01 1.487782e-01
vertex -5.236862e-03 -2.751133e-01 1.238578e-01
vertex 6.532321e-02 -2.056448e-01 1.212184e-01
endloop
endfacet
facet normal 0 0 0
outer loop
vertex -1.164559e-03 -1.012004e-01 1.487782e-01
vertex 6.532321e-02 -2.056448e-01 1.212184e-01
vertex 8.328127e-02 -5.850695e-02 1.410804e-01
endloop
endfacet
facet normal 0 0 0
outer loop
vertex 9.444640e-02 -2.600687e-01 9.309775e-02
vertex 1.657108e-01 -2.584171e-01 1.494186e-02
vertex 1.842021e-01 -1.957337e-01 1.380107e-02
endloop
endfacet
facet normal 0 0 0
outer loop
vertex 1.842021e-01 -1.957337e-01 1.380107e-02
vertex 1.856610e-01 -2.064071e-01 -8.480784e-03
vertex 2.105079e-01 -1.446553e-01 -4.393368e-02
endloop
endfacet
facet normal 0 0 0
outer loop
vertex 2.126114e-01 -1.334219e-01 -3.630330e-02
vertex 2.105079e-01 -1.446553e-01 -4.393368e-02
vertex 2.141481e-01 -1.281855e-01 -6.123923e-02
endloop
endfacet
facet normal 0 0 0
outer loop
vertex 6.532321e-02 -2.056448e-01 1.212184e-01
vertex 1.697045e-01 -1.344573e-01 4.994015e-02
vertex 8.328127e-02 -5.850695e-02 1.410804e-01
endloop
endfacet
facet normal 0 0 0
outer loop
vertex -1.164559e-03 -1.012004e-01 1.487782e-01
vertex 8.328127e-02 -5.850695e-02 1.410804e-01
vertex 6.095275e-02 1.696806e-02 1.539126e-01
endloop
endfacet
facet normal 0 0 0
outer loop
vertex 5.171488e-02 1.461911e-01 1.680853e-01
vertex 6.095275e-02 1.696806e-02 1.539126e-01
vertex 1.572646e-01 1.358988e-01 1.057364e-01
endloop
endfacet
facet normal 0 0 0
outer loop
vertex 1.085534e-01 2.731264e-01 1.514841e-01
vertex 1.572646e-01 1.358988e-01 1.057364e-01
vertex 1.742080e-01 2.708396e-01 7.931311e-02
endloop
endfacet
facet normal 0 0 0
outer loop
vertex 1.742080e-01 2.708396e-01 7.931311e-02
vertex 2.037824e-01 2.895176e-01 -3.402602e-02
vertex 1.475021e-01 3.746747e-01 1.117809e-01
endloop
endfacet
facet normal 0 0 0
outer loop
vertex 2.037824e-01 2.895176e-01 -3.402602e-02
vertex 2.022198e-01 2.380573e-01 -1.267366e-01
vertex 1.655388e-01 3.595591e-01 -9.177285e-02
endloop
endfacet
facet normal 0 0 0
outer loop
vertex 2.022198e-01 2.380573e-01 -1.267366e-01
vertex 1.852772e-01 2.159483e-01 -1.647027e-01
vertex 1.616083e-01 2.704309e-01 -1.625101e-01
endloop
endfacet
facet normal 0 0 0
outer loop
vertex 1.341885e-01 8.748146e-02 -2.254026e-01
vertex 1.852772e-01 2.159483e-01 -1.647027e-01
vertex 2.028982e-01 7.880276e-02 -1.851005e-01
endloop
endfacet
facet normal 0 0 0
outer loop
vertex 2.251844e-01 1.239363e-02 -1.495569e-01
vertex 2.102037e-01 -2.801222e-02 -1.777951e-01
vertex 2.028982e-01 7.880276e-02 -1.851005e-01
endloop
endfacet
facet normal 0 0 0
outer loop
vertex 2.172420e-01 -6.689356e-02 -1.361931e-01
vertex 2.251844e-01 1.239363e-02 -1.495569e-01
vertex 2.296093e-01 5.711323e-03 -1.369234e-01
endloop
endfacet
facet normal 0 0 0
outer loop
vertex 2.172420e-01 -6.689356e-02 -1.361931e-01
vertex 2.296093e-01 5.711323e-03 -1.369234e-01
vertex 2.246953e-01 -5.926922e-02 -1.091640e-01
endloop
endfacet
facet normal 0 0 0
outer loop
vertex 2.246953e-01 -5.926922e-02 -1.091640e-01
vertex 2.296093e-01 5.711323e-03 -1.369234e-01
vertex 2.272430e-01 -3.106212e-02 -1.039777e-01
endloop
endfacet
facet normal 0 0 0
outer loop
vertex 2.268360e-01 -3.944699e-02 -1.036406e-01
vertex 2.246953e-01 -5.926922e-02 -1.091640e-01
vertex 2.272430e-01 -3.106212e-02 -1.039777e-01
endloop
endfacet
facet normal 0 0 0
outer loop
vertex 2.268360e-01 -3.944699e-02 -1.036406e-01
vertex 2.272430e-01 -3.106212e-02 -1.039777e-01
vertex 2.291228e-01 -1.581346e-02 -8.691237e-02
endloop
endfacet
facet normal 0 0 0
outer loop
vertex 2.254022e-01 -7.600956e-02 -1.998902e-02
vertex 2.126114e-01 -1.334219e-01 -3.630330e-02
vertex 2.141481e-01 -1.281855e-01 -6.123923e-02
endloop
endfacet
facet normal 0 0 0
outer loop
vertex 2.172420e-01 -6.689356e-02 -1.361931e-01
vertex 2.246953e-01 -5.926922e-02 -1.091640e-01
vertex 2.223998e-01 -7.889353e-02 -1.087042e-01
endloop
endfacet
facet normal 0 0 0
outer loop
vertex 2.118039e-02 5.000000e-01 2.456898e-01
vertex 1.196931e-02 5.000000e-01 2.486689e-01
vertex 1.564752e-02 5.000000e-01 2.497353e-01
endloop
endfacet
facet normal 0 0 0
outer loop
vertex -3.274564e-02 5.000000e-01 2.407732e-01
vertex 1.196931e-02 5.000000e-01 2.486689e-01
vertex 2.118039e-02 5.000000e-01 2.456898e-01
endloop
endfacet
facet normal 0 0 0
outer loop
vertex 3.703834e-02 5.000000e-01 2.370759e-01
vertex -3.274564e-02 5.000000e-01 2.407732e-01
vertex 2.118039e-02 5.000000e-01 2.456898e-01
endloop
endfacet
facet normal 0 0 0
outer loop
vertex 3.703834e-02 5.000000e-01 2.370759e-01
vertex -4.487700e-02 5.000000e-01 2.388252e-01
vertex -3.274564e-02 5.000000e-01 2.407732e-01
endloop
endfacet
facet normal 0 0 0
outer loop
vertex 3.703834e-02 5.000000e-01 2.370759e-01
vertex -4.666079e-02 5.000000e-01 2.386419e-01
vertex -4.487700e-02 5.000000e-01 2.388252e-01
endloop
endfacet
facet normal 0 0 0
outer loop
vertex -5.722008e-02 5.000000e-01 2.314912e-01
vertex -4.666079e-02 5.000000e-01 2.386419e-01
vertex 3.703834e-02 5.000000e-01 2.370759e-01
endloop
endfacet
facet normal 0 0 0
outer loop
vertex 5.114361e-02 5.000000e-01 2.245116e-01
vertex -5.722008e-02 5.000000e-01 2.314912e-01
vertex 3.703834e-02 5.000000e-01 2.370759e-01
endloop
endfacet
facet normal 0 0 0
outer loop
vertex 5.114361e-02 5.000000e-01 2.245116e-01
vertex -7.054409e-02 5.000000e-01 2.254121e-01
vertex -5.722008e-02 5.000000e-01 2.314912e-01
endloop
endfacet
facet normal 0 0 0
outer loop
vertex -9.187526e-02 5.000000e-01 2.052408e-01
vertex -7.054409e-02 5.000000e-01 2.254121e-01
vertex 5.114361e-02 5.000000e-01 2.245116e-01
endloop
endfacet
facet normal 0 0 0
outer loop
vertex -9.187526e-02 5.000000e-01 2.052408e-01
vertex 5.114361e-02 5.000000e-01 2.245116e-01
vertex 5.508110e-02 5.000000e-01 2.224262e-01
endloop
endfacet
facet normal 0 0 0
outer loop
vertex -9.187526e-02 5.000000e-01 2.052408e-01
vertex 5.508110e-02 5.000000e-01 2.224262e-01
vertex 5.828570e-02 5.000000e-01 2.194161e-01
endloop
endfacet
facet normal 0 0 0
outer loop
vertex -9.187526e-02 5.000000e-01 2.052408e-01
vertex 5.828570e-02 5.000000e-01 2.194161e-01
vertex 6.840768e-02 5.000000e-01 2.089760e-01
endloop
endfacet
facet normal 0 0 0
outer loop
vertex 7.172724e-02 5.000000e-01 2.042218e-01
vertex -9.187526e-02 5.000000e-01 2.052408e-01
vertex 6.840768e-02 5.000000e-01 2.089760e-01
endloop
endfacet
facet normal 0 0 0
outer loop
vertex -9.907699e-02 5.000000e-01 1.978990e-01
vertex -9.187526e-02 5.000000e-01 2.052408e-01
vertex 7.172724e-02 5.000000e-01 2.042218e-01
endloop
endfacet
facet normal 0 0 0
outer loop
vertex -1.135746e-01 5.000000e-01 1.891997e-02
vertex -9.907699e-02 5.000000e-01 1.978990e-01
vertex 7.172724e-02 5.000000e-01 2.042218e-01
endloop
endfacet
facet normal 0 0 0
outer loop
vertex -1.135746e-01 5.000000e-01 1.891997e-02
vertex -1.075318e-01 5.000000e-01 1.856000e-01
vertex -9.907699e-02 5.000000e-01 1.978990e-01
endloop
endfacet
facet normal 0 0 0
outer loop
vertex -1.135746e-01 5.000000e-01 1.891997e-02
vertex -1.184213e-01 5.000000e-01 1.732336e-01
vertex -1.075318e-01 5.000000e-01 1.856000e-01
endloop
endfacet
facet normal 0 0 0
outer loop
vertex -1.135746e-01 5.000000e-01 1.891997e-02
vertex -1.272201e-01 5.000000e-01 1.615404e-01
vertex -1.184213e-01 5.000000e-01 1.732336e-01
endloop
endfacet
facet normal 0 0 0
outer loop
vertex -1.135746e-01 5.000000e-01 1.891997e-02
vertex -1.290290e-01 5.000000e-01 1.515783e-01
vertex -1.272201e-01 5.000000e-01 1.615404e-01
endloop
endfacet
facet normal 0 0 0
outer loop
vertex -1.135746e-01 5.000000e-01 1.891997e-02
vertex -1.310098e-01 5.000000e-01 1.080258e-01
vertex -1.290290e-01 5.000000e-01 1.515783e-01
endloop
endfacet
facet normal 0 0 0
outer loop
vertex -1.135746e-01 5.000000e-01 1.891997e-02
vertex -1.328221e-01 5.000000e-01 7.132149e-02
vertex -1.310098e-01 5.000000e-01 1.080258e-01
endloop
endfacet
facet normal 0 0 0
outer loop
vertex -1.135746e-01 5.000000e-01 1.891997e-02
vertex -1.161207e-01 5.000000e-01 2.447877e-02
vertex -1.328221e-01 5.000000e-01 7.132149e-02
endloop
endfacet
facet normal 0 0 0
outer loop
vertex -1.135746e-01 5.000000e-01 1.891997e-02
vertex 7.172724e-02 5.000000e-01 2.042218e-01
vertex 9.371352e-02 5.000000e-01 1.727419e-01
endloop
endfacet
facet normal 0 0 0
outer loop
vertex -1.135746e-01 5.000000e-01 1.891997e-02
vertex 9.371352e-02 5.000000e-01 1.727419e-01
vertex 1.005289e-01 5.000000e-01 1.646431e-01
endloop
endfacet
facet normal 0 0 0
outer loop
vertex -1.135746e-01 5.000000e-01 1.891997e-02
vertex 1.005289e-01 5.000000e-01 1.646431e-01
vertex 1.015081e-01 5.000000e-01 1.636829e-01
endloop
endfacet
facet normal 0 0 0
outer loop
vertex -1.135746e-01 5.000000e-01 1.891997e-02
vertex 1.015081e-01 5.000000e-01 1.636829e-01
vertex 1.041855e-01 5.000000e-01 1.504652e-01
endloop
endfacet
facet normal 0 0 0
outer loop
vertex -1.135746e-01 5.000000e-01 1.891997e-02
vertex 1.041855e-01 5.000000e-01 1.504652e-01
vertex 1.126905e-01 5.000000e-01 6.791808e-02
endloop
endfacet
facet normal 0 0 0
outer loop
vertex -1.135746e-01 5.000000e-01 1.891997e-02
vertex 1.126905e-01 5.000000e-01 6.791808e-02
vertex 1.004987e-01 5.000000e-01 3.778201e-02
endloop
endfacet
facet normal 0 0 0
outer loop
vertex 8.473925e-02 5.000000e-01 -1.353919e-02
vertex -1.135746e-01 5.000000e-01 1.891997e-02
vertex 1.004987e-01 5.000000e-01 3.778201e-02
endloop
endfacet
facet normal 0 0 0
outer loop
vertex -9.619907e-02 5.000000e-01 -1.901675e-02
vertex -1.135746e-01 5.000000e-01 1.891997e-02
vertex 8.473925e-02 5.000000e-01 -1.353919e-02
endloop
endfacet
facet normal 0 0 0
outer loop
vertex -9.619907e-02 5.000000e-01 -1.901675e-02
vertex 8.473925e-02 5.000000e-01 -1.353919e-02
vertex 8.450504e-02 5.000000e-01 -1.367228e-02
endloop
endfacet
facet normal 0 0 0
outer loop
vertex 1.680992e-02 5.000000e-01 -5.304709e-02
vertex -9.619907e-02 5.000000e-01 -1.901675e-02
vertex 8.450504e-02 5.000000e-01 -1.367228e-02
endloop
endfacet
facet normal 0 0 0
outer loop
vertex 1.680992e-02 5.000000e-01 -5.304709e-02
vertex -5.769282e-02 5.000000e-01 -4.749348e-02
vertex -9.619907e-02 5.000000e-01 -1.901675e-02
endloop
endfacet
facet normal 0 0 0
outer loop
vertex 1.680992e-02 5.000000e-01 -5.304709e-02
vertex -5.442254e-02 5.000000e-01 -4.915714e-02
vertex -5.769282e-02 5.000000e-01 -4.749348e-02
endloop
endfacet
facet normal 0 0 0
outer loop
vertex 1.680992e-02 5.000000e-01 -5.304709e-02
vertex -5.165696e-02 5.000000e-01 -5.063672e-02
vertex -5.442254e-02 5.000000e-01 -4.915714e-02
endloop
endfacet
facet normal 0 0 0
outer loop
vertex 1.680992e-02 5.000000e-01 -5.304709e-02
vertex -4.695031e-02 5.000000e-01 -5.096945e-02
vertex -5.165696e-02 5.000000e-01 -5.063672e-02
endloop
endfacet
facet normal 0 0 0
outer loop
vertex 1.680992e-02 5.000000e-01 -5.304709e-02
vertex -1.703893e-02 5.000000e-01 -5.251472e-02
vertex -4.695031e-02 5.000000e-01 -5.096945e-02
endloop
endfacet
facet normal 0 0 0
outer loop
vertex 2.350298e-01 1.068422e-01 -5.614194e-02
vertex 2.350298e-01 8.579792e-02 -4.015868e-02
vertex 2.350298e-01 7.041097e-02 -4.253361e-02
endloop
endfacet
facet normal 0 0 0
outer loop
vertex 2.350298e-01 1.068422e-01 -5.614194e-02
vertex 2.350298e-01 7.041097e-02 -4.253361e-02
vertex 2.350298e-01 2.720844e-02 -4.345402e-02
endloop
endfacet
facet normal 0 0 0
outer loop
vertex 2.350298e-01 3.136026e-02 -6.006214e-02
vertex 2.350298e-01 1.068422e-01 -5.614194e-02
vertex 2.350298e-01 2.720844e-02 -4.345402e-02
endloop
endfacet
facet normal 0 0 0
outer loop
vertex 2.350298e-01 9.287692e-02 -8.598677e-02
vertex 2.350298e-01 1.068422e-01 -5.614194e-02
vertex 2.350298e-01 3.136026e-02 -6.006214e-02
endloop
endfacet
facet normal 0 0 0
outer loop
vertex 2.350298e-01 9.287692e-02 -8.598677e-02
vertex 2.350298e-01 3.136026e-02 -6.006214e-02
vertex 2.350298e-01 3.456745e-02 -6.316303e-02
endloop
endfacet
facet normal 0 0 0
outer loop
vertex 2.350298e-01 9.287692e-02 -8.598677e-02
vertex 2.350298e-01 3.456745e-02 -6.316303e-02
vertex 2.350298e-01 3.568665e-02 -6.760868e-02
endloop
endfacet
facet normal 0 0 0
outer loop
vertex 2.350298e-01 9.287692e-02 -8.598677e-02
vertex 2.350298e-01 3.568665e-02 -6.760868e-02
vertex 2.350298e-01 3.608852e-02 -7.145628e-02
endloop
endfacet
facet normal 0 0 0
outer loop
vertex 2.350298e-01 4.326604e-02 -9.023797e-02
vertex 2.350298e-01 9.287692e-02 -8.598677e-02
vertex 2.350298e-01 3.608852e-02 -7.145628e-02
endloop
endfacet
facet normal 0 0 0
outer loop
vertex 2.350298e-01 -5.056458e-02 -1.085123e-01
vertex 2.350298e-01 -5.039173e-02 -1.084605e-01
vertex 2.350298e-01 -5.067607e-02 -1.085080e-01
endloop
endfacet
facet normal 0 0 0
outer loop
vertex 2.350298e-01 -7.513063e-02 -5.996015e-02
vertex 2.350298e-01 -4.500060e-02 -5.706408e-02
vertex 2.350298e-01 -6.087843e-02 -5.677196e-02
endloop
endfacet
facet normal 0 0 0
outer loop
vertex 2.350298e-01 -7.513063e-02 -5.996015e-02
vertex 2.350298e-01 -2.057716e-02 -5.991607e-02
vertex 2.350298e-01 -4.500060e-02 -5.706408e-02
endloop
endfacet
facet normal 0 0 0
outer loop
vertex 2.350298e-01 -9.666119e-03 -6.655172e-02
vertex 2.350298e-01 -2.057716e-02 -5.991607e-02
vertex 2.350298e-01 -7.513063e-02 -5.996015e-02
endloop
endfacet
facet normal 0 0 0
outer loop
vertex 2.350298e-01 -1.207643e-01 -6.914358e-02
vertex 2.350298e-01 -9.666119e-03 -6.655172e-02
vertex 2.350298e-01 -7.513063e-02 -5.996015e-02
endloop
endfacet
facet normal 0 0 0
outer loop
vertex 2.350298e-01 -1.207643e-01 -6.914358e-02
vertex 2.350298e-01 -7.909979e-03 -6.826983e-02
vertex 2.350298e-01 -9.666119e-03 -6.655172e-02
endloop
endfacet
facet normal 0 0 0
outer loop
vertex 2.350298e-01 -4.359678e-03 -7.381479e-02
vertex 2.350298e-01 -7.909979e-03 -6.826983e-02
vertex 2.350298e-01 -1.207643e-01 -6.914358e-02
endloop
endfacet
facet normal 0 0 0
outer loop
vertex 2.350298e-01 -1.231694e-01 -7.835551e-02
vertex 2.350298e-01 -4.359678e-03 -7.381479e-02
vertex 2.350298e-01 -1.207643e-01 -6.914358e-02
endloop
endfacet
facet normal 0 0 0
outer loop
vertex 2.350298e-01 -1.231694e-01 -7.835551e-02
vertex 2.350298e-01 -4.440054e-03 -7.489509e-02
vertex 2.350298e-01 -4.359678e-03 -7.381479e-02
endloop
endfacet
facet normal 0 0 0
outer loop
vertex 2.350298e-01 -1.231694e-01 -7.835551e-02
vertex 2.350298e-01 -8.353335e-03 -7.815675e-02
vertex 2.350298e-01 -4.440054e-03 -7.489509e-02
endloop
endfacet
facet normal 0 0 0
outer loop
vertex 2.350298e-01 -1.414807e-02 -9.022672e-02
vertex 2.350298e-01 -8.353335e-03 -7.815675e-02
vertex 2.350298e-01 -1.231694e-01 -7.835551e-02
endloop
endfacet
facet normal 0 0 0
outer loop
vertex 2.350298e-01 -1.414807e-02 -9.022672e-02
vertex 2.350298e-01 -1.231694e-01 -7.835551e-02
vertex 2.350298e-01 -1.236742e-01 -9.009451e-02
endloop
endfacet
facet normal 0 0 0
outer loop
vertex 2.350298e-01 -1.161605e-01 -1.044945e-01
vertex 2.350298e-01 -1.414807e-02 -9.022672e-02
vertex 2.350298e-01 -1.236742e-01 -9.009451e-02
endloop
endfacet
facet normal 0 0 0
outer loop
vertex 2.350298e-01 -1.161605e-01 -1.044945e-01
vertex 2.350298e-01 -1.451105e-02 -9.057675e-02
vertex 2.350298e-01 -1.414807e-02 -9.022672e-02
endloop
endfacet
facet normal 0 0 0
outer loop
vertex 2.350298e-01 -1.161605e-01 -1.044945e-01
vertex 2.350298e-01 -1.992120e-02 -9.338725e-02
vertex 2.350298e-01 -1.451105e-02 -9.057675e-02
endloop
endfacet
facet normal 0 0 0
outer loop
vertex 2.350298e-01 -3.709712e-02 -1.064848e-01
vertex 2.350298e-01 -1.992120e-02 -9.338725e-02
vertex 2.350298e-01 -1.161605e-01 -1.044945e-01
endloop
endfacet
facet normal 0 0 0
outer loop
vertex 2.350298e-01 -1.098783e-01 -1.101665e-01
vertex 2.350298e-01 -3.709712e-02 -1.064848e-01
vertex 2.350298e-01 -1.161605e-01 -1.044945e-01
endloop
endfacet
facet normal 0 0 0
outer loop
vertex 2.350298e-01 -1.098783e-01 -1.101665e-01
vertex 2.350298e-01 -5.039173e-02 -1.084605e-01
vertex 2.350298e-01 -3.709712e-02 -1.064848e-01
endloop
endfacet
facet normal 0 0 0
outer loop
vertex 2.350298e-01 -1.098783e-01 -1.101665e-01
vertex 2.350298e-01 -5.067607e-02 -1.085080e-01
vertex 2.350298e-01 -5.039173e-02 -1.084605e-01
endloop
endfacet
facet normal 0 0 0
outer loop
vertex 2.350298e-01 -7.708121e-02 -1.159742e-01
vertex 2.350298e-01 -5.067607e-02 -1.085080e-01
vertex 2.350298e-01 -1.098783e-01 -1.101665e-01
endloop
endfacet
facet normal 0 0 0
outer loop
vertex 2.350298e-01 -7.708121e-02 -1.159742e-01
vertex 2.350298e-01 -1.098783e-01 -1.101665e-01
vertex 2.350298e-01 -7.777175e-02 -1.159552e-01
endloop
endfacet
facet normal 0 0 0
outer loop
vertex -2.350298e-01 -6.151537e-02 -3.866008e-02
vertex -2.350298e-01 -2.853336e-02 -3.689443e-02
vertex -2.350298e-01 -2.042159e-02 -3.737063e-02
endloop
endfacet
facet normal 0 0 0
outer loop
vertex -2.350298e-01 -6.151537e-02 -3.866008e-02
vertex -2.350298e-01 -2.042159e-02 -3.737063e-02
vertex -2.350298e-01 -1.814950e-02 -3.827636e-02
endloop
endfacet
facet normal 0 0 0
outer loop
vertex -2.350298e-01 -8.306668e-03 -4.077314e-02
vertex -2.350298e-01 -6.151537e-02 -3.866008e-02
vertex -2.350298e-01 -1.814950e-02 -3.827636e-02
endloop
endfacet
facet normal 0 0 0
outer loop
vertex -2.350298e-01 -9.462616e-02 -4.576153e-02
vertex -2.350298e-01 -6.151537e-02 -3.866008e-02
vertex -2.350298e-01 -8.306668e-03 -4.077314e-02
endloop
endfacet
facet normal 0 0 0
outer loop
vertex -2.350298e-01 -9.462616e-02 -4.576153e-02
vertex -2.350298e-01 -8.306668e-03 -4.077314e-02
vertex -2.350298e-01 -5.554922e-03 -4.226742e-02
endloop
endfacet
facet normal 0 0 0
outer loop
vertex -2.350298e-01 -2.583666e-03 -4.580822e-02
vertex -2.350298e-01 -9.462616e-02 -4.576153e-02
vertex -2.350298e-01 -5.554922e-03 -4.226742e-02
endloop
endfacet
facet normal 0 0 0
outer loop
vertex -2.350298e-01 -1.177291e-01 -5.300820e-02
vertex -2.350298e-01 -9.462616e-02 -4.576153e-02
vertex -2.350298e-01 -2.583666e-03 -4.580822e-02
endloop
endfacet
facet normal 0 0 0
outer loop
vertex -2.350298e-01 -1.177291e-01 -5.300820e-02
vertex -2.350298e-01 -2.583666e-03 -4.580822e-02
vertex -2.350298e-01 1.336530e-03 -5.152170e-02
endloop
endfacet
facet normal 0 0 0
outer loop
vertex -2.350298e-01 -4.905012e-03 -6.049857e-02
vertex -2.350298e-01 -1.177291e-01 -5.300820e-02
vertex -2.350298e-01 1.336530e-03 -5.152170e-02
endloop
endfacet
facet normal 0 0 0
outer loop
vertex -2.350298e-01 -1.172857e-01 -6.379306e-02
vertex -2.350298e-01 -1.177291e-01 -5.300820e-02
vertex -2.350298e-01 -4.905012e-03 -6.049857e-02
endloop
endfacet
facet normal 0 0 0
outer loop
vertex -2.350298e-01 -1.094433e-02 -6.791116e-02
vertex -2.350298e-01 -1.172857e-01 -6.379306e-02
vertex -2.350298e-01 -4.905012e-03 -6.049857e-02
endloop
endfacet
facet normal 0 0 0
outer loop
vertex -2.350298e-01 -1.165373e-01 -7.535487e-02
vertex -2.350298e-01 -1.172857e-01 -6.379306e-02
vertex -2.350298e-01 -1.094433e-02 -6.791116e-02
endloop
endfacet
facet normal 0 0 0
outer loop
vertex -2.350298e-01 -2.222354e-02 -7.547846e-02
vertex -2.350298e-01 -1.165373e-01 -7.535487e-02
vertex -2.350298e-01 -1.094433e-02 -6.791116e-02
endloop
endfacet
facet normal 0 0 0
outer loop
vertex -2.350298e-01 -1.122014e-01 -8.426087e-02
vertex -2.350298e-01 -1.165373e-01 -7.535487e-02
vertex -2.350298e-01 -2.222354e-02 -7.547846e-02
endloop
endfacet
facet normal 0 0 0
outer loop
vertex -2.350298e-01 -1.122014e-01 -8.426087e-02
vertex -2.350298e-01 -2.222354e-02 -7.547846e-02
vertex -2.350298e-01 -2.713242e-02 -7.982646e-02
endloop
endfacet
facet normal 0 0 0
outer loop
vertex -2.350298e-01 -4.685612e-02 -8.797884e-02
vertex -2.350298e-01 -1.122014e-01 -8.426087e-02
vertex -2.350298e-01 -2.713242e-02 -7.982646e-02
endloop
endfacet
facet normal 0 0 0
outer loop
vertex -2.350298e-01 -1.036566e-01 -9.090775e-02
vertex -2.350298e-01 -1.122014e-01 -8.426087e-02
vertex -2.350298e-01 -4.685612e-02 -8.797884e-02
endloop
endfacet
facet normal 0 0 0
outer loop
vertex -2.350298e-01 -1.036566e-01 -9.090775e-02
vertex -2.350298e-01 -4.685612e-02 -8.797884e-02
vertex -2.350298e-01 -5.154895e-02 -9.057502e-02
endloop
endfacet
facet normal 0 0 0
outer loop
vertex -2.350298e-01 -1.036566e-01 -9.090775e-02
vertex -2.350298e-01 -5.154895e-02 -9.057502e-02
vertex -2.350298e-01 -5.395586e-02 -9.067701e-02
endloop
endfacet
facet normal 0 0 0
outer loop
vertex -2.350298e-01 -6.039965e-02 -9.336478e-02
vertex -2.350298e-01 -1.036566e-01 -9.090775e-02
vertex -2.350298e-01 -5.395586e-02 -9.067701e-02
endloop
endfacet
facet normal 0 0 0
outer loop
vertex -2.350298e-01 -8.076634e-02 -9.490486e-02
vertex -2.350298e-01 -1.036566e-01 -9.090775e-02
vertex -2.350298e-01 -6.039965e-02 -9.336478e-02
endloop
endfacet
facet normal 0 0 0
outer loop
vertex -2.350298e-01 -8.076634e-02 -9.490486e-02
vertex -2.350298e-01 -6.039965e-02 -9.336478e-02
vertex -2.350298e-01 -6.554446e-02 -9.410630e-02
endloop
endfacet
endsolid D:/VSprojects/TaihuStone/model/ori/whale4.stl
