solid D:/VSprojects/TaihuStone/model/ori/RockSetBr_rotated.stl
facet normal 0 0 0
outer loop
vertex -5.420110e-02 -2.009636e-01 -5.000000e-01
vertex 2.742731e-01 2.308369e-01 -5.000000e-01
vertex 3.469513e-01 2.001888e-01 -5.000000e-01
endloop
endfacet
facet normal 0 0 0
outer loop
vertex -5.420110e-02 -2.009636e-01 -5.000000e-01
vertex 2.222316e-01 2.022019e-01 -5.000000e-01
vertex 2.742731e-01 2.308369e-01 -5.000000e-01
endloop
endfacet
facet normal 0 0 0
outer loop
vertex -5.420110e-02 -2.009636e-01 -5.000000e-01
vertex 1.044041e-01 1.832712e-01 -5.000000e-01
vertex 2.222316e-01 2.022019e-01 -5.000000e-01
endloop
endfacet
facet normal 0 0 0
outer loop
vertex -5.420110e-02 -2.009636e-01 -5.000000e-01
vertex 6.753211e-02 1.622130e-01 -5.000000e-01
vertex 1.044041e-01 1.832712e-01 -5.000000e-01
endloop
endfacet
facet normal 0 0 0
outer loop
vertex -5.420110e-02 -2.009636e-01 -5.000000e-01
vertex 3.147295e-02 1.564346e-01 -5.000000e-01
vertex 6.753211e-02 1.622130e-01 -5.000000e-01
endloop
endfacet
facet normal 0 0 0
outer loop
vertex -7.126126e-02 1.162148e-01 -5.000000e-01
vertex 3.147295e-02 1.564346e-01 -5.000000e-01
vertex -5.420110e-02 -2.009636e-01 -5.000000e-01
endloop
endfacet
facet normal 0 0 0
outer loop
vertex -8.892357e-02 -1.846240e-01 -5.000000e-01
vertex -7.126126e-02 1.162148e-01 -5.000000e-01
vertex -5.420110e-02 -2.009636e-01 -5.000000e-01
endloop
endfacet
facet normal 0 0 0
outer loop
vertex -1.246776e-01 1.175113e-01 -5.000000e-01
vertex -7.126126e-02 1.162148e-01 -5.000000e-01
vertex -8.892357e-02 -1.846240e-01 -5.000000e-01
endloop
endfacet
facet normal 0 0 0
outer loop
vertex -1.394457e-01 -2.334642e-01 -5.000000e-01
vertex -1.246776e-01 1.175113e-01 -5.000000e-01
vertex -8.892357e-02 -1.846240e-01 -5.000000e-01
endloop
endfacet
facet normal 0 0 0
outer loop
vertex -1.768716e-01 1.236430e-01 -5.000000e-01
vertex -1.246776e-01 1.175113e-01 -5.000000e-01
vertex -1.394457e-01 -2.334642e-01 -5.000000e-01
endloop
endfacet
facet normal 0 0 0
outer loop
vertex -1.768716e-01 1.236430e-01 -5.000000e-01
vertex -1.394457e-01 -2.334642e-01 -5.000000e-01
vertex -1.445577e-01 -2.333177e-01 -5.000000e-01
endloop
endfacet
facet normal 0 0 0
outer loop
vertex -1.768716e-01 1.236430e-01 -5.000000e-01
vertex -1.445577e-01 -2.333177e-01 -5.000000e-01
vertex -1.542720e-01 -2.341085e-01 -5.000000e-01
endloop
endfacet
facet normal 0 0 0
outer loop
vertex -2.305931e-01 -2.347507e-01 -5.000000e-01
vertex -1.768716e-01 1.236430e-01 -5.000000e-01
vertex -1.542720e-01 -2.341085e-01 -5.000000e-01
endloop
endfacet
facet normal 0 0 0
outer loop
vertex -2.305931e-01 -2.347507e-01 -5.000000e-01
vertex -2.235683e-01 1.353803e-01 -5.000000e-01
vertex -1.768716e-01 1.236430e-01 -5.000000e-01
endloop
endfacet
facet normal 0 0 0
outer loop
vertex -2.890211e-01 1.198937e-01 -5.000000e-01
vertex -2.235683e-01 1.353803e-01 -5.000000e-01
vertex -2.305931e-01 -2.347507e-01 -5.000000e-01
endloop
endfacet
facet normal 0 0 0
outer loop
vertex -2.890211e-01 1.198937e-01 -5.000000e-01
vertex -2.305931e-01 -2.347507e-01 -5.000000e-01
vertex -2.546097e-01 -2.012386e-01 -5.000000e-01
endloop
endfacet
facet normal 0 0 0
outer loop
vertex -2.897195e-01 -1.426159e-01 -5.000000e-01
vertex -2.890211e-01 1.198937e-01 -5.000000e-01
vertex -2.546097e-01 -2.012386e-01 -5.000000e-01
endloop
endfacet
facet normal 0 0 0
outer loop
vertex -2.950042e-01 1.166904e-01 -5.000000e-01
vertex -2.890211e-01 1.198937e-01 -5.000000e-01
vertex -2.897195e-01 -1.426159e-01 -5.000000e-01
endloop
endfacet
facet normal 0 0 0
outer loop
vertex -3.250140e-01 -9.187297e-02 -5.000000e-01
vertex -2.950042e-01 1.166904e-01 -5.000000e-01
vertex -2.897195e-01 -1.426159e-01 -5.000000e-01
endloop
endfacet
facet normal 0 0 0
outer loop
vertex -3.250140e-01 -9.187297e-02 -5.000000e-01
vertex -2.975612e-01 1.141073e-01 -5.000000e-01
vertex -2.950042e-01 1.166904e-01 -5.000000e-01
endloop
endfacet
facet normal 0 0 0
outer loop
vertex -3.460160e-01 6.936155e-02 -5.000000e-01
vertex -2.975612e-01 1.141073e-01 -5.000000e-01
vertex -3.250140e-01 -9.187297e-02 -5.000000e-01
endloop
endfacet
facet normal 0 0 0
outer loop
vertex -3.498034e-01 -7.072437e-02 -5.000000e-01
vertex -3.460160e-01 6.936155e-02 -5.000000e-01
vertex -3.250140e-01 -9.187297e-02 -5.000000e-01
endloop
endfacet
facet normal 0 0 0
outer loop
vertex -3.531592e-01 5.495276e-02 -5.000000e-01
vertex -3.460160e-01 6.936155e-02 -5.000000e-01
vertex -3.498034e-01 -7.072437e-02 -5.000000e-01
endloop
endfacet
facet normal 0 0 0
outer loop
vertex -3.816116e-01 -1.015883e-02 -5.000000e-01
vertex -3.531592e-01 5.495276e-02 -5.000000e-01
vertex -3.498034e-01 -7.072437e-02 -5.000000e-01
endloop
endfacet
facet normal 0 0 0
outer loop
vertex -3.816116e-01 -1.015883e-02 -5.000000e-01
vertex -3.810195e-01 3.577611e-03 -5.000000e-01
vertex -3.531592e-01 5.495276e-02 -5.000000e-01
endloop
endfacet
facet normal 0 0 0
outer loop
vertex -3.829864e-01 -3.109978e-03 -5.000000e-01
vertex -3.810195e-01 3.577611e-03 -5.000000e-01
vertex -3.816116e-01 -1.015883e-02 -5.000000e-01
endloop
endfacet
facet normal 0 0 0
outer loop
vertex 3.801102e-01 1.708896e-01 -5.000000e-01
vertex 3.841405e-01 6.518484e-02 -5.000000e-01
vertex 3.819327e-01 4.082293e-02 -5.000000e-01
endloop
endfacet
facet normal 0 0 0
outer loop
vertex 3.691497e-01 -2.311651e-02 -5.000000e-01
vertex 3.819327e-01 4.082293e-02 -5.000000e-01
vertex 3.830466e-01 1.824530e-02 -5.000000e-01
endloop
endfacet
facet normal 0 0 0
outer loop
vertex 3.691497e-01 -2.311651e-02 -5.000000e-01
vertex 3.801102e-01 1.708896e-01 -5.000000e-01
vertex 3.819327e-01 4.082293e-02 -5.000000e-01
endloop
endfacet
facet normal 0 0 0
outer loop
vertex 3.525029e-01 1.978466e-01 -5.000000e-01
vertex 3.801102e-01 1.708896e-01 -5.000000e-01
vertex 3.691497e-01 -2.311651e-02 -5.000000e-01
endloop
endfacet
facet normal 0 0 0
outer loop
vertex 3.437802e-01 -7.232203e-02 -5.000000e-01
vertex 3.525029e-01 1.978466e-01 -5.000000e-01
vertex 3.691497e-01 -2.311651e-02 -5.000000e-01
endloop
endfacet
facet normal 0 0 0
outer loop
vertex 3.437802e-01 -7.232203e-02 -5.000000e-01
vertex 3.469513e-01 2.001888e-01 -5.000000e-01
vertex 3.525029e-01 1.978466e-01 -5.000000e-01
endloop
endfacet
facet normal 0 0 0
outer loop
vertex -5.420110e-02 -2.009636e-01 -5.000000e-01
vertex 3.469513e-01 2.001888e-01 -5.000000e-01
vertex 3.437802e-01 -7.232203e-02 -5.000000e-01
endloop
endfacet
facet normal 0 0 0
outer loop
vertex -5.420110e-02 -2.009636e-01 -5.000000e-01
vertex 3.437802e-01 -7.232203e-02 -5.000000e-01
vertex 2.880156e-01 -1.314083e-01 -5.000000e-01
endloop
endfacet
facet normal 0 0 0
outer loop
vertex -5.420110e-02 -2.009636e-01 -5.000000e-01
vertex 2.880156e-01 -1.314083e-01 -5.000000e-01
vertex 2.491144e-01 -1.963795e-01 -5.000000e-01
endloop
endfacet
facet normal 0 0 0
outer loop
vertex -5.420110e-02 -2.009636e-01 -5.000000e-01
vertex 2.491144e-01 -1.963795e-01 -5.000000e-01
vertex 2.045452e-01 -2.186881e-01 -5.000000e-01
endloop
endfacet
facet normal 0 0 0
outer loop
vertex -5.420110e-02 -2.009636e-01 -5.000000e-01
vertex 2.045452e-01 -2.186881e-01 -5.000000e-01
vertex 7.578736e-03 -2.068223e-01 -5.000000e-01
endloop
endfacet
facet normal 0 0 0
outer loop
vertex 7.578736e-03 -2.068223e-01 -5.000000e-01
vertex 2.045452e-01 -2.186881e-01 -5.000000e-01
vertex 1.702904e-01 -2.303071e-01 -5.000000e-01
endloop
endfacet
facet normal 0 0 0
outer loop
vertex 7.578736e-03 -2.068223e-01 -5.000000e-01
vertex 1.702904e-01 -2.303071e-01 -5.000000e-01
vertex 1.162178e-01 -2.325570e-01 -5.000000e-01
endloop
endfacet
facet normal 0 0 0
outer loop
vertex 7.578736e-03 -2.068223e-01 -5.000000e-01
vertex 1.162178e-01 -2.325570e-01 -5.000000e-01
vertex 8.823108e-02 -2.265458e-01 -5.000000e-01
endloop
endfacet
facet normal 0 0 0
outer loop
vertex 7.578736e-03 -2.068223e-01 -5.000000e-01
vertex 8.823108e-02 -2.265458e-01 -5.000000e-01
vertex 5.741043e-02 -2.203520e-01 -5.000000e-01
endloop
endfacet
facet normal 0 0 0
outer loop
vertex -5.420110e-02 -2.009636e-01 -5.000000e-01
vertex 7.578736e-03 -2.068223e-01 -5.000000e-01
vertex -3.149504e-02 -2.033039e-01 -5.000000e-01
endloop
endfacet
facet normal 0 0 0
outer loop
vertex -5.420110e-02 -2.009636e-01 -5.000000e-01
vertex -3.149504e-02 -2.033039e-01 -5.000000e-01
vertex -5.401046e-02 -2.010559e-01 -5.000000e-01
endloop
endfacet
facet normal 0 0 0
outer loop
vertex -2.950042e-01 1.166904e-01 -5.000000e-01
vertex -3.510478e-01 9.904423e-02 -4.470854e-01
vertex -3.104848e-01 1.660726e-01 -4.117528e-01
endloop
endfacet
facet normal 0 0 0
outer loop
vertex -2.975612e-01 1.141073e-01 -5.000000e-01
vertex -3.510478e-01 9.904423e-02 -4.470854e-01
vertex -2.950042e-01 1.166904e-01 -5.000000e-01
endloop
endfacet
facet normal 0 0 0
outer loop
vertex -2.950042e-01 1.166904e-01 -5.000000e-01
vertex -3.104848e-01 1.660726e-01 -4.117528e-01
vertex -2.348782e-01 1.687500e-01 -4.695968e-01
endloop
endfacet
facet normal 0 0 0
outer loop
vertex -2.950042e-01 1.166904e-01 -5.000000e-01
vertex -2.348782e-01 1.687500e-01 -4.695968e-01
vertex -2.890211e-01 1.198937e-01 -5.000000e-01
endloop
endfacet
facet normal 0 0 0
outer loop
vertex -1.445577e-01 -2.333177e-01 -5.000000e-01
vertex -1.685845e-01 -1.899387e-01 -4.067773e-01
vertex -2.419632e-01 -2.230234e-01 -4.625158e-01
endloop
endfacet
facet normal 0 0 0
outer loop
vertex -1.542720e-01 -2.341085e-01 -5.000000e-01
vertex -1.445577e-01 -2.333177e-01 -5.000000e-01
vertex -2.419632e-01 -2.230234e-01 -4.625158e-01
endloop
endfacet
facet normal 0 0 0
outer loop
vertex -1.445577e-01 -2.333177e-01 -5.000000e-01
vertex -8.639462e-02 -2.059773e-01 -4.366767e-01
vertex -1.685845e-01 -1.899387e-01 -4.067773e-01
endloop
endfacet
facet normal 0 0 0
outer loop
vertex -1.445577e-01 -2.333177e-01 -5.000000e-01
vertex -1.394457e-01 -2.334642e-01 -5.000000e-01
vertex -8.639462e-02 -2.059773e-01 -4.366767e-01
endloop
endfacet
facet normal 0 0 0
outer loop
vertex -3.829864e-01 -3.109978e-03 -5.000000e-01
vertex -3.737478e-01 -5.598241e-02 -4.456724e-01
vertex -3.865128e-01 7.615860e-03 -4.276208e-01
endloop
endfacet
facet normal 0 0 0
outer loop
vertex -3.829864e-01 -3.109978e-03 -5.000000e-01
vertex -3.816116e-01 -1.015883e-02 -5.000000e-01
vertex -3.737478e-01 -5.598241e-02 -4.456724e-01
endloop
endfacet
facet normal 0 0 0
outer loop
vertex -3.829864e-01 -3.109978e-03 -5.000000e-01
vertex -3.865128e-01 7.615860e-03 -4.276208e-01
vertex -3.720820e-01 4.630226e-02 -4.607717e-01
endloop
endfacet
facet normal 0 0 0
outer loop
vertex -3.829864e-01 -3.109978e-03 -5.000000e-01
vertex -3.720820e-01 4.630226e-02 -4.607717e-01
vertex -3.810195e-01 3.577611e-03 -5.000000e-01
endloop
endfacet
facet normal 0 0 0
outer loop
vertex -5.401046e-02 -2.010559e-01 -5.000000e-01
vertex 9.222487e-03 -2.130221e-01 -4.561373e-01
vertex -8.639462e-02 -2.059773e-01 -4.366767e-01
endloop
endfacet
facet normal 0 0 0
outer loop
vertex -5.401046e-02 -2.010559e-01 -5.000000e-01
vertex -3.149504e-02 -2.033039e-01 -5.000000e-01
vertex 9.222487e-03 -2.130221e-01 -4.561373e-01
endloop
endfacet
facet normal 0 0 0
outer loop
vertex -3.810195e-01 3.577611e-03 -5.000000e-01
vertex -3.720820e-01 4.630226e-02 -4.607717e-01
vertex -3.531592e-01 5.495276e-02 -5.000000e-01
endloop
endfacet
facet normal 0 0 0
outer loop
vertex -3.460160e-01 6.936155e-02 -5.000000e-01
vertex -3.720820e-01 4.630226e-02 -4.607717e-01
vertex -3.510478e-01 9.904423e-02 -4.470854e-01
endloop
endfacet
facet normal 0 0 0
outer loop
vertex -3.531592e-01 5.495276e-02 -5.000000e-01
vertex -3.720820e-01 4.630226e-02 -4.607717e-01
vertex -3.460160e-01 6.936155e-02 -5.000000e-01
endloop
endfacet
facet normal 0 0 0
outer loop
vertex -3.460160e-01 6.936155e-02 -5.000000e-01
vertex -3.510478e-01 9.904423e-02 -4.470854e-01
vertex -2.975612e-01 1.141073e-01 -5.000000e-01
endloop
endfacet
facet normal 0 0 0
outer loop
vertex 6.753211e-02 1.622130e-01 -5.000000e-01
vertex -6.026248e-02 1.606394e-01 -4.539617e-01
vertex 1.020595e-02 2.152800e-01 -3.484055e-01
endloop
endfacet
facet normal 0 0 0
outer loop
vertex 3.147295e-02 1.564346e-01 -5.000000e-01
vertex -6.026248e-02 1.606394e-01 -4.539617e-01
vertex 6.753211e-02 1.622130e-01 -5.000000e-01
endloop
endfacet
facet normal 0 0 0
outer loop
vertex 6.753211e-02 1.622130e-01 -5.000000e-01
vertex 1.020595e-02 2.152800e-01 -3.484055e-01
vertex 1.772951e-01 2.573203e-01 -4.427260e-01
endloop
endfacet
facet normal 0 0 0
outer loop
vertex 6.753211e-02 1.622130e-01 -5.000000e-01
vertex 1.772951e-01 2.573203e-01 -4.427260e-01
vertex 1.044041e-01 1.832712e-01 -5.000000e-01
endloop
endfacet
facet normal 0 0 0
outer loop
vertex 8.823108e-02 -2.265458e-01 -5.000000e-01
vertex 8.498967e-02 -2.284726e-01 -4.519345e-01
vertex 9.222487e-03 -2.130221e-01 -4.561373e-01
endloop
endfacet
facet normal 0 0 0
outer loop
vertex 5.741043e-02 -2.203520e-01 -5.000000e-01
vertex 8.823108e-02 -2.265458e-01 -5.000000e-01
vertex 9.222487e-03 -2.130221e-01 -4.561373e-01
endloop
endfacet
facet normal 0 0 0
outer loop
vertex 8.823108e-02 -2.265458e-01 -5.000000e-01
vertex 1.438773e-01 -2.402361e-01 -4.681658e-01
vertex 8.498967e-02 -2.284726e-01 -4.519345e-01
endloop
endfacet
facet normal 0 0 0
outer loop
vertex 8.823108e-02 -2.265458e-01 -5.000000e-01
vertex 1.162178e-01 -2.325570e-01 -5.000000e-01
vertex 1.438773e-01 -2.402361e-01 -4.681658e-01
endloop
endfacet
facet normal 0 0 0
outer loop
vertex -1.394457e-01 -2.334642e-01 -5.000000e-01
vertex -8.892357e-02 -1.846240e-01 -5.000000e-01
vertex -8.639462e-02 -2.059773e-01 -4.366767e-01
endloop
endfacet
facet normal 0 0 0
outer loop
vertex -8.892357e-02 -1.846240e-01 -5.000000e-01
vertex -5.420110e-02 -2.009636e-01 -5.000000e-01
vertex -8.639462e-02 -2.059773e-01 -4.366767e-01
endloop
endfacet
facet normal 0 0 0
outer loop
vertex -5.420110e-02 -2.009636e-01 -5.000000e-01
vertex -5.401046e-02 -2.010559e-01 -5.000000e-01
vertex -8.639462e-02 -2.059773e-01 -4.366767e-01
endloop
endfacet
facet normal 0 0 0
outer loop
vertex 2.222316e-01 2.022019e-01 -5.000000e-01
vertex 1.772951e-01 2.573203e-01 -4.427260e-01
vertex 2.836702e-01 2.545445e-01 -4.867031e-01
endloop
endfacet
facet normal 0 0 0
outer loop
vertex 2.222316e-01 2.022019e-01 -5.000000e-01
vertex 2.836702e-01 2.545445e-01 -4.867031e-01
vertex 2.742731e-01 2.308369e-01 -5.000000e-01
endloop
endfacet
facet normal 0 0 0
outer loop
vertex 2.742731e-01 2.308369e-01 -5.000000e-01
vertex 2.836702e-01 2.545445e-01 -4.867031e-01
vertex 3.840240e-01 2.068002e-01 -4.893103e-01
endloop
endfacet
facet normal 0 0 0
outer loop
vertex 2.742731e-01 2.308369e-01 -5.000000e-01
vertex 3.840240e-01 2.068002e-01 -4.893103e-01
vertex 3.469513e-01 2.001888e-01 -5.000000e-01
endloop
endfacet
facet normal 0 0 0
outer loop
vertex 3.469513e-01 2.001888e-01 -5.000000e-01
vertex 3.840240e-01 2.068002e-01 -4.893103e-01
vertex 3.525029e-01 1.978466e-01 -5.000000e-01
endloop
endfacet
facet normal 0 0 0
outer loop
vertex 1.044041e-01 1.832712e-01 -5.000000e-01
vertex 1.772951e-01 2.573203e-01 -4.427260e-01
vertex 2.222316e-01 2.022019e-01 -5.000000e-01
endloop
endfacet
facet normal 0 0 0
outer loop
vertex -3.816116e-01 -1.015883e-02 -5.000000e-01
vertex -3.498034e-01 -7.072437e-02 -5.000000e-01
vertex -3.737478e-01 -5.598241e-02 -4.456724e-01
endloop
endfacet
facet normal 0 0 0
outer loop
vertex -3.250140e-01 -9.187297e-02 -5.000000e-01
vertex -3.071129e-01 -1.149082e-01 -4.258445e-01
vertex -3.737478e-01 -5.598241e-02 -4.456724e-01
endloop
endfacet
facet normal 0 0 0
outer loop
vertex -3.498034e-01 -7.072437e-02 -5.000000e-01
vertex -3.250140e-01 -9.187297e-02 -5.000000e-01
vertex -3.737478e-01 -5.598241e-02 -4.456724e-01
endloop
endfacet
facet normal 0 0 0
outer loop
vertex 3.525029e-01 1.978466e-01 -5.000000e-01
vertex 3.840240e-01 2.068002e-01 -4.893103e-01
vertex 3.801102e-01 1.708896e-01 -5.000000e-01
endloop
endfacet
facet normal 0 0 0
outer loop
vertex 3.841405e-01 6.518484e-02 -5.000000e-01
vertex 3.840240e-01 2.068002e-01 -4.893103e-01
vertex 4.235234e-01 1.035481e-01 -4.173506e-01
endloop
endfacet
facet normal 0 0 0
outer loop
vertex 3.801102e-01 1.708896e-01 -5.000000e-01
vertex 3.840240e-01 2.068002e-01 -4.893103e-01
vertex 3.841405e-01 6.518484e-02 -5.000000e-01
endloop
endfacet
facet normal 0 0 0
outer loop
vertex 3.841405e-01 6.518484e-02 -5.000000e-01
vertex 4.235234e-01 1.035481e-01 -4.173506e-01
vertex 4.072860e-01 2.845131e-02 -4.390651e-01
endloop
endfacet
facet normal 0 0 0
outer loop
vertex 3.819327e-01 4.082293e-02 -5.000000e-01
vertex 3.841405e-01 6.518484e-02 -5.000000e-01
vertex 4.072860e-01 2.845131e-02 -4.390651e-01
endloop
endfacet
facet normal 0 0 0
outer loop
vertex 3.819327e-01 4.082293e-02 -5.000000e-01
vertex 4.072860e-01 2.845131e-02 -4.390651e-01
vertex 3.973511e-01 -8.069482e-03 -4.679670e-01
endloop
endfacet
facet normal 0 0 0
outer loop
vertex 3.819327e-01 4.082293e-02 -5.000000e-01
vertex 3.973511e-01 -8.069482e-03 -4.679670e-01
vertex 3.830466e-01 1.824530e-02 -5.000000e-01
endloop
endfacet
facet normal 0 0 0
outer loop
vertex 3.830466e-01 1.824530e-02 -5.000000e-01
vertex 3.973511e-01 -8.069482e-03 -4.679670e-01
vertex 3.706570e-01 -6.778803e-02 -4.771414e-01
endloop
endfacet
facet normal 0 0 0
outer loop
vertex 3.691497e-01 -2.311651e-02 -5.000000e-01
vertex 3.830466e-01 1.824530e-02 -5.000000e-01
vertex 3.706570e-01 -6.778803e-02 -4.771414e-01
endloop
endfacet
facet normal 0 0 0
outer loop
vertex -2.890211e-01 1.198937e-01 -5.000000e-01
vertex -2.348782e-01 1.687500e-01 -4.695968e-01
vertex -2.235683e-01 1.353803e-01 -5.000000e-01
endloop
endfacet
facet normal 0 0 0
outer loop
vertex -2.235683e-01 1.353803e-01 -5.000000e-01
vertex -2.348782e-01 1.687500e-01 -4.695968e-01
vertex -1.511028e-01 1.468307e-01 -4.704578e-01
endloop
endfacet
facet normal 0 0 0
outer loop
vertex -2.235683e-01 1.353803e-01 -5.000000e-01
vertex -1.511028e-01 1.468307e-01 -4.704578e-01
vertex -1.768716e-01 1.236430e-01 -5.000000e-01
endloop
endfacet
facet normal 0 0 0
outer loop
vertex 2.045452e-01 -2.186881e-01 -5.000000e-01
vertex 3.014730e-01 -1.714977e-01 -4.481170e-01
vertex 2.026044e-01 -2.212853e-01 -4.364539e-01
endloop
endfacet
facet normal 0 0 0
outer loop
vertex 2.045452e-01 -2.186881e-01 -5.000000e-01
vertex 2.491144e-01 -1.963795e-01 -5.000000e-01
vertex 3.014730e-01 -1.714977e-01 -4.481170e-01
endloop
endfacet
facet normal 0 0 0
outer loop
vertex 2.045452e-01 -2.186881e-01 -5.000000e-01
vertex 2.026044e-01 -2.212853e-01 -4.364539e-01
vertex 1.438773e-01 -2.402361e-01 -4.681658e-01
endloop
endfacet
facet normal 0 0 0
outer loop
vertex 1.702904e-01 -2.303071e-01 -5.000000e-01
vertex 2.045452e-01 -2.186881e-01 -5.000000e-01
vertex 1.438773e-01 -2.402361e-01 -4.681658e-01
endloop
endfacet
facet normal 0 0 0
outer loop
vertex 1.162178e-01 -2.325570e-01 -5.000000e-01
vertex 1.702904e-01 -2.303071e-01 -5.000000e-01
vertex 1.438773e-01 -2.402361e-01 -4.681658e-01
endloop
endfacet
facet normal 0 0 0
outer loop
vertex -1.768716e-01 1.236430e-01 -5.000000e-01
vertex -1.511028e-01 1.468307e-01 -4.704578e-01
vertex -1.246776e-01 1.175113e-01 -5.000000e-01
endloop
endfacet
facet normal 0 0 0
outer loop
vertex -7.126126e-02 1.162148e-01 -5.000000e-01
vertex -1.511028e-01 1.468307e-01 -4.704578e-01
vertex -6.026248e-02 1.606394e-01 -4.539617e-01
endloop
endfacet
facet normal 0 0 0
outer loop
vertex -1.246776e-01 1.175113e-01 -5.000000e-01
vertex -1.511028e-01 1.468307e-01 -4.704578e-01
vertex -7.126126e-02 1.162148e-01 -5.000000e-01
endloop
endfacet
facet normal 0 0 0
outer loop
vertex -7.126126e-02 1.162148e-01 -5.000000e-01
vertex -6.026248e-02 1.606394e-01 -4.539617e-01
vertex 3.147295e-02 1.564346e-01 -5.000000e-01
endloop
endfacet
facet normal 0 0 0
outer loop
vertex 2.491144e-01 -1.963795e-01 -5.000000e-01
vertex 2.880156e-01 -1.314083e-01 -5.000000e-01
vertex 3.014730e-01 -1.714977e-01 -4.481170e-01
endloop
endfacet
facet normal 0 0 0
outer loop
vertex 3.437802e-01 -7.232203e-02 -5.000000e-01
vertex 3.691497e-01 -2.311651e-02 -5.000000e-01
vertex 3.706570e-01 -6.778803e-02 -4.771414e-01
endloop
endfacet
facet normal 0 0 0
outer loop
vertex 2.880156e-01 -1.314083e-01 -5.000000e-01
vertex 3.706570e-01 -6.778803e-02 -4.771414e-01
vertex 3.014730e-01 -1.714977e-01 -4.481170e-01
endloop
endfacet
facet normal 0 0 0
outer loop
vertex 2.880156e-01 -1.314083e-01 -5.000000e-01
vertex 3.437802e-01 -7.232203e-02 -5.000000e-01
vertex 3.706570e-01 -6.778803e-02 -4.771414e-01
endloop
endfacet
facet normal 0 0 0
outer loop
vertex -3.250140e-01 -9.187297e-02 -5.000000e-01
vertex -2.897195e-01 -1.426159e-01 -5.000000e-01
vertex -3.071129e-01 -1.149082e-01 -4.258445e-01
endloop
endfacet
facet normal 0 0 0
outer loop
vertex -2.897195e-01 -1.426159e-01 -5.000000e-01
vertex -2.419632e-01 -2.230234e-01 -4.625158e-01
vertex -3.071129e-01 -1.149082e-01 -4.258445e-01
endloop
endfacet
facet normal 0 0 0
outer loop
vertex -2.897195e-01 -1.426159e-01 -5.000000e-01
vertex -2.546097e-01 -2.012386e-01 -5.000000e-01
vertex -2.419632e-01 -2.230234e-01 -4.625158e-01
endloop
endfacet
facet normal 0 0 0
outer loop
vertex -2.546097e-01 -2.012386e-01 -5.000000e-01
vertex -2.305931e-01 -2.347507e-01 -5.000000e-01
vertex -2.419632e-01 -2.230234e-01 -4.625158e-01
endloop
endfacet
facet normal 0 0 0
outer loop
vertex -2.305931e-01 -2.347507e-01 -5.000000e-01
vertex -1.542720e-01 -2.341085e-01 -5.000000e-01
vertex -2.419632e-01 -2.230234e-01 -4.625158e-01
endloop
endfacet
facet normal 0 0 0
outer loop
vertex 7.578736e-03 -2.068223e-01 -5.000000e-01
vertex 5.741043e-02 -2.203520e-01 -5.000000e-01
vertex 9.222487e-03 -2.130221e-01 -4.561373e-01
endloop
endfacet
facet normal 0 0 0
outer loop
vertex -3.149504e-02 -2.033039e-01 -5.000000e-01
vertex 7.578736e-03 -2.068223e-01 -5.000000e-01
vertex 9.222487e-03 -2.130221e-01 -4.561373e-01
endloop
endfacet
facet normal 0 0 0
outer loop
vertex -1.687851e-01 -1.445969e-01 -1.709719e-01
vertex -2.385110e-01 -1.364039e-01 -1.696191e-01
vertex -2.097496e-01 -1.515936e-01 -2.478931e-01
endloop
endfacet
facet normal 0 0 0
outer loop
vertex -1.528690e-01 -1.567296e-01 -2.605316e-01
vertex -1.687851e-01 -1.445969e-01 -1.709719e-01
vertex -2.097496e-01 -1.515936e-01 -2.478931e-01
endloop
endfacet
facet normal 0 0 0
outer loop
vertex -1.528690e-01 -1.567296e-01 -2.605316e-01
vertex -2.097496e-01 -1.515936e-01 -2.478931e-01
vertex -1.712739e-01 -1.502729e-01 -3.228353e-01
endloop
endfacet
facet normal 0 0 0
outer loop
vertex -1.345846e-01 -1.592887e-01 -3.048078e-01
vertex -1.528690e-01 -1.567296e-01 -2.605316e-01
vertex -1.712739e-01 -1.502729e-01 -3.228353e-01
endloop
endfacet
facet normal 0 0 0
outer loop
vertex -1.175445e-01 -1.724511e-01 -3.511752e-01
vertex -1.345846e-01 -1.592887e-01 -3.048078e-01
vertex -1.712739e-01 -1.502729e-01 -3.228353e-01
endloop
endfacet
facet normal 0 0 0
outer loop
vertex -1.175445e-01 -1.724511e-01 -3.511752e-01
vertex -1.712739e-01 -1.502729e-01 -3.228353e-01
vertex -1.685845e-01 -1.899387e-01 -4.067773e-01
endloop
endfacet
facet normal 0 0 0
outer loop
vertex -8.639462e-02 -2.059773e-01 -4.366767e-01
vertex -1.175445e-01 -1.724511e-01 -3.511752e-01
vertex -1.685845e-01 -1.899387e-01 -4.067773e-01
endloop
endfacet
facet normal 0 0 0
outer loop
vertex -3.737478e-01 -5.598241e-02 -4.456724e-01
vertex -3.071129e-01 -1.149082e-01 -4.258445e-01
vertex -3.406511e-01 -4.327559e-02 -3.838665e-01
endloop
endfacet
facet normal 0 0 0
outer loop
vertex -3.761363e-01 -2.210897e-02 -3.913870e-01
vertex -3.737478e-01 -5.598241e-02 -4.456724e-01
vertex -3.406511e-01 -4.327559e-02 -3.838665e-01
endloop
endfacet
facet normal 0 0 0
outer loop
vertex -3.561257e-01 -1.108610e-02 -3.512294e-01
vertex -3.761363e-01 -2.210897e-02 -3.913870e-01
vertex -3.406511e-01 -4.327559e-02 -3.838665e-01
endloop
endfacet
facet normal 0 0 0
outer loop
vertex -3.561257e-01 -1.108610e-02 -3.512294e-01
vertex -3.406511e-01 -4.327559e-02 -3.838665e-01
vertex -3.281069e-01 -1.148351e-02 -3.244791e-01
endloop
endfacet
facet normal 0 0 0
outer loop
vertex -3.409121e-01 2.985504e-03 -3.392833e-01
vertex -3.561257e-01 -1.108610e-02 -3.512294e-01
vertex -3.281069e-01 -1.148351e-02 -3.244791e-01
endloop
endfacet
facet normal 0 0 0
outer loop
vertex -3.531954e-01 1.082113e-02 -3.232889e-01
vertex -3.409121e-01 2.985504e-03 -3.392833e-01
vertex -3.281069e-01 -1.148351e-02 -3.244791e-01
endloop
endfacet
facet normal 0 0 0
outer loop
vertex -3.531954e-01 1.082113e-02 -3.232889e-01
vertex -3.281069e-01 -1.148351e-02 -3.244791e-01
vertex -3.343289e-01 2.682356e-02 -2.758035e-01
endloop
endfacet
facet normal 0 0 0
outer loop
vertex -3.621871e-01 6.304932e-02 -2.915189e-01
vertex -3.531954e-01 1.082113e-02 -3.232889e-01
vertex -3.343289e-01 2.682356e-02 -2.758035e-01
endloop
endfacet
facet normal 0 0 0
outer loop
vertex -3.621871e-01 6.304932e-02 -2.915189e-01
vertex -3.343289e-01 2.682356e-02 -2.758035e-01
vertex -3.623075e-01 4.045565e-02 -2.240450e-01
endloop
endfacet
facet normal 0 0 0
outer loop
vertex -3.845258e-01 7.630403e-02 -1.879035e-01
vertex -3.621871e-01 6.304932e-02 -2.915189e-01
vertex -3.623075e-01 4.045565e-02 -2.240450e-01
endloop
endfacet
facet normal 0 0 0
outer loop
vertex -3.845258e-01 7.630403e-02 -1.879035e-01
vertex -3.623075e-01 4.045565e-02 -2.240450e-01
vertex -3.662012e-01 3.927749e-02 -1.477239e-01
endloop
endfacet
facet normal 0 0 0
outer loop
vertex -3.967289e-01 7.862222e-02 -1.191471e-01
vertex -3.845258e-01 7.630403e-02 -1.879035e-01
vertex -3.662012e-01 3.927749e-02 -1.477239e-01
endloop
endfacet
facet normal 0 0 0
outer loop
vertex -3.967289e-01 7.862222e-02 -1.191471e-01
vertex -3.662012e-01 3.927749e-02 -1.477239e-01
vertex -3.884597e-01 5.988413e-02 -6.031767e-02
endloop
endfacet
facet normal 0 0 0
outer loop
vertex -4.087713e-01 1.094590e-01 -6.623253e-02
vertex -3.967289e-01 7.862222e-02 -1.191471e-01
vertex -3.884597e-01 5.988413e-02 -6.031767e-02
endloop
endfacet
facet normal 0 0 0
outer loop
vertex -4.087713e-01 1.094590e-01 -6.623253e-02
vertex -3.884597e-01 5.988413e-02 -6.031767e-02
vertex -4.223994e-01 9.735025e-02 2.545973e-03
endloop
endfacet
facet normal 0 0 0
outer loop
vertex -4.124242e-01 1.410885e-01 -2.032064e-02
vertex -4.087713e-01 1.094590e-01 -6.623253e-02
vertex -4.223994e-01 9.735025e-02 2.545973e-03
endloop
endfacet
facet normal 0 0 0
outer loop
vertex -4.124242e-01 1.410885e-01 -2.032064e-02
vertex -4.223994e-01 9.735025e-02 2.545973e-03
vertex -4.235234e-01 1.589193e-01 3.171483e-02
endloop
endfacet
facet normal 0 0 0
outer loop
vertex -3.864326e-01 1.677786e-01 -8.822083e-03
vertex -4.124242e-01 1.410885e-01 -2.032064e-02
vertex -4.235234e-01 1.589193e-01 3.171483e-02
endloop
endfacet
facet normal 0 0 0
outer loop
vertex -3.864326e-01 1.677786e-01 -8.822083e-03
vertex -4.235234e-01 1.589193e-01 3.171483e-02
vertex -3.802508e-01 2.018266e-01 3.399888e-02
endloop
endfacet
facet normal 0 0 0
outer loop
vertex -3.418955e-01 1.927627e-01 -3.506061e-02
vertex -3.864326e-01 1.677786e-01 -8.822083e-03
vertex -3.802508e-01 2.018266e-01 3.399888e-02
endloop
endfacet
facet normal 0 0 0
outer loop
vertex -3.418955e-01 1.927627e-01 -3.506061e-02
vertex -3.802508e-01 2.018266e-01 3.399888e-02
vertex -3.230491e-01 2.398748e-01 2.370257e-02
endloop
endfacet
facet normal 0 0 0
outer loop
vertex -2.997268e-01 2.148606e-01 -2.632383e-02
vertex -3.418955e-01 1.927627e-01 -3.506061e-02
vertex -3.230491e-01 2.398748e-01 2.370257e-02
endloop
endfacet
facet normal 0 0 0
outer loop
vertex -2.997268e-01 2.148606e-01 -2.632383e-02
vertex -3.230491e-01 2.398748e-01 2.370257e-02
vertex -2.440505e-01 2.216325e-01 -1.357888e-02
endloop
endfacet
facet normal 0 0 0
outer loop
vertex -2.997268e-01 2.148606e-01 -2.632383e-02
vertex -2.440505e-01 2.216325e-01 -1.357888e-02
vertex -2.904943e-01 2.093070e-01 -8.351347e-02
endloop
endfacet
facet normal 0 0 0
outer loop
vertex -2.904943e-01 2.093070e-01 -8.351347e-02
vertex -2.440505e-01 2.216325e-01 -1.357888e-02
vertex -2.215913e-01 1.979169e-01 -1.323517e-01
endloop
endfacet
facet normal 0 0 0
outer loop
vertex -2.808001e-01 2.048332e-01 -1.622129e-01
vertex -2.904943e-01 2.093070e-01 -8.351347e-02
vertex -2.215913e-01 1.979169e-01 -1.323517e-01
endloop
endfacet
facet normal 0 0 0
outer loop
vertex -2.407991e-01 2.010178e-01 -2.452377e-01
vertex -2.808001e-01 2.048332e-01 -1.622129e-01
vertex -2.215913e-01 1.979169e-01 -1.323517e-01
endloop
endfacet
facet normal 0 0 0
outer loop
vertex -2.407991e-01 2.010178e-01 -2.452377e-01
vertex -2.215913e-01 1.979169e-01 -1.323517e-01
vertex -1.335810e-01 1.661850e-01 -2.270235e-01
endloop
endfacet
facet normal 0 0 0
outer loop
vertex -2.407991e-01 2.010178e-01 -2.452377e-01
vertex -1.335810e-01 1.661850e-01 -2.270235e-01
vertex -1.879326e-01 1.770814e-01 -3.074551e-01
endloop
endfacet
facet normal 0 0 0
outer loop
vertex -2.227153e-01 2.046044e-01 -3.371939e-01
vertex -2.407991e-01 2.010178e-01 -2.452377e-01
vertex -1.879326e-01 1.770814e-01 -3.074551e-01
endloop
endfacet
facet normal 0 0 0
outer loop
vertex -2.227153e-01 2.046044e-01 -3.371939e-01
vertex -1.879326e-01 1.770814e-01 -3.074551e-01
vertex -1.891971e-01 1.835321e-01 -3.612166e-01
endloop
endfacet
facet normal 0 0 0
outer loop
vertex -2.087460e-01 1.986294e-01 -3.773274e-01
vertex -2.227153e-01 2.046044e-01 -3.371939e-01
vertex -1.891971e-01 1.835321e-01 -3.612166e-01
endloop
endfacet
facet normal 0 0 0
outer loop
vertex -2.087460e-01 1.986294e-01 -3.773274e-01
vertex -1.891971e-01 1.835321e-01 -3.612166e-01
vertex -1.907827e-01 1.809450e-01 -4.093142e-01
endloop
endfacet
facet normal 0 0 0
outer loop
vertex -2.423847e-01 1.969113e-01 -3.937775e-01
vertex -2.087460e-01 1.986294e-01 -3.773274e-01
vertex -1.907827e-01 1.809450e-01 -4.093142e-01
endloop
endfacet
facet normal 0 0 0
outer loop
vertex -2.423847e-01 1.969113e-01 -3.937775e-01
vertex -1.907827e-01 1.809450e-01 -4.093142e-01
vertex -2.348782e-01 1.687500e-01 -4.695968e-01
endloop
endfacet
facet normal 0 0 0
outer loop
vertex -3.104848e-01 1.660726e-01 -4.117528e-01
vertex -2.423847e-01 1.969113e-01 -3.937775e-01
vertex -2.348782e-01 1.687500e-01 -4.695968e-01
endloop
endfacet
facet normal 0 0 0
outer loop
vertex -3.720820e-01 4.630226e-02 -4.607717e-01
vertex -3.865128e-01 7.615860e-03 -4.276208e-01
vertex -3.571894e-01 5.465167e-02 -3.949094e-01
endloop
endfacet
facet normal 0 0 0
outer loop
vertex -3.865128e-01 7.615860e-03 -4.276208e-01
vertex -3.659403e-01 1.707721e-02 -3.643678e-01
vertex -3.571894e-01 5.465167e-02 -3.949094e-01
endloop
endfacet
facet normal 0 0 0
outer loop
vertex -3.659403e-01 1.707721e-02 -3.643678e-01
vertex -3.621871e-01 6.304932e-02 -2.915189e-01
vertex -3.571894e-01 5.465167e-02 -3.949094e-01
endloop
endfacet
facet normal 0 0 0
outer loop
vertex -3.571894e-01 5.465167e-02 -3.949094e-01
vertex -3.621871e-01 6.304932e-02 -2.915189e-01
vertex -3.439829e-01 1.109743e-01 -3.599201e-01
endloop
endfacet
facet normal 0 0 0
outer loop
vertex -3.510478e-01 9.904423e-02 -4.470854e-01
vertex -3.571894e-01 5.465167e-02 -3.949094e-01
vertex -3.439829e-01 1.109743e-01 -3.599201e-01
endloop
endfacet
facet normal 0 0 0
outer loop
vertex -3.439829e-01 1.109743e-01 -3.599201e-01
vertex -3.621871e-01 6.304932e-02 -2.915189e-01
vertex -3.424976e-01 1.219891e-01 -2.822041e-01
endloop
endfacet
facet normal 0 0 0
outer loop
vertex -3.210019e-01 1.593308e-01 -3.160996e-01
vertex -3.439829e-01 1.109743e-01 -3.599201e-01
vertex -3.424976e-01 1.219891e-01 -2.822041e-01
endloop
endfacet
facet normal 0 0 0
outer loop
vertex -3.267421e-01 1.598005e-01 -2.364728e-01
vertex -3.210019e-01 1.593308e-01 -3.160996e-01
vertex -3.424976e-01 1.219891e-01 -2.822041e-01
endloop
endfacet
facet normal 0 0 0
outer loop
vertex -3.267421e-01 1.598005e-01 -2.364728e-01
vertex -3.424976e-01 1.219891e-01 -2.822041e-01
vertex -3.598789e-01 1.215937e-01 -2.116914e-01
endloop
endfacet
facet normal 0 0 0
outer loop
vertex -3.395071e-01 1.762203e-01 -1.407091e-01
vertex -3.267421e-01 1.598005e-01 -2.364728e-01
vertex -3.598789e-01 1.215937e-01 -2.116914e-01
endloop
endfacet
facet normal 0 0 0
outer loop
vertex -3.803913e-01 1.198656e-01 -1.297103e-01
vertex -3.395071e-01 1.762203e-01 -1.407091e-01
vertex -3.598789e-01 1.215937e-01 -2.116914e-01
endloop
endfacet
facet normal 0 0 0
outer loop
vertex -3.803913e-01 1.198656e-01 -1.297103e-01
vertex -3.598789e-01 1.215937e-01 -2.116914e-01
vertex -3.845258e-01 7.630403e-02 -1.879035e-01
endloop
endfacet
facet normal 0 0 0
outer loop
vertex -3.395071e-01 1.762203e-01 -1.407091e-01
vertex -3.803913e-01 1.198656e-01 -1.297103e-01
vertex -3.790064e-01 1.517420e-01 -6.638107e-02
endloop
endfacet
facet normal 0 0 0
outer loop
vertex -3.418955e-01 1.927627e-01 -3.506061e-02
vertex -3.395071e-01 1.762203e-01 -1.407091e-01
vertex -3.790064e-01 1.517420e-01 -6.638107e-02
endloop
endfacet
facet normal 0 0 0
outer loop
vertex -3.395071e-01 1.762203e-01 -1.407091e-01
vertex -3.418955e-01 1.927627e-01 -3.506061e-02
vertex -2.904943e-01 2.093070e-01 -8.351347e-02
endloop
endfacet
facet normal 0 0 0
outer loop
vertex -3.803913e-01 1.198656e-01 -1.297103e-01
vertex -4.087713e-01 1.094590e-01 -6.623253e-02
vertex -3.790064e-01 1.517420e-01 -6.638107e-02
endloop
endfacet
facet normal 0 0 0
outer loop
vertex -3.267421e-01 1.598005e-01 -2.364728e-01
vertex -3.395071e-01 1.762203e-01 -1.407091e-01
vertex -3.025970e-01 1.956388e-01 -2.107682e-01
endloop
endfacet
facet normal 0 0 0
outer loop
vertex -3.267421e-01 1.598005e-01 -2.364728e-01
vertex -3.025970e-01 1.956388e-01 -2.107682e-01
vertex -2.956324e-01 1.857419e-01 -2.669764e-01
endloop
endfacet
facet normal 0 0 0
outer loop
vertex -3.025970e-01 1.956388e-01 -2.107682e-01
vertex -2.407991e-01 2.010178e-01 -2.452377e-01
vertex -2.956324e-01 1.857419e-01 -2.669764e-01
endloop
endfacet
facet normal 0 0 0
outer loop
vertex -2.956324e-01 1.857419e-01 -2.669764e-01
vertex -2.407991e-01 2.010178e-01 -2.452377e-01
vertex -2.777293e-01 1.963312e-01 -3.299865e-01
endloop
endfacet
facet normal 0 0 0
outer loop
vertex -3.210019e-01 1.593308e-01 -3.160996e-01
vertex -2.956324e-01 1.857419e-01 -2.669764e-01
vertex -2.777293e-01 1.963312e-01 -3.299865e-01
endloop
endfacet
facet normal 0 0 0
outer loop
vertex -3.104848e-01 1.660726e-01 -4.117528e-01
vertex -3.210019e-01 1.593308e-01 -3.160996e-01
vertex -2.777293e-01 1.963312e-01 -3.299865e-01
endloop
endfacet
facet normal 0 0 0
outer loop
vertex -3.395071e-01 1.762203e-01 -1.407091e-01
vertex -2.808001e-01 2.048332e-01 -1.622129e-01
vertex -3.025970e-01 1.956388e-01 -2.107682e-01
endloop
endfacet
facet normal 0 0 0
outer loop
vertex -3.210019e-01 1.593308e-01 -3.160996e-01
vertex -3.267421e-01 1.598005e-01 -2.364728e-01
vertex -2.956324e-01 1.857419e-01 -2.669764e-01
endloop
endfacet
facet normal 0 0 0
outer loop
vertex -3.210019e-01 1.593308e-01 -3.160996e-01
vertex -3.104848e-01 1.660726e-01 -4.117528e-01
vertex -3.439829e-01 1.109743e-01 -3.599201e-01
endloop
endfacet
facet normal 0 0 0
outer loop
vertex -3.424976e-01 1.219891e-01 -2.822041e-01
vertex -3.621871e-01 6.304932e-02 -2.915189e-01
vertex -3.598789e-01 1.215937e-01 -2.116914e-01
endloop
endfacet
facet normal 0 0 0
outer loop
vertex -3.865128e-01 7.615860e-03 -4.276208e-01
vertex -3.761363e-01 -2.210897e-02 -3.913870e-01
vertex -3.659403e-01 1.707721e-02 -3.643678e-01
endloop
endfacet
facet normal 0 0 0
outer loop
vertex -4.647385e-02 -2.490291e-01 -3.864034e-01
vertex -8.639462e-02 -2.059773e-01 -4.366767e-01
vertex 9.222487e-03 -2.130221e-01 -4.561373e-01
endloop
endfacet
facet normal 0 0 0
outer loop
vertex -4.647385e-02 -2.490291e-01 -3.864034e-01
vertex 9.222487e-03 -2.130221e-01 -4.561373e-01
vertex 3.482261e-03 -2.550122e-01 -3.669468e-01
endloop
endfacet
facet normal 0 0 0
outer loop
vertex 3.482261e-03 -2.550122e-01 -3.669468e-01
vertex -4.563088e-02 -2.828543e-01 -3.076518e-01
vertex -4.647385e-02 -2.490291e-01 -3.864034e-01
endloop
endfacet
facet normal 0 0 0
outer loop
vertex -4.647385e-02 -2.490291e-01 -3.864034e-01
vertex -4.563088e-02 -2.828543e-01 -3.076518e-01
vertex -9.155281e-02 -2.299699e-01 -3.290131e-01
endloop
endfacet
facet normal 0 0 0
outer loop
vertex -9.155281e-02 -2.299699e-01 -3.290131e-01
vertex -4.563088e-02 -2.828543e-01 -3.076518e-01
vertex -9.649022e-02 -2.682348e-01 -2.670004e-01
endloop
endfacet
facet normal 0 0 0
outer loop
vertex -1.222209e-01 -2.322018e-01 -2.450169e-01
vertex -9.155281e-02 -2.299699e-01 -3.290131e-01
vertex -9.649022e-02 -2.682348e-01 -2.670004e-01
endloop
endfacet
facet normal 0 0 0
outer loop
vertex -1.099577e-01 -2.650054e-01 -2.303091e-01
vertex -1.222209e-01 -2.322018e-01 -2.450169e-01
vertex -9.649022e-02 -2.682348e-01 -2.670004e-01
endloop
endfacet
facet normal 0 0 0
outer loop
vertex -7.706171e-02 -2.706032e-01 -2.103969e-01
vertex -1.099577e-01 -2.650054e-01 -2.303091e-01
vertex -9.649022e-02 -2.682348e-01 -2.670004e-01
endloop
endfacet
facet normal 0 0 0
outer loop
vertex -7.706171e-02 -2.706032e-01 -2.103969e-01
vertex -1.280816e-01 -2.600600e-01 -1.975174e-01
vertex -1.099577e-01 -2.650054e-01 -2.303091e-01
endloop
endfacet
facet normal 0 0 0
outer loop
vertex -1.280816e-01 -2.600600e-01 -1.975174e-01
vertex -7.706171e-02 -2.706032e-01 -2.103969e-01
vertex -1.244488e-01 -2.538621e-01 -1.251643e-01
endloop
endfacet
facet normal 0 0 0
outer loop
vertex -1.280816e-01 -2.600600e-01 -1.975174e-01
vertex -1.244488e-01 -2.538621e-01 -1.251643e-01
vertex -1.494369e-01 -2.132790e-01 -1.756122e-01
endloop
endfacet
facet normal 0 0 0
outer loop
vertex -1.222209e-01 -2.322018e-01 -2.450169e-01
vertex -1.280816e-01 -2.600600e-01 -1.975174e-01
vertex -1.494369e-01 -2.132790e-01 -1.756122e-01
endloop
endfacet
facet normal 0 0 0
outer loop
vertex -1.222209e-01 -2.322018e-01 -2.450169e-01
vertex -1.494369e-01 -2.132790e-01 -1.756122e-01
vertex -1.491760e-01 -1.903281e-01 -2.282859e-01
endloop
endfacet
facet normal 0 0 0
outer loop
vertex -1.261347e-01 -1.904766e-01 -2.875890e-01
vertex -1.222209e-01 -2.322018e-01 -2.450169e-01
vertex -1.491760e-01 -1.903281e-01 -2.282859e-01
endloop
endfacet
facet normal 0 0 0
outer loop
vertex -1.491760e-01 -1.903281e-01 -2.282859e-01
vertex -1.528690e-01 -1.567296e-01 -2.605316e-01
vertex -1.261347e-01 -1.904766e-01 -2.875890e-01
endloop
endfacet
facet normal 0 0 0
outer loop
vertex -1.494369e-01 -2.132790e-01 -1.756122e-01
vertex -1.687851e-01 -1.445969e-01 -1.709719e-01
vertex -1.491760e-01 -1.903281e-01 -2.282859e-01
endloop
endfacet
facet normal 0 0 0
outer loop
vertex -1.414086e-01 -1.762585e-01 -1.003287e-01
vertex -1.687851e-01 -1.445969e-01 -1.709719e-01
vertex -1.494369e-01 -2.132790e-01 -1.756122e-01
endloop
endfacet
facet normal 0 0 0
outer loop
vertex -1.627037e-01 -1.170899e-01 -7.906978e-02
vertex -1.687851e-01 -1.445969e-01 -1.709719e-01
vertex -1.414086e-01 -1.762585e-01 -1.003287e-01
endloop
endfacet
facet normal 0 0 0
outer loop
vertex -1.627037e-01 -1.170899e-01 -7.906978e-02
vertex -1.414086e-01 -1.762585e-01 -1.003287e-01
vertex -1.454428e-01 -1.412671e-01 -2.915581e-02
endloop
endfacet
facet normal 0 0 0
outer loop
vertex -1.581677e-01 -1.030484e-01 -3.021151e-02
vertex -1.627037e-01 -1.170899e-01 -7.906978e-02
vertex -1.454428e-01 -1.412671e-01 -2.915581e-02
endloop
endfacet
facet normal 0 0 0
outer loop
vertex -1.592917e-01 -9.976678e-02 1.955595e-02
vertex -1.581677e-01 -1.030484e-01 -3.021151e-02
vertex -1.454428e-01 -1.412671e-01 -2.915581e-02
endloop
endfacet
facet normal 0 0 0
outer loop
vertex -1.592917e-01 -9.976678e-02 1.955595e-02
vertex -1.454428e-01 -1.412671e-01 -2.915581e-02
vertex -1.419304e-01 -1.596238e-01 3.397883e-02
endloop
endfacet
facet normal 0 0 0
outer loop
vertex -1.803058e-01 -1.157030e-01 1.128851e-01
vertex -1.592917e-01 -9.976678e-02 1.955595e-02
vertex -1.419304e-01 -1.596238e-01 3.397883e-02
endloop
endfacet
facet normal 0 0 0
outer loop
vertex -9.163308e-02 -1.486331e-01 8.426011e-02
vertex -1.803058e-01 -1.157030e-01 1.128851e-01
vertex -1.419304e-01 -1.596238e-01 3.397883e-02
endloop
endfacet
facet normal 0 0 0
outer loop
vertex -9.163308e-02 -1.486331e-01 8.426011e-02
vertex -1.419304e-01 -1.596238e-01 3.397883e-02
vertex -9.940049e-02 -1.754998e-01 3.045440e-02
endloop
endfacet
facet normal 0 0 0
outer loop
vertex -9.163308e-02 -1.486331e-01 8.426011e-02
vertex -9.940049e-02 -1.754998e-01 3.045440e-02
vertex -5.717159e-02 -1.732158e-01 1.834972e-02
endloop
endfacet
facet normal 0 0 0
outer loop
vertex 2.779787e-03 -1.601055e-01 6.211602e-02
vertex -9.163308e-02 -1.486331e-01 8.426011e-02
vertex -5.717159e-02 -1.732158e-01 1.834972e-02
endloop
endfacet
facet normal 0 0 0
outer loop
vertex -1.610681e-02 -1.610730e-01 -9.518547e-03
vertex 2.779787e-03 -1.601055e-01 6.211602e-02
vertex -5.717159e-02 -1.732158e-01 1.834972e-02
endloop
endfacet
facet normal 0 0 0
outer loop
vertex -1.610681e-02 -1.610730e-01 -9.518547e-03
vertex -5.717159e-02 -1.732158e-01 1.834972e-02
vertex -3.718110e-02 -1.803469e-01 -4.916836e-02
endloop
endfacet
facet normal 0 0 0
outer loop
vertex -6.492869e-03 -1.643846e-01 -4.628017e-02
vertex -1.610681e-02 -1.610730e-01 -9.518547e-03
vertex -3.718110e-02 -1.803469e-01 -4.916836e-02
endloop
endfacet
facet normal 0 0 0
outer loop
vertex 5.730177e-03 -1.753754e-01 -9.218606e-02
vertex -6.492869e-03 -1.643846e-01 -4.628017e-02
vertex -3.718110e-02 -1.803469e-01 -4.916836e-02
endloop
endfacet
facet normal 0 0 0
outer loop
vertex 5.730177e-03 -1.753754e-01 -9.218606e-02
vertex -3.718110e-02 -1.803469e-01 -4.916836e-02
vertex -4.169703e-02 -2.200047e-01 -1.301820e-01
endloop
endfacet
facet normal 0 0 0
outer loop
vertex 3.728148e-02 -1.964858e-01 -1.813625e-01
vertex 5.730177e-03 -1.753754e-01 -9.218606e-02
vertex -4.169703e-02 -2.200047e-01 -1.301820e-01
endloop
endfacet
facet normal 0 0 0
outer loop
vertex -6.111580e-03 -2.448383e-01 -2.427068e-01
vertex 3.728148e-02 -1.964858e-01 -1.813625e-01
vertex -4.169703e-02 -2.200047e-01 -1.301820e-01
endloop
endfacet
facet normal 0 0 0
outer loop
vertex -7.706171e-02 -2.706032e-01 -2.103969e-01
vertex -6.111580e-03 -2.448383e-01 -2.427068e-01
vertex -4.169703e-02 -2.200047e-01 -1.301820e-01
endloop
endfacet
facet normal 0 0 0
outer loop
vertex -7.706171e-02 -2.706032e-01 -2.103969e-01
vertex -4.563088e-02 -2.828543e-01 -3.076518e-01
vertex -6.111580e-03 -2.448383e-01 -2.427068e-01
endloop
endfacet
facet normal 0 0 0
outer loop
vertex -6.111580e-03 -2.448383e-01 -2.427068e-01
vertex -4.563088e-02 -2.828543e-01 -3.076518e-01
vertex 7.536549e-03 -2.715224e-01 -3.103453e-01
endloop
endfacet
facet normal 0 0 0
outer loop
vertex -6.111580e-03 -2.448383e-01 -2.427068e-01
vertex 7.536549e-03 -2.715224e-01 -3.103453e-01
vertex 3.160143e-02 -2.509017e-01 -2.975160e-01
endloop
endfacet
facet normal 0 0 0
outer loop
vertex 3.160143e-02 -2.509017e-01 -2.975160e-01
vertex 5.129083e-02 -2.244805e-01 -2.678193e-01
vertex -6.111580e-03 -2.448383e-01 -2.427068e-01
endloop
endfacet
facet normal 0 0 0
outer loop
vertex 6.449742e-02 -2.399651e-01 -3.260145e-01
vertex 5.129083e-02 -2.244805e-01 -2.678193e-01
vertex 3.160143e-02 -2.509017e-01 -2.975160e-01
endloop
endfacet
facet normal 0 0 0
outer loop
vertex 3.720116e-02 -2.611458e-01 -3.391850e-01
vertex 6.449742e-02 -2.399651e-01 -3.260145e-01
vertex 3.160143e-02 -2.509017e-01 -2.975160e-01
endloop
endfacet
facet normal 0 0 0
outer loop
vertex 3.720116e-02 -2.611458e-01 -3.391850e-01
vertex 6.198857e-02 -2.428634e-01 -3.892415e-01
vertex 6.449742e-02 -2.399651e-01 -3.260145e-01
endloop
endfacet
facet normal 0 0 0
outer loop
vertex 6.449742e-02 -2.399651e-01 -3.260145e-01
vertex 6.198857e-02 -2.428634e-01 -3.892415e-01
vertex 1.082918e-01 -2.279407e-01 -3.524196e-01
endloop
endfacet
facet normal 0 0 0
outer loop
vertex 6.449742e-02 -2.399651e-01 -3.260145e-01
vertex 1.082918e-01 -2.279407e-01 -3.524196e-01
vertex 9.412191e-02 -2.217790e-01 -2.989129e-01
endloop
endfacet
facet normal 0 0 0
outer loop
vertex 1.082918e-01 -2.279407e-01 -3.524196e-01
vertex 1.480119e-01 -2.095479e-01 -3.013616e-01
vertex 9.412191e-02 -2.217790e-01 -2.989129e-01
endloop
endfacet
facet normal 0 0 0
outer loop
vertex 9.412191e-02 -2.217790e-01 -2.989129e-01
vertex 1.480119e-01 -2.095479e-01 -3.013616e-01
vertex 9.689160e-02 -2.050600e-01 -2.412978e-01
endloop
endfacet
facet normal 0 0 0
outer loop
vertex 5.129083e-02 -2.244805e-01 -2.678193e-01
vertex 9.412191e-02 -2.217790e-01 -2.989129e-01
vertex 9.689160e-02 -2.050600e-01 -2.412978e-01
endloop
endfacet
facet normal 0 0 0
outer loop
vertex 3.728148e-02 -1.964858e-01 -1.813625e-01
vertex 5.129083e-02 -2.244805e-01 -2.678193e-01
vertex 9.689160e-02 -2.050600e-01 -2.412978e-01
endloop
endfacet
facet normal 0 0 0
outer loop
vertex 1.024914e-01 -2.092067e-01 -1.729649e-01
vertex 3.728148e-02 -1.964858e-01 -1.813625e-01
vertex 9.689160e-02 -2.050600e-01 -2.412978e-01
endloop
endfacet
facet normal 0 0 0
outer loop
vertex 1.024914e-01 -2.092067e-01 -1.729649e-01
vertex 9.689160e-02 -2.050600e-01 -2.412978e-01
vertex 1.473697e-01 -2.200489e-01 -2.179375e-01
endloop
endfacet
facet normal 0 0 0
outer loop
vertex 1.392410e-01 -2.172129e-01 -1.670581e-01
vertex 1.024914e-01 -2.092067e-01 -1.729649e-01
vertex 1.473697e-01 -2.200489e-01 -2.179375e-01
endloop
endfacet
facet normal 0 0 0
outer loop
vertex 1.758300e-01 -1.978928e-01 -1.647800e-01
vertex 1.392410e-01 -2.172129e-01 -1.670581e-01
vertex 1.473697e-01 -2.200489e-01 -2.179375e-01
endloop
endfacet
facet normal 0 0 0
outer loop
vertex 1.758300e-01 -1.978928e-01 -1.647800e-01
vertex 1.473697e-01 -2.200489e-01 -2.179375e-01
vertex 2.019822e-01 -1.849411e-01 -2.480496e-01
endloop
endfacet
facet normal 0 0 0
outer loop
vertex 2.340352e-01 -1.400749e-01 -1.567939e-01
vertex 1.758300e-01 -1.978928e-01 -1.647800e-01
vertex 2.019822e-01 -1.849411e-01 -2.480496e-01
endloop
endfacet
facet normal 0 0 0
outer loop
vertex 2.614318e-01 -1.407653e-01 -2.743985e-01
vertex 2.340352e-01 -1.400749e-01 -1.567939e-01
vertex 2.019822e-01 -1.849411e-01 -2.480496e-01
endloop
endfacet
facet normal 0 0 0
outer loop
vertex 2.614318e-01 -1.407653e-01 -2.743985e-01
vertex 2.019822e-01 -1.849411e-01 -2.480496e-01
vertex 2.219326e-01 -1.798331e-01 -3.507136e-01
endloop
endfacet
facet normal 0 0 0
outer loop
vertex 2.884069e-01 -1.384974e-01 -3.516830e-01
vertex 2.614318e-01 -1.407653e-01 -2.743985e-01
vertex 2.219326e-01 -1.798331e-01 -3.507136e-01
endloop
endfacet
facet normal 0 0 0
outer loop
vertex 3.014730e-01 -1.714977e-01 -4.481170e-01
vertex 2.884069e-01 -1.384974e-01 -3.516830e-01
vertex 2.219326e-01 -1.798331e-01 -3.507136e-01
endloop
endfacet
facet normal 0 0 0
outer loop
vertex 2.026044e-01 -2.212853e-01 -4.364539e-01
vertex 3.014730e-01 -1.714977e-01 -4.481170e-01
vertex 2.219326e-01 -1.798331e-01 -3.507136e-01
endloop
endfacet
facet normal 0 0 0
outer loop
vertex 2.026044e-01 -2.212853e-01 -4.364539e-01
vertex 2.219326e-01 -1.798331e-01 -3.507136e-01
vertex 1.588501e-01 -2.131807e-01 -3.832262e-01
endloop
endfacet
facet normal 0 0 0
outer loop
vertex 1.559198e-01 -2.244284e-01 -4.287889e-01
vertex 2.026044e-01 -2.212853e-01 -4.364539e-01
vertex 1.588501e-01 -2.131807e-01 -3.832262e-01
endloop
endfacet
facet normal 0 0 0
outer loop
vertex 1.188089e-01 -2.285087e-01 -4.126982e-01
vertex 1.559198e-01 -2.244284e-01 -4.287889e-01
vertex 1.588501e-01 -2.131807e-01 -3.832262e-01
endloop
endfacet
facet normal 0 0 0
outer loop
vertex 1.188089e-01 -2.285087e-01 -4.126982e-01
vertex 1.588501e-01 -2.131807e-01 -3.832262e-01
vertex 1.082918e-01 -2.279407e-01 -3.524196e-01
endloop
endfacet
facet normal 0 0 0
outer loop
vertex 1.559198e-01 -2.244284e-01 -4.287889e-01
vertex 1.188089e-01 -2.285087e-01 -4.126982e-01
vertex 1.438773e-01 -2.402361e-01 -4.681658e-01
endloop
endfacet
facet normal 0 0 0
outer loop
vertex 1.188089e-01 -2.285087e-01 -4.126982e-01
vertex 8.498967e-02 -2.284726e-01 -4.519345e-01
vertex 1.438773e-01 -2.402361e-01 -4.681658e-01
endloop
endfacet
facet normal 0 0 0
outer loop
vertex -1.511028e-01 1.468307e-01 -4.704578e-01
vertex -1.366518e-01 1.475452e-01 -3.664089e-01
vertex -6.026248e-02 1.606394e-01 -4.539617e-01
endloop
endfacet
facet normal 0 0 0
outer loop
vertex -1.366518e-01 1.475452e-01 -3.664089e-01
vertex -1.511028e-01 1.468307e-01 -4.704578e-01
vertex -1.907827e-01 1.809450e-01 -4.093142e-01
endloop
endfacet
facet normal 0 0 0
outer loop
vertex -1.366518e-01 1.475452e-01 -3.664089e-01
vertex 1.020595e-02 2.152800e-01 -3.484055e-01
vertex -6.026248e-02 1.606394e-01 -4.539617e-01
endloop
endfacet
facet normal 0 0 0
outer loop
vertex 1.020595e-02 2.152800e-01 -3.484055e-01
vertex -1.366518e-01 1.475452e-01 -3.664089e-01
vertex -1.335810e-01 1.661850e-01 -2.270235e-01
endloop
endfacet
facet normal 0 0 0
outer loop
vertex 1.020595e-02 2.152800e-01 -3.484055e-01
vertex -1.335810e-01 1.661850e-01 -2.270235e-01
vertex 3.462201e-03 2.375666e-01 -1.678950e-01
endloop
endfacet
facet normal 0 0 0
outer loop
vertex 1.735419e-01 2.581854e-01 -2.631549e-01
vertex 1.020595e-02 2.152800e-01 -3.484055e-01
vertex 3.462201e-03 2.375666e-01 -1.678950e-01
endloop
endfacet
facet normal 0 0 0
outer loop
vertex 1.463460e-01 2.828543e-01 -6.736250e-02
vertex 1.735419e-01 2.581854e-01 -2.631549e-01
vertex 3.462201e-03 2.375666e-01 -1.678950e-01
endloop
endfacet
facet normal 0 0 0
outer loop
vertex -3.212325e-02 2.625026e-01 2.264983e-03
vertex 1.463460e-01 2.828543e-01 -6.736250e-02
vertex 3.462201e-03 2.375666e-01 -1.678950e-01
endloop
endfacet
facet normal 0 0 0
outer loop
vertex -1.335810e-01 2.087069e-01 -7.401197e-02
vertex -3.212325e-02 2.625026e-01 2.264983e-03
vertex 3.462201e-03 2.375666e-01 -1.678950e-01
endloop
endfacet
facet normal 0 0 0
outer loop
vertex -3.212325e-02 2.625026e-01 2.264983e-03
vertex -1.335810e-01 2.087069e-01 -7.401197e-02
vertex -1.624428e-01 2.519353e-01 5.601851e-02
endloop
endfacet
facet normal 0 0 0
outer loop
vertex -8.729780e-02 2.390057e-01 1.333934e-01
vertex -3.212325e-02 2.625026e-01 2.264983e-03
vertex -1.624428e-01 2.519353e-01 5.601851e-02
endloop
endfacet
facet normal 0 0 0
outer loop
vertex -8.729780e-02 2.390057e-01 1.333934e-01
vertex -1.624428e-01 2.519353e-01 5.601851e-02
vertex -1.926493e-01 2.453240e-01 1.713612e-01
endloop
endfacet
facet normal 0 0 0
outer loop
vertex -8.729780e-02 2.390057e-01 1.333934e-01
vertex -1.926493e-01 2.453240e-01 1.713612e-01
vertex -1.333000e-01 2.273566e-01 2.463196e-01
endloop
endfacet
facet normal 0 0 0
outer loop
vertex -3.922831e-02 2.399169e-01 2.366234e-01
vertex -8.729780e-02 2.390057e-01 1.333934e-01
vertex -1.333000e-01 2.273566e-01 2.463196e-01
endloop
endfacet
facet normal 0 0 0
outer loop
vertex -3.922831e-02 2.399169e-01 2.366234e-01
vertex -1.333000e-01 2.273566e-01 2.463196e-01
vertex -9.121160e-02 2.376751e-01 2.887893e-01
endloop
endfacet
facet normal 0 0 0
outer loop
vertex -5.833571e-02 2.414644e-01 3.359716e-01
vertex -3.922831e-02 2.399169e-01 2.366234e-01
vertex -9.121160e-02 2.376751e-01 2.887893e-01
endloop
endfacet
facet normal 0 0 0
outer loop
vertex -1.341831e-01 2.389134e-01 3.290573e-01
vertex -5.833571e-02 2.414644e-01 3.359716e-01
vertex -9.121160e-02 2.376751e-01 2.887893e-01
endloop
endfacet
facet normal 0 0 0
outer loop
vertex -1.163603e-01 2.304235e-01 4.105285e-01
vertex -5.833571e-02 2.414644e-01 3.359716e-01
vertex -1.341831e-01 2.389134e-01 3.290573e-01
endloop
endfacet
facet normal 0 0 0
outer loop
vertex -1.163603e-01 2.304235e-01 4.105285e-01
vertex -1.341831e-01 2.389134e-01 3.290573e-01
vertex -1.648111e-01 2.257730e-01 3.828188e-01
endloop
endfacet
facet normal 0 0 0
outer loop
vertex -1.899397e-01 1.802947e-01 4.332005e-01
vertex -1.163603e-01 2.304235e-01 4.105285e-01
vertex -1.648111e-01 2.257730e-01 3.828188e-01
endloop
endfacet
facet normal 0 0 0
outer loop
vertex -2.096292e-01 2.210705e-01 3.470989e-01
vertex -1.899397e-01 1.802947e-01 4.332005e-01
vertex -1.648111e-01 2.257730e-01 3.828188e-01
endloop
endfacet
facet normal 0 0 0
outer loop
vertex -1.899397e-01 1.802947e-01 4.332005e-01
vertex -2.096292e-01 2.210705e-01 3.470989e-01
vertex -2.532028e-01 1.833034e-01 3.843020e-01
endloop
endfacet
facet normal 0 0 0
outer loop
vertex -2.901932e-01 1.187236e-01 4.061792e-01
vertex -1.899397e-01 1.802947e-01 4.332005e-01
vertex -2.532028e-01 1.833034e-01 3.843020e-01
endloop
endfacet
facet normal 0 0 0
outer loop
vertex -2.984022e-01 1.782354e-01 3.141909e-01
vertex -2.901932e-01 1.187236e-01 4.061792e-01
vertex -2.532028e-01 1.833034e-01 3.843020e-01
endloop
endfacet
facet normal 0 0 0
outer loop
vertex -3.352521e-01 8.850306e-02 3.198608e-01
vertex -2.901932e-01 1.187236e-01 4.061792e-01
vertex -2.984022e-01 1.782354e-01 3.141909e-01
endloop
endfacet
facet normal 0 0 0
outer loop
vertex -3.443040e-01 1.395972e-01 2.294882e-01
vertex -3.352521e-01 8.850306e-02 3.198608e-01
vertex -2.984022e-01 1.782354e-01 3.141909e-01
endloop
endfacet
facet normal 0 0 0
outer loop
vertex -2.950102e-01 1.998597e-01 2.391482e-01
vertex -3.443040e-01 1.395972e-01 2.294882e-01
vertex -2.984022e-01 1.782354e-01 3.141909e-01
endloop
endfacet
facet normal 0 0 0
outer loop
vertex -2.950102e-01 1.998597e-01 2.391482e-01
vertex -2.984022e-01 1.782354e-01 3.141909e-01
vertex -2.236185e-01 2.196254e-01 2.602285e-01
endloop
endfacet
facet normal 0 0 0
outer loop
vertex -2.656266e-01 2.361617e-01 1.972686e-01
vertex -2.950102e-01 1.998597e-01 2.391482e-01
vertex -2.236185e-01 2.196254e-01 2.602285e-01
endloop
endfacet
facet normal 0 0 0
outer loop
vertex -1.926493e-01 2.453240e-01 1.713612e-01
vertex -2.656266e-01 2.361617e-01 1.972686e-01
vertex -2.236185e-01 2.196254e-01 2.602285e-01
endloop
endfacet
facet normal 0 0 0
outer loop
vertex -1.926493e-01 2.453240e-01 1.713612e-01
vertex -2.707045e-01 2.560558e-01 1.075803e-01
vertex -2.656266e-01 2.361617e-01 1.972686e-01
endloop
endfacet
facet normal 0 0 0
outer loop
vertex -2.656266e-01 2.361617e-01 1.972686e-01
vertex -2.707045e-01 2.560558e-01 1.075803e-01
vertex -3.205202e-01 2.070832e-01 1.746629e-01
endloop
endfacet
facet normal 0 0 0
outer loop
vertex -3.205202e-01 2.070832e-01 1.746629e-01
vertex -2.707045e-01 2.560558e-01 1.075803e-01
vertex -3.569887e-01 2.233465e-01 1.047162e-01
endloop
endfacet
facet normal 0 0 0
outer loop
vertex -3.604811e-01 1.561596e-01 1.381461e-01
vertex -3.205202e-01 2.070832e-01 1.746629e-01
vertex -3.569887e-01 2.233465e-01 1.047162e-01
endloop
endfacet
facet normal 0 0 0
outer loop
vertex -4.058811e-01 1.802505e-01 9.089751e-02
vertex -3.604811e-01 1.561596e-01 1.381461e-01
vertex -3.569887e-01 2.233465e-01 1.047162e-01
endloop
endfacet
facet normal 0 0 0
outer loop
vertex -3.802508e-01 2.018266e-01 3.399888e-02
vertex -4.058811e-01 1.802505e-01 9.089751e-02
vertex -3.569887e-01 2.233465e-01 1.047162e-01
endloop
endfacet
facet normal 0 0 0
outer loop
vertex -3.604811e-01 1.561596e-01 1.381461e-01
vertex -4.058811e-01 1.802505e-01 9.089751e-02
vertex -4.019673e-01 1.157571e-01 8.229318e-02
endloop
endfacet
facet normal 0 0 0
outer loop
vertex -3.604811e-01 1.561596e-01 1.381461e-01
vertex -4.019673e-01 1.157571e-01 8.229318e-02
vertex -3.670643e-01 8.148633e-02 1.431759e-01
endloop
endfacet
facet normal 0 0 0
outer loop
vertex -3.443040e-01 1.395972e-01 2.294882e-01
vertex -3.604811e-01 1.561596e-01 1.381461e-01
vertex -3.670643e-01 8.148633e-02 1.431759e-01
endloop
endfacet
facet normal 0 0 0
outer loop
vertex -3.375602e-01 3.265011e-02 2.202035e-01
vertex -3.443040e-01 1.395972e-01 2.294882e-01
vertex -3.670643e-01 8.148633e-02 1.431759e-01
endloop
endfacet
facet normal 0 0 0
outer loop
vertex -3.375602e-01 3.265011e-02 2.202035e-01
vertex -3.670643e-01 8.148633e-02 1.431759e-01
vertex -3.353525e-01 1.786199e-02 1.310872e-01
endloop
endfacet
facet normal 0 0 0
outer loop
vertex -3.067115e-01 -2.726623e-03 1.700867e-01
vertex -3.375602e-01 3.265011e-02 2.202035e-01
vertex -3.353525e-01 1.786199e-02 1.310872e-01
endloop
endfacet
facet normal 0 0 0
outer loop
vertex -2.946690e-01 -1.872503e-02 1.297746e-01
vertex -3.067115e-01 -2.726623e-03 1.700867e-01
vertex -3.353525e-01 1.786199e-02 1.310872e-01
endloop
endfacet
facet normal 0 0 0
outer loop
vertex -2.946690e-01 -1.872503e-02 1.297746e-01
vertex -3.353525e-01 1.786199e-02 1.310872e-01
vertex -3.275048e-01 -1.841396e-02 6.931943e-02
endloop
endfacet
facet normal 0 0 0
outer loop
vertex -2.952912e-01 -5.568936e-02 8.535597e-02
vertex -2.946690e-01 -1.872503e-02 1.297746e-01
vertex -3.275048e-01 -1.841396e-02 6.931943e-02
endloop
endfacet
facet normal 0 0 0
outer loop
vertex -3.187539e-01 -6.123091e-02 2.713267e-02
vertex -2.952912e-01 -5.568936e-02 8.535597e-02
vertex -3.275048e-01 -1.841396e-02 6.931943e-02
endloop
endfacet
facet normal 0 0 0
outer loop
vertex -3.187539e-01 -6.123091e-02 2.713267e-02
vertex -3.275048e-01 -1.841396e-02 6.931943e-02
vertex -3.438022e-01 -3.109263e-02 -1.044983e-02
endloop
endfacet
facet normal 0 0 0
outer loop
vertex -3.187539e-01 -6.123091e-02 2.713267e-02
vertex -3.438022e-01 -3.109263e-02 -1.044983e-02
vertex -3.163053e-01 -9.026329e-02 -5.734117e-02
endloop
endfacet
facet normal 0 0 0
outer loop
vertex -3.187539e-01 -6.123091e-02 2.713267e-02
vertex -3.163053e-01 -9.026329e-02 -5.734117e-02
vertex -2.821047e-01 -9.401251e-02 3.023562e-02
endloop
endfacet
facet normal 0 0 0
outer loop
vertex -3.163053e-01 -9.026329e-02 -5.734117e-02
vertex -2.507742e-01 -1.097660e-01 -3.579723e-02
vertex -2.821047e-01 -9.401251e-02 3.023562e-02
endloop
endfacet
facet normal 0 0 0
outer loop
vertex -2.821047e-01 -9.401251e-02 3.023562e-02
vertex -2.507742e-01 -1.097660e-01 -3.579723e-02
vertex -2.209290e-01 -1.049792e-01 3.318199e-02
endloop
endfacet
facet normal 0 0 0
outer loop
vertex -2.539253e-01 -7.787559e-02 1.010192e-01
vertex -2.821047e-01 -9.401251e-02 3.023562e-02
vertex -2.209290e-01 -1.049792e-01 3.318199e-02
endloop
endfacet
facet normal 0 0 0
outer loop
vertex -1.803058e-01 -1.157030e-01 1.128851e-01
vertex -2.539253e-01 -7.787559e-02 1.010192e-01
vertex -2.209290e-01 -1.049792e-01 3.318199e-02
endloop
endfacet
facet normal 0 0 0
outer loop
vertex -2.539253e-01 -7.787559e-02 1.010192e-01
vertex -1.803058e-01 -1.157030e-01 1.128851e-01
vertex -2.658675e-01 -4.952964e-02 1.981216e-01
endloop
endfacet
facet normal 0 0 0
outer loop
vertex -2.539253e-01 -7.787559e-02 1.010192e-01
vertex -2.658675e-01 -4.952964e-02 1.981216e-01
vertex -2.648840e-01 -3.826391e-02 1.234142e-01
endloop
endfacet
facet normal 0 0 0
outer loop
vertex -2.952912e-01 -5.568936e-02 8.535597e-02
vertex -2.539253e-01 -7.787559e-02 1.010192e-01
vertex -2.648840e-01 -3.826391e-02 1.234142e-01
endloop
endfacet
facet normal 0 0 0
outer loop
vertex -2.648840e-01 -3.826391e-02 1.234142e-01
vertex -2.658675e-01 -4.952964e-02 1.981216e-01
vertex -2.946690e-01 -1.872503e-02 1.297746e-01
endloop
endfacet
facet normal 0 0 0
outer loop
vertex -1.803058e-01 -1.157030e-01 1.128851e-01
vertex -1.636470e-01 -1.039837e-01 2.406836e-01
vertex -2.658675e-01 -4.952964e-02 1.981216e-01
endloop
endfacet
facet normal 0 0 0
outer loop
vertex -2.217720e-01 -7.756853e-02 3.342978e-01
vertex -2.658675e-01 -4.952964e-02 1.981216e-01
vertex -1.636470e-01 -1.039837e-01 2.406836e-01
endloop
endfacet
facet normal 0 0 0
outer loop
vertex -2.217720e-01 -7.756853e-02 3.342978e-01
vertex -1.636470e-01 -1.039837e-01 2.406836e-01
vertex -1.608371e-01 -9.782194e-02 3.168402e-01
endloop
endfacet
facet normal 0 0 0
outer loop
vertex -1.523271e-01 -9.547365e-02 3.764042e-01
vertex -2.217720e-01 -7.756853e-02 3.342978e-01
vertex -1.608371e-01 -9.782194e-02 3.168402e-01
endloop
endfacet
facet normal 0 0 0
outer loop
vertex -9.450324e-02 -1.107034e-01 3.159972e-01
vertex -1.523271e-01 -9.547365e-02 3.764042e-01
vertex -1.608371e-01 -9.782194e-02 3.168402e-01
endloop
endfacet
facet normal 0 0 0
outer loop
vertex -1.523271e-01 -9.547365e-02 3.764042e-01
vertex -9.450324e-02 -1.107034e-01 3.159972e-01
vertex -9.815610e-02 -9.873516e-02 3.905842e-01
endloop
endfacet
facet normal 0 0 0
outer loop
vertex -1.162599e-01 -6.078534e-02 4.545879e-01
vertex -1.523271e-01 -9.547365e-02 3.764042e-01
vertex -9.815610e-02 -9.873516e-02 3.905842e-01
endloop
endfacet
facet normal 0 0 0
outer loop
vertex -4.029208e-02 -1.012400e-01 4.284698e-01
vertex -1.162599e-01 -6.078534e-02 4.545879e-01
vertex -9.815610e-02 -9.873516e-02 3.905842e-01
endloop
endfacet
facet normal 0 0 0
outer loop
vertex -4.029208e-02 -1.012400e-01 4.284698e-01
vertex -9.815610e-02 -9.873516e-02 3.905842e-01
vertex -7.224473e-02 -1.171722e-01 3.760088e-01
endloop
endfacet
facet normal 0 0 0
outer loop
vertex -4.205830e-02 -1.346859e-01 3.606687e-01
vertex -4.029208e-02 -1.012400e-01 4.284698e-01
vertex -7.224473e-02 -1.171722e-01 3.760088e-01
endloop
endfacet
facet normal 0 0 0
outer loop
vertex -9.450324e-02 -1.107034e-01 3.159972e-01
vertex -4.205830e-02 -1.346859e-01 3.606687e-01
vertex -7.224473e-02 -1.171722e-01 3.760088e-01
endloop
endfacet
facet normal 0 0 0
outer loop
vertex -9.450324e-02 -1.107034e-01 3.159972e-01
vertex -1.189193e-02 -1.412290e-01 2.879242e-01
vertex -4.205830e-02 -1.346859e-01 3.606687e-01
endloop
endfacet
facet normal 0 0 0
outer loop
vertex -1.189193e-02 -1.412290e-01 2.879242e-01
vertex 3.762265e-02 -1.226053e-01 3.715110e-01
vertex -4.205830e-02 -1.346859e-01 3.606687e-01
endloop
endfacet
facet normal 0 0 0
outer loop
vertex 5.149158e-02 -1.196971e-01 3.064917e-01
vertex 3.762265e-02 -1.226053e-01 3.715110e-01
vertex -1.189193e-02 -1.412290e-01 2.879242e-01
endloop
endfacet
facet normal 0 0 0
outer loop
vertex 5.913856e-02 -1.280184e-01 2.515340e-01
vertex 5.149158e-02 -1.196971e-01 3.064917e-01
vertex -1.189193e-02 -1.412290e-01 2.879242e-01
endloop
endfacet
facet normal 0 0 0
outer loop
vertex 5.913856e-02 -1.280184e-01 2.515340e-01
vertex -1.189193e-02 -1.412290e-01 2.879242e-01
vertex 2.184703e-02 -1.445567e-01 2.044579e-01
endloop
endfacet
facet normal 0 0 0
outer loop
vertex 1.033946e-01 -1.362093e-01 1.769008e-01
vertex 5.913856e-02 -1.280184e-01 2.515340e-01
vertex 2.184703e-02 -1.445567e-01 2.044579e-01
endloop
endfacet
facet normal 0 0 0
outer loop
vertex 4.274071e-02 -1.554692e-01 1.366248e-01
vertex 1.033946e-01 -1.362093e-01 1.769008e-01
vertex 2.184703e-02 -1.445567e-01 2.044579e-01
endloop
endfacet
facet normal 0 0 0
outer loop
vertex 4.274071e-02 -1.554692e-01 1.366248e-01
vertex 2.184703e-02 -1.445567e-01 2.044579e-01
vertex -7.636963e-03 -1.506522e-01 1.521996e-01
endloop
endfacet
facet normal 0 0 0
outer loop
vertex 2.779787e-03 -1.601055e-01 6.211602e-02
vertex 4.274071e-02 -1.554692e-01 1.366248e-01
vertex -7.636963e-03 -1.506522e-01 1.521996e-01
endloop
endfacet
facet normal 0 0 0
outer loop
vertex 2.779787e-03 -1.601055e-01 6.211602e-02
vertex -7.636963e-03 -1.506522e-01 1.521996e-01
vertex -5.113028e-02 -1.418411e-01 1.377507e-01
endloop
endfacet
facet normal 0 0 0
outer loop
vertex -7.636963e-03 -1.506522e-01 1.521996e-01
vertex -4.759785e-02 -1.426319e-01 2.089176e-01
vertex -5.113028e-02 -1.418411e-01 1.377507e-01
endloop
endfacet
facet normal 0 0 0
outer loop
vertex -5.113028e-02 -1.418411e-01 1.377507e-01
vertex -4.759785e-02 -1.426319e-01 2.089176e-01
vertex -1.076897e-01 -1.335037e-01 1.717426e-01
endloop
endfacet
facet normal 0 0 0
outer loop
vertex -9.163308e-02 -1.486331e-01 8.426011e-02
vertex -5.113028e-02 -1.418411e-01 1.377507e-01
vertex -1.076897e-01 -1.335037e-01 1.717426e-01
endloop
endfacet
facet normal 0 0 0
outer loop
vertex -1.076897e-01 -1.335037e-01 1.717426e-01
vertex -4.759785e-02 -1.426319e-01 2.089176e-01
vertex -9.793533e-02 -1.280565e-01 2.401016e-01
endloop
endfacet
facet normal 0 0 0
outer loop
vertex -1.636470e-01 -1.039837e-01 2.406836e-01
vertex -1.076897e-01 -1.335037e-01 1.717426e-01
vertex -9.793533e-02 -1.280565e-01 2.401016e-01
endloop
endfacet
facet normal 0 0 0
outer loop
vertex -9.450324e-02 -1.107034e-01 3.159972e-01
vertex -1.636470e-01 -1.039837e-01 2.406836e-01
vertex -9.793533e-02 -1.280565e-01 2.401016e-01
endloop
endfacet
facet normal 0 0 0
outer loop
vertex -9.450324e-02 -1.107034e-01 3.159972e-01
vertex -9.793533e-02 -1.280565e-01 2.401016e-01
vertex -6.419637e-02 -1.312739e-01 2.628157e-01
endloop
endfacet
facet normal 0 0 0
outer loop
vertex -9.793533e-02 -1.280565e-01 2.401016e-01
vertex -4.759785e-02 -1.426319e-01 2.089176e-01
vertex -6.419637e-02 -1.312739e-01 2.628157e-01
endloop
endfacet
facet normal 0 0 0
outer loop
vertex -4.759785e-02 -1.426319e-01 2.089176e-01
vertex -1.189193e-02 -1.412290e-01 2.879242e-01
vertex -6.419637e-02 -1.312739e-01 2.628157e-01
endloop
endfacet
facet normal 0 0 0
outer loop
vertex 4.274071e-02 -1.554692e-01 1.366248e-01
vertex 2.779787e-03 -1.601055e-01 6.211602e-02
vertex 9.448314e-02 -1.681760e-01 8.201418e-02
endloop
endfacet
facet normal 0 0 0
outer loop
vertex 2.779787e-03 -1.601055e-01 6.211602e-02
vertex 9.201441e-02 -1.837067e-01 -2.361626e-02
vertex 9.448314e-02 -1.681760e-01 8.201418e-02
endloop
endfacet
facet normal 0 0 0
outer loop
vertex 9.448314e-02 -1.681760e-01 8.201418e-02
vertex 9.201441e-02 -1.837067e-01 -2.361626e-02
vertex 1.632456e-01 -1.775510e-01 7.641952e-03
endloop
endfacet
facet normal 0 0 0
outer loop
vertex 1.707922e-01 -1.451287e-01 9.126677e-02
vertex 9.448314e-02 -1.681760e-01 8.201418e-02
vertex 1.632456e-01 -1.775510e-01 7.641952e-03
endloop
endfacet
facet normal 0 0 0
outer loop
vertex 2.022030e-01 -1.522559e-01 2.652656e-02
vertex 1.707922e-01 -1.451287e-01 9.126677e-02
vertex 1.632456e-01 -1.775510e-01 7.641952e-03
endloop
endfacet
facet normal 0 0 0
outer loop
vertex 2.180790e-01 -1.497952e-01 -3.926542e-02
vertex 2.022030e-01 -1.522559e-01 2.652656e-02
vertex 1.632456e-01 -1.775510e-01 7.641952e-03
endloop
endfacet
facet normal 0 0 0
outer loop
vertex 2.180790e-01 -1.497952e-01 -3.926542e-02
vertex 1.632456e-01 -1.775510e-01 7.641952e-03
vertex 1.671192e-01 -1.705343e-01 -8.568310e-02
endloop
endfacet
facet normal 0 0 0
outer loop
vertex 2.340352e-01 -1.400749e-01 -1.567939e-01
vertex 2.180790e-01 -1.497952e-01 -3.926542e-02
vertex 1.671192e-01 -1.705343e-01 -8.568310e-02
endloop
endfacet
facet normal 0 0 0
outer loop
vertex 2.180790e-01 -1.497952e-01 -3.926542e-02
vertex 2.340352e-01 -1.400749e-01 -1.567939e-01
vertex 2.386916e-01 -8.658834e-02 -6.506038e-02
endloop
endfacet
facet normal 0 0 0
outer loop
vertex 2.180790e-01 -1.497952e-01 -3.926542e-02
vertex 2.386916e-01 -8.658834e-02 -6.506038e-02
vertex 2.126799e-01 -1.022696e-01 3.278462e-02
endloop
endfacet
facet normal 0 0 0
outer loop
vertex 2.386916e-01 -8.658834e-02 -6.506038e-02
vertex 2.326503e-01 -2.412007e-02 1.688854e-02
vertex 2.126799e-01 -1.022696e-01 3.278462e-02
endloop
endfacet
facet normal 0 0 0
outer loop
vertex 2.126799e-01 -1.022696e-01 3.278462e-02
vertex 2.326503e-01 -2.412007e-02 1.688854e-02
vertex 1.607367e-01 -5.933622e-02 1.236911e-01
endloop
endfacet
facet normal 0 0 0
outer loop
vertex 1.707922e-01 -1.451287e-01 9.126677e-02
vertex 2.126799e-01 -1.022696e-01 3.278462e-02
vertex 1.607367e-01 -5.933622e-02 1.236911e-01
endloop
endfacet
facet normal 0 0 0
outer loop
vertex 1.033946e-01 -1.362093e-01 1.769008e-01
vertex 1.707922e-01 -1.451287e-01 9.126677e-02
vertex 1.607367e-01 -5.933622e-02 1.236911e-01
endloop
endfacet
facet normal 0 0 0
outer loop
vertex 1.033946e-01 -1.362093e-01 1.769008e-01
vertex 1.607367e-01 -5.933622e-02 1.236911e-01
vertex 1.104595e-01 -6.403479e-02 2.108124e-01
endloop
endfacet
facet normal 0 0 0
outer loop
vertex 1.033946e-01 -1.362093e-01 1.769008e-01
vertex 1.104595e-01 -6.403479e-02 2.108124e-01
vertex 9.070984e-02 -1.031869e-01 2.324065e-01
endloop
endfacet
facet normal 0 0 0
outer loop
vertex 1.104595e-01 -6.403479e-02 2.108124e-01
vertex 7.465324e-02 -7.390759e-02 2.784589e-01
vertex 9.070984e-02 -1.031869e-01 2.324065e-01
endloop
endfacet
facet normal 0 0 0
outer loop
vertex 7.465324e-02 -7.390759e-02 2.784589e-01
vertex 5.913856e-02 -1.280184e-01 2.515340e-01
vertex 9.070984e-02 -1.031869e-01 2.324065e-01
endloop
endfacet
facet normal 0 0 0
outer loop
vertex 7.465324e-02 -7.390759e-02 2.784589e-01
vertex 1.104595e-01 -6.403479e-02 2.108124e-01
vertex 9.315851e-02 -2.177779e-02 2.502273e-01
endloop
endfacet
facet normal 0 0 0
outer loop
vertex 7.465324e-02 -7.390759e-02 2.784589e-01
vertex 9.315851e-02 -2.177779e-02 2.502273e-01
vertex 7.342891e-02 -2.365039e-02 2.871254e-01
endloop
endfacet
facet normal 0 0 0
outer loop
vertex 3.989062e-02 -4.010041e-02 3.358552e-01
vertex 7.465324e-02 -7.390759e-02 2.784589e-01
vertex 7.342891e-02 -2.365039e-02 2.871254e-01
endloop
endfacet
facet normal 0 0 0
outer loop
vertex 7.573707e-02 4.052590e-02 2.774894e-01
vertex 3.989062e-02 -4.010041e-02 3.358552e-01
vertex 7.342891e-02 -2.365039e-02 2.871254e-01
endloop
endfacet
facet normal 0 0 0
outer loop
vertex 3.989062e-02 -4.010041e-02 3.358552e-01
vertex 7.573707e-02 4.052590e-02 2.774894e-01
vertex 2.507841e-02 3.335860e-02 3.420852e-01
endloop
endfacet
facet normal 0 0 0
outer loop
vertex -1.434055e-02 -1.074087e-02 4.017335e-01
vertex 3.989062e-02 -4.010041e-02 3.358552e-01
vertex 2.507841e-02 3.335860e-02 3.420852e-01
endloop
endfacet
facet normal 0 0 0
outer loop
vertex -9.884879e-03 8.997022e-02 3.752521e-01
vertex -1.434055e-02 -1.074087e-02 4.017335e-01
vertex 2.507841e-02 3.335860e-02 3.420852e-01
endloop
endfacet
facet normal 0 0 0
outer loop
vertex -9.884879e-03 8.997022e-02 3.752521e-01
vertex 2.507841e-02 3.335860e-02 3.420852e-01
vertex 2.983518e-02 7.815056e-02 3.183535e-01
endloop
endfacet
facet normal 0 0 0
outer loop
vertex 4.822001e-02 1.503993e-01 2.947764e-01
vertex -9.884879e-03 8.997022e-02 3.752521e-01
vertex 2.983518e-02 7.815056e-02 3.183535e-01
endloop
endfacet
facet normal 0 0 0
outer loop
vertex 7.573707e-02 4.052590e-02 2.774894e-01
vertex 4.822001e-02 1.503993e-01 2.947764e-01
vertex 2.983518e-02 7.815056e-02 3.183535e-01
endloop
endfacet
facet normal 0 0 0
outer loop
vertex 4.822001e-02 1.503993e-01 2.947764e-01
vertex 7.573707e-02 4.052590e-02 2.774894e-01
vertex 1.023308e-01 1.045115e-01 2.570714e-01
endloop
endfacet
facet normal 0 0 0
outer loop
vertex 1.336412e-01 1.472181e-01 2.250084e-01
vertex 4.822001e-02 1.503993e-01 2.947764e-01
vertex 1.023308e-01 1.045115e-01 2.570714e-01
endloop
endfacet
facet normal 0 0 0
outer loop
vertex 1.597734e-01 7.106759e-02 2.323041e-01
vertex 1.336412e-01 1.472181e-01 2.250084e-01
vertex 1.023308e-01 1.045115e-01 2.570714e-01
endloop
endfacet
facet normal 0 0 0
outer loop
vertex 1.336412e-01 1.472181e-01 2.250084e-01
vertex 1.597734e-01 7.106759e-02 2.323041e-01
vertex 2.305831e-01 1.137882e-01 1.844594e-01
endloop
endfacet
facet normal 0 0 0
outer loop
vertex 2.305831e-01 1.137882e-01 1.844594e-01
vertex 1.837981e-01 1.806058e-01 1.647941e-01
vertex 1.336412e-01 1.472181e-01 2.250084e-01
endloop
endfacet
facet normal 0 0 0
outer loop
vertex 1.336412e-01 1.472181e-01 2.250084e-01
vertex 1.837981e-01 1.806058e-01 1.647941e-01
vertex 1.191702e-01 2.107942e-01 1.863983e-01
endloop
endfacet
facet normal 0 0 0
outer loop
vertex 1.336412e-01 1.472181e-01 2.250084e-01
vertex 1.191702e-01 2.107942e-01 1.863983e-01
vertex 9.568741e-02 1.924295e-01 2.467570e-01
endloop
endfacet
facet normal 0 0 0
outer loop
vertex 1.191702e-01 2.107942e-01 1.863983e-01
vertex 5.652934e-02 2.410890e-01 2.517989e-01
vertex 9.568741e-02 1.924295e-01 2.467570e-01
endloop
endfacet
facet normal 0 0 0
outer loop
vertex 5.652934e-02 2.410890e-01 2.517989e-01
vertex 4.822001e-02 1.503993e-01 2.947764e-01
vertex 9.568741e-02 1.924295e-01 2.467570e-01
endloop
endfacet
facet normal 0 0 0
outer loop
vertex 4.822001e-02 1.503993e-01 2.947764e-01
vertex 5.652934e-02 2.410890e-01 2.517989e-01
vertex 4.374424e-02 2.182967e-01 3.132696e-01
endloop
endfacet
facet normal 0 0 0
outer loop
vertex 1.347753e-02 2.124180e-01 3.721050e-01
vertex 4.822001e-02 1.503993e-01 2.947764e-01
vertex 4.374424e-02 2.182967e-01 3.132696e-01
endloop
endfacet
facet normal 0 0 0
outer loop
vertex 5.489383e-03 2.427871e-01 3.049121e-01
vertex 1.347753e-02 2.124180e-01 3.721050e-01
vertex 4.374424e-02 2.182967e-01 3.132696e-01
endloop
endfacet
facet normal 0 0 0
outer loop
vertex -5.833571e-02 2.414644e-01 3.359716e-01
vertex 1.347753e-02 2.124180e-01 3.721050e-01
vertex 5.489383e-03 2.427871e-01 3.049121e-01
endloop
endfacet
facet normal 0 0 0
outer loop
vertex 1.347753e-02 2.124180e-01 3.721050e-01
vertex -5.833571e-02 2.414644e-01 3.359716e-01
vertex -4.787884e-02 2.305940e-01 4.117869e-01
endloop
endfacet
facet normal 0 0 0
outer loop
vertex 1.347753e-02 2.124180e-01 3.721050e-01
vertex -4.787884e-02 2.305940e-01 4.117869e-01
vertex -1.666879e-02 2.097626e-01 4.340194e-01
endloop
endfacet
facet normal 0 0 0
outer loop
vertex 1.088836e-02 1.601918e-01 4.422022e-01
vertex 1.347753e-02 2.124180e-01 3.721050e-01
vertex -1.666879e-02 2.097626e-01 4.340194e-01
endloop
endfacet
facet normal 0 0 0
outer loop
vertex -6.469813e-02 2.019872e-01 4.825063e-01
vertex 1.088836e-02 1.601918e-01 4.422022e-01
vertex -1.666879e-02 2.097626e-01 4.340194e-01
endloop
endfacet
facet normal 0 0 0
outer loop
vertex 1.088836e-02 1.601918e-01 4.422022e-01
vertex -6.469813e-02 2.019872e-01 4.825063e-01
vertex -3.033698e-02 1.413534e-01 4.893886e-01
endloop
endfacet
facet normal 0 0 0
outer loop
vertex -1.155076e-02 8.714826e-02 4.677984e-01
vertex 1.088836e-02 1.601918e-01 4.422022e-01
vertex -3.033698e-02 1.413534e-01 4.893886e-01
endloop
endfacet
facet normal 0 0 0
outer loop
vertex -8.203928e-02 1.082447e-01 5.000000e-01
vertex -1.155076e-02 8.714826e-02 4.677984e-01
vertex -3.033698e-02 1.413534e-01 4.893886e-01
endloop
endfacet
facet normal 0 0 0
outer loop
vertex -5.456237e-02 1.023105e-02 4.789397e-01
vertex -1.155076e-02 8.714826e-02 4.677984e-01
vertex -8.203928e-02 1.082447e-01 5.000000e-01
endloop
endfacet
facet normal 0 0 0
outer loop
vertex -5.456237e-02 1.023105e-02 4.789397e-01
vertex -8.203928e-02 1.082447e-01 5.000000e-01
vertex -1.189896e-01 4.464642e-02 4.963832e-01
endloop
endfacet
facet normal 0 0 0
outer loop
vertex -5.456237e-02 1.023105e-02 4.789397e-01
vertex -1.189896e-01 4.464642e-02 4.963832e-01
vertex -1.179659e-01 -3.324740e-03 4.863298e-01
endloop
endfacet
facet normal 0 0 0
outer loop
vertex -1.162599e-01 -6.078534e-02 4.545879e-01
vertex -5.456237e-02 1.023105e-02 4.789397e-01
vertex -1.179659e-01 -3.324740e-03 4.863298e-01
endloop
endfacet
facet normal 0 0 0
outer loop
vertex -1.787603e-01 1.242480e-02 4.771354e-01
vertex -1.162599e-01 -6.078534e-02 4.545879e-01
vertex -1.179659e-01 -3.324740e-03 4.863298e-01
endloop
endfacet
facet normal 0 0 0
outer loop
vertex -1.162599e-01 -6.078534e-02 4.545879e-01
vertex -1.787603e-01 1.242480e-02 4.771354e-01
vertex -1.983895e-01 -5.460353e-02 4.253127e-01
endloop
endfacet
facet normal 0 0 0
outer loop
vertex -1.787603e-01 1.242480e-02 4.771354e-01
vertex -2.671118e-01 8.798007e-03 4.191569e-01
vertex -1.983895e-01 -5.460353e-02 4.253127e-01
endloop
endfacet
facet normal 0 0 0
outer loop
vertex -2.671118e-01 8.798007e-03 4.191569e-01
vertex -2.217720e-01 -7.756853e-02 3.342978e-01
vertex -1.983895e-01 -5.460353e-02 4.253127e-01
endloop
endfacet
facet normal 0 0 0
outer loop
vertex -2.671118e-01 8.798007e-03 4.191569e-01
vertex -3.125320e-01 -2.943375e-03 3.204288e-01
vertex -2.217720e-01 -7.756853e-02 3.342978e-01
endloop
endfacet
facet normal 0 0 0
outer loop
vertex -2.671118e-01 8.798007e-03 4.191569e-01
vertex -3.134753e-01 5.232949e-02 3.752943e-01
vertex -3.125320e-01 -2.943375e-03 3.204288e-01
endloop
endfacet
facet normal 0 0 0
outer loop
vertex -3.134753e-01 5.232949e-02 3.752943e-01
vertex -3.352521e-01 8.850306e-02 3.198608e-01
vertex -3.125320e-01 -2.943375e-03 3.204288e-01
endloop
endfacet
facet normal 0 0 0
outer loop
vertex -3.352521e-01 8.850306e-02 3.198608e-01
vertex -3.375602e-01 3.265011e-02 2.202035e-01
vertex -3.125320e-01 -2.943375e-03 3.204288e-01
endloop
endfacet
facet normal 0 0 0
outer loop
vertex -3.375602e-01 3.265011e-02 2.202035e-01
vertex -2.658675e-01 -4.952964e-02 1.981216e-01
vertex -3.125320e-01 -2.943375e-03 3.204288e-01
endloop
endfacet
facet normal 0 0 0
outer loop
vertex -3.134753e-01 5.232949e-02 3.752943e-01
vertex -2.671118e-01 8.798007e-03 4.191569e-01
vertex -2.901932e-01 1.187236e-01 4.061792e-01
endloop
endfacet
facet normal 0 0 0
outer loop
vertex -2.901932e-01 1.187236e-01 4.061792e-01
vertex -2.671118e-01 8.798007e-03 4.191569e-01
vertex -2.299809e-01 7.117795e-02 4.610788e-01
endloop
endfacet
facet normal 0 0 0
outer loop
vertex -2.901932e-01 1.187236e-01 4.061792e-01
vertex -2.299809e-01 7.117795e-02 4.610788e-01
vertex -2.234379e-01 1.200764e-01 4.570586e-01
endloop
endfacet
facet normal 0 0 0
outer loop
vertex -2.299809e-01 7.117795e-02 4.610788e-01
vertex -1.657344e-01 1.008305e-01 4.844733e-01
vertex -2.234379e-01 1.200764e-01 4.570586e-01
endloop
endfacet
facet normal 0 0 0
outer loop
vertex -1.657344e-01 1.008305e-01 4.844733e-01
vertex -1.899397e-01 1.802947e-01 4.332005e-01
vertex -2.234379e-01 1.200764e-01 4.570586e-01
endloop
endfacet
facet normal 0 0 0
outer loop
vertex -1.899397e-01 1.802947e-01 4.332005e-01
vertex -1.657344e-01 1.008305e-01 4.844733e-01
vertex -1.288042e-01 1.625822e-01 4.836825e-01
endloop
endfacet
facet normal 0 0 0
outer loop
vertex -1.899397e-01 1.802947e-01 4.332005e-01
vertex -1.288042e-01 1.625822e-01 4.836825e-01
vertex -1.282623e-01 1.985852e-01 4.594249e-01
endloop
endfacet
facet normal 0 0 0
outer loop
vertex -1.288042e-01 1.625822e-01 4.836825e-01
vertex -6.469813e-02 2.019872e-01 4.825063e-01
vertex -1.282623e-01 1.985852e-01 4.594249e-01
endloop
endfacet
facet normal 0 0 0
outer loop
vertex -6.469813e-02 2.019872e-01 4.825063e-01
vertex -1.163603e-01 2.304235e-01 4.105285e-01
vertex -1.282623e-01 1.985852e-01 4.594249e-01
endloop
endfacet
facet normal 0 0 0
outer loop
vertex -1.163603e-01 2.304235e-01 4.105285e-01
vertex -6.469813e-02 2.019872e-01 4.825063e-01
vertex -4.787884e-02 2.305940e-01 4.117869e-01
endloop
endfacet
facet normal 0 0 0
outer loop
vertex -8.203928e-02 1.082447e-01 5.000000e-01
vertex -6.469813e-02 2.019872e-01 4.825063e-01
vertex -1.288042e-01 1.625822e-01 4.836825e-01
endloop
endfacet
facet normal 0 0 0
outer loop
vertex -1.657344e-01 1.008305e-01 4.844733e-01
vertex -8.203928e-02 1.082447e-01 5.000000e-01
vertex -1.288042e-01 1.625822e-01 4.836825e-01
endloop
endfacet
facet normal 0 0 0
outer loop
vertex -1.787603e-01 1.242480e-02 4.771354e-01
vertex -1.657344e-01 1.008305e-01 4.844733e-01
vertex -2.299809e-01 7.117795e-02 4.610788e-01
endloop
endfacet
facet normal 0 0 0
outer loop
vertex -1.657344e-01 1.008305e-01 4.844733e-01
vertex -1.787603e-01 1.242480e-02 4.771354e-01
vertex -1.189896e-01 4.464642e-02 4.963832e-01
endloop
endfacet
facet normal 0 0 0
outer loop
vertex -2.671118e-01 8.798007e-03 4.191569e-01
vertex -1.787603e-01 1.242480e-02 4.771354e-01
vertex -2.299809e-01 7.117795e-02 4.610788e-01
endloop
endfacet
facet normal 0 0 0
outer loop
vertex -5.456237e-02 1.023105e-02 4.789397e-01
vertex -1.162599e-01 -6.078534e-02 4.545879e-01
vertex -5.877725e-02 -4.048174e-02 4.382583e-01
endloop
endfacet
facet normal 0 0 0
outer loop
vertex -1.434055e-02 -1.074087e-02 4.017335e-01
vertex -5.456237e-02 1.023105e-02 4.789397e-01
vertex -5.877725e-02 -4.048174e-02 4.382583e-01
endloop
endfacet
facet normal 0 0 0
outer loop
vertex -4.029208e-02 -1.012400e-01 4.284698e-01
vertex -1.434055e-02 -1.074087e-02 4.017335e-01
vertex -5.877725e-02 -4.048174e-02 4.382583e-01
endloop
endfacet
facet normal 0 0 0
outer loop
vertex -1.434055e-02 -1.074087e-02 4.017335e-01
vertex -4.029208e-02 -1.012400e-01 4.284698e-01
vertex 1.130985e-02 -6.788836e-02 3.932135e-01
endloop
endfacet
facet normal 0 0 0
outer loop
vertex -4.029208e-02 -1.012400e-01 4.284698e-01
vertex 3.762265e-02 -1.226053e-01 3.715110e-01
vertex 1.130985e-02 -6.788836e-02 3.932135e-01
endloop
endfacet
facet normal 0 0 0
outer loop
vertex 3.762265e-02 -1.226053e-01 3.715110e-01
vertex 3.989062e-02 -4.010041e-02 3.358552e-01
vertex 1.130985e-02 -6.788836e-02 3.932135e-01
endloop
endfacet
facet normal 0 0 0
outer loop
vertex 3.989062e-02 -4.010041e-02 3.358552e-01
vertex 3.762265e-02 -1.226053e-01 3.715110e-01
vertex 5.749274e-02 -9.003448e-02 3.268274e-01
endloop
endfacet
facet normal 0 0 0
outer loop
vertex -5.456237e-02 1.023105e-02 4.789397e-01
vertex -1.434055e-02 -1.074087e-02 4.017335e-01
vertex -8.178806e-03 4.100358e-02 4.345332e-01
endloop
endfacet
facet normal 0 0 0
outer loop
vertex -1.189896e-01 4.464642e-02 4.963832e-01
vertex -1.787603e-01 1.242480e-02 4.771354e-01
vertex -1.179659e-01 -3.324740e-03 4.863298e-01
endloop
endfacet
facet normal 0 0 0
outer loop
vertex -8.203928e-02 1.082447e-01 5.000000e-01
vertex -1.657344e-01 1.008305e-01 4.844733e-01
vertex -1.189896e-01 4.464642e-02 4.963832e-01
endloop
endfacet
facet normal 0 0 0
outer loop
vertex -1.155076e-02 8.714826e-02 4.677984e-01
vertex -5.456237e-02 1.023105e-02 4.789397e-01
vertex -8.178806e-03 4.100358e-02 4.345332e-01
endloop
endfacet
facet normal 0 0 0
outer loop
vertex -9.884879e-03 8.997022e-02 3.752521e-01
vertex -1.155076e-02 8.714826e-02 4.677984e-01
vertex -8.178806e-03 4.100358e-02 4.345332e-01
endloop
endfacet
facet normal 0 0 0
outer loop
vertex 1.088836e-02 1.601918e-01 4.422022e-01
vertex -1.155076e-02 8.714826e-02 4.677984e-01
vertex -9.884879e-03 8.997022e-02 3.752521e-01
endloop
endfacet
facet normal 0 0 0
outer loop
vertex 1.088836e-02 1.601918e-01 4.422022e-01
vertex -9.884879e-03 8.997022e-02 3.752521e-01
vertex 1.092856e-02 1.521053e-01 3.713524e-01
endloop
endfacet
facet normal 0 0 0
outer loop
vertex -6.469813e-02 2.019872e-01 4.825063e-01
vertex -8.203928e-02 1.082447e-01 5.000000e-01
vertex -3.033698e-02 1.413534e-01 4.893886e-01
endloop
endfacet
facet normal 0 0 0
outer loop
vertex 1.347753e-02 2.124180e-01 3.721050e-01
vertex 1.088836e-02 1.601918e-01 4.422022e-01
vertex 1.092856e-02 1.521053e-01 3.713524e-01
endloop
endfacet
facet normal 0 0 0
outer loop
vertex -4.787884e-02 2.305940e-01 4.117869e-01
vertex -6.469813e-02 2.019872e-01 4.825063e-01
vertex -1.666879e-02 2.097626e-01 4.340194e-01
endloop
endfacet
facet normal 0 0 0
outer loop
vertex 4.822001e-02 1.503993e-01 2.947764e-01
vertex 1.347753e-02 2.124180e-01 3.721050e-01
vertex 1.092856e-02 1.521053e-01 3.713524e-01
endloop
endfacet
facet normal 0 0 0
outer loop
vertex 5.652934e-02 2.410890e-01 2.517989e-01
vertex 5.489383e-03 2.427871e-01 3.049121e-01
vertex 4.374424e-02 2.182967e-01 3.132696e-01
endloop
endfacet
facet normal 0 0 0
outer loop
vertex 5.652934e-02 2.410890e-01 2.517989e-01
vertex -3.922831e-02 2.399169e-01 2.366234e-01
vertex 5.489383e-03 2.427871e-01 3.049121e-01
endloop
endfacet
facet normal 0 0 0
outer loop
vertex -3.922831e-02 2.399169e-01 2.366234e-01
vertex 5.652934e-02 2.410890e-01 2.517989e-01
vertex 1.849522e-02 2.447018e-01 1.989726e-01
endloop
endfacet
facet normal 0 0 0
outer loop
vertex 1.849522e-02 2.447018e-01 1.989726e-01
vertex -4.706632e-03 2.470440e-01 1.459275e-01
vertex -3.922831e-02 2.399169e-01 2.366234e-01
endloop
endfacet
facet normal 0 0 0
outer loop
vertex 6.060369e-02 2.329223e-01 1.601898e-01
vertex -4.706632e-03 2.470440e-01 1.459275e-01
vertex 1.849522e-02 2.447018e-01 1.989726e-01
endloop
endfacet
facet normal 0 0 0
outer loop
vertex 5.038768e-02 2.686422e-01 7.225978e-02
vertex -4.706632e-03 2.470440e-01 1.459275e-01
vertex 6.060369e-02 2.329223e-01 1.601898e-01
endloop
endfacet
facet normal 0 0 0
outer loop
vertex 1.506412e-01 2.180358e-01 8.722857e-02
vertex 5.038768e-02 2.686422e-01 7.225978e-02
vertex 6.060369e-02 2.329223e-01 1.601898e-01
endloop
endfacet
facet normal 0 0 0
outer loop
vertex 6.060369e-02 2.329223e-01 1.601898e-01
vertex 1.191702e-01 2.107942e-01 1.863983e-01
vertex 1.506412e-01 2.180358e-01 8.722857e-02
endloop
endfacet
facet normal 0 0 0
outer loop
vertex 1.506412e-01 2.180358e-01 8.722857e-02
vertex 1.463460e-01 2.828543e-01 -6.736250e-02
vertex 5.038768e-02 2.686422e-01 7.225978e-02
endloop
endfacet
facet normal 0 0 0
outer loop
vertex 1.463460e-01 2.828543e-01 -6.736250e-02
vertex 1.506412e-01 2.180358e-01 8.722857e-02
vertex 2.328109e-01 1.823400e-01 -1.504202e-02
endloop
endfacet
facet normal 0 0 0
outer loop
vertex 2.633386e-01 2.132308e-01 -1.330160e-01
vertex 1.463460e-01 2.828543e-01 -6.736250e-02
vertex 2.328109e-01 1.823400e-01 -1.504202e-02
endloop
endfacet
facet normal 0 0 0
outer loop
vertex 3.146595e-01 1.245802e-01 -1.070203e-01
vertex 2.633386e-01 2.132308e-01 -1.330160e-01
vertex 2.328109e-01 1.823400e-01 -1.504202e-02
endloop
endfacet
facet normal 0 0 0
outer loop
vertex 2.693999e-01 1.013905e-01 1.072082e-02
vertex 3.146595e-01 1.245802e-01 -1.070203e-01
vertex 2.328109e-01 1.823400e-01 -1.504202e-02
endloop
endfacet
facet normal 0 0 0
outer loop
vertex 2.693999e-01 1.013905e-01 1.072082e-02
vertex 2.328109e-01 1.823400e-01 -1.504202e-02
vertex 2.453552e-01 1.616610e-01 9.506220e-02
endloop
endfacet
facet normal 0 0 0
outer loop
vertex 2.628769e-01 8.470163e-02 1.013143e-01
vertex 2.693999e-01 1.013905e-01 1.072082e-02
vertex 2.453552e-01 1.616610e-01 9.506220e-02
endloop
endfacet
facet normal 0 0 0
outer loop
vertex 2.453552e-01 1.616610e-01 9.506220e-02
vertex 2.305831e-01 1.137882e-01 1.844594e-01
vertex 2.628769e-01 8.470163e-02 1.013143e-01
endloop
endfacet
facet normal 0 0 0
outer loop
vertex 2.305831e-01 1.137882e-01 1.844594e-01
vertex 2.110541e-01 2.932437e-02 1.390894e-01
vertex 2.628769e-01 8.470163e-02 1.013143e-01
endloop
endfacet
facet normal 0 0 0
outer loop
vertex 2.110541e-01 2.932437e-02 1.390894e-01
vertex 2.615522e-01 4.133472e-02 4.379742e-02
vertex 2.628769e-01 8.470163e-02 1.013143e-01
endloop
endfacet
facet normal 0 0 0
outer loop
vertex 2.110541e-01 2.932437e-02 1.390894e-01
vertex 2.326503e-01 -2.412007e-02 1.688854e-02
vertex 2.615522e-01 4.133472e-02 4.379742e-02
endloop
endfacet
facet normal 0 0 0
outer loop
vertex 2.615522e-01 4.133472e-02 4.379742e-02
vertex 2.326503e-01 -2.412007e-02 1.688854e-02
vertex 2.984624e-01 2.820041e-02 -6.820750e-02
endloop
endfacet
facet normal 0 0 0
outer loop
vertex 2.693999e-01 1.013905e-01 1.072082e-02
vertex 2.615522e-01 4.133472e-02 4.379742e-02
vertex 2.984624e-01 2.820041e-02 -6.820750e-02
endloop
endfacet
facet normal 0 0 0
outer loop
vertex 2.984624e-01 2.820041e-02 -6.820750e-02
vertex 2.326503e-01 -2.412007e-02 1.688854e-02
vertex 2.773078e-01 -3.944411e-02 -8.466151e-02
endloop
endfacet
facet normal 0 0 0
outer loop
vertex 2.984624e-01 2.820041e-02 -6.820750e-02
vertex 2.773078e-01 -3.944411e-02 -8.466151e-02
vertex 3.182120e-01 -3.160243e-02 -1.630419e-01
endloop
endfacet
facet normal 0 0 0
outer loop
vertex 2.984624e-01 2.820041e-02 -6.820750e-02
vertex 3.182120e-01 -3.160243e-02 -1.630419e-01
vertex 3.475154e-01 4.348031e-02 -1.892262e-01
endloop
endfacet
facet normal 0 0 0
outer loop
vertex 3.146595e-01 1.245802e-01 -1.070203e-01
vertex 2.984624e-01 2.820041e-02 -6.820750e-02
vertex 3.475154e-01 4.348031e-02 -1.892262e-01
endloop
endfacet
facet normal 0 0 0
outer loop
vertex 3.695531e-01 1.161706e-01 -2.235010e-01
vertex 3.146595e-01 1.245802e-01 -1.070203e-01
vertex 3.475154e-01 4.348031e-02 -1.892262e-01
endloop
endfacet
facet normal 0 0 0
outer loop
vertex 3.695531e-01 1.161706e-01 -2.235010e-01
vertex 3.475154e-01 4.348031e-02 -1.892262e-01
vertex 3.687302e-01 5.937636e-02 -2.780454e-01
endloop
endfacet
facet normal 0 0 0
outer loop
vertex 3.878776e-01 1.159900e-01 -3.183635e-01
vertex 3.695531e-01 1.161706e-01 -2.235010e-01
vertex 3.687302e-01 5.937636e-02 -2.780454e-01
endloop
endfacet
facet normal 0 0 0
outer loop
vertex 3.878776e-01 1.159900e-01 -3.183635e-01
vertex 3.687302e-01 5.937636e-02 -2.780454e-01
vertex 3.741693e-01 4.861239e-02 -3.620897e-01
endloop
endfacet
facet normal 0 0 0
outer loop
vertex 4.235234e-01 1.035481e-01 -4.173506e-01
vertex 3.878776e-01 1.159900e-01 -3.183635e-01
vertex 3.741693e-01 4.861239e-02 -3.620897e-01
endloop
endfacet
facet normal 0 0 0
outer loop
vertex 4.072860e-01 2.845131e-02 -4.390651e-01
vertex 4.235234e-01 1.035481e-01 -4.173506e-01
vertex 3.741693e-01 4.861239e-02 -3.620897e-01
endloop
endfacet
facet normal 0 0 0
outer loop
vertex 4.072860e-01 2.845131e-02 -4.390651e-01
vertex 3.741693e-01 4.861239e-02 -3.620897e-01
vertex 3.612438e-01 -1.224819e-02 -4.106048e-01
endloop
endfacet
facet normal 0 0 0
outer loop
vertex 3.973511e-01 -8.069482e-03 -4.679670e-01
vertex 4.072860e-01 2.845131e-02 -4.390651e-01
vertex 3.612438e-01 -1.224819e-02 -4.106048e-01
endloop
endfacet
facet normal 0 0 0
outer loop
vertex 3.706570e-01 -6.778803e-02 -4.771414e-01
vertex 3.973511e-01 -8.069482e-03 -4.679670e-01
vertex 3.612438e-01 -1.224819e-02 -4.106048e-01
endloop
endfacet
facet normal 0 0 0
outer loop
vertex 3.706570e-01 -6.778803e-02 -4.771414e-01
vertex 3.612438e-01 -1.224819e-02 -4.106048e-01
vertex 3.245945e-01 -8.275681e-02 -3.820521e-01
endloop
endfacet
facet normal 0 0 0
outer loop
vertex 3.014730e-01 -1.714977e-01 -4.481170e-01
vertex 3.706570e-01 -6.778803e-02 -4.771414e-01
vertex 3.245945e-01 -8.275681e-02 -3.820521e-01
endloop
endfacet
facet normal 0 0 0
outer loop
vertex 3.612438e-01 -1.224819e-02 -4.106048e-01
vertex 3.377610e-01 -1.967638e-02 -2.916112e-01
vertex 3.245945e-01 -8.275681e-02 -3.820521e-01
endloop
endfacet
facet normal 0 0 0
outer loop
vertex 3.245945e-01 -8.275681e-02 -3.820521e-01
vertex 3.377610e-01 -1.967638e-02 -2.916112e-01
vertex 3.056678e-01 -9.585096e-02 -3.057129e-01
endloop
endfacet
facet normal 0 0 0
outer loop
vertex 2.884069e-01 -1.384974e-01 -3.516830e-01
vertex 3.245945e-01 -8.275681e-02 -3.820521e-01
vertex 3.056678e-01 -9.585096e-02 -3.057129e-01
endloop
endfacet
facet normal 0 0 0
outer loop
vertex 3.056678e-01 -9.585096e-02 -3.057129e-01
vertex 3.377610e-01 -1.967638e-02 -2.916112e-01
vertex 2.937257e-01 -8.664653e-02 -2.242537e-01
endloop
endfacet
facet normal 0 0 0
outer loop
vertex 2.614318e-01 -1.407653e-01 -2.743985e-01
vertex 3.056678e-01 -9.585096e-02 -3.057129e-01
vertex 2.937257e-01 -8.664653e-02 -2.242537e-01
endloop
endfacet
facet normal 0 0 0
outer loop
vertex 2.937257e-01 -8.664653e-02 -2.242537e-01
vertex 3.377610e-01 -1.967638e-02 -2.916112e-01
vertex 3.182120e-01 -3.160243e-02 -1.630419e-01
endloop
endfacet
facet normal 0 0 0
outer loop
vertex 2.773279e-01 -7.918824e-02 -1.397939e-01
vertex 2.937257e-01 -8.664653e-02 -2.242537e-01
vertex 3.182120e-01 -3.160243e-02 -1.630419e-01
endloop
endfacet
facet normal 0 0 0
outer loop
vertex 2.773279e-01 -7.918824e-02 -1.397939e-01
vertex 2.340352e-01 -1.400749e-01 -1.567939e-01
vertex 2.937257e-01 -8.664653e-02 -2.242537e-01
endloop
endfacet
facet normal 0 0 0
outer loop
vertex 3.741693e-01 4.861239e-02 -3.620897e-01
vertex 3.377610e-01 -1.967638e-02 -2.916112e-01
vertex 3.612438e-01 -1.224819e-02 -4.106048e-01
endloop
endfacet
facet normal 0 0 0
outer loop
vertex 3.840240e-01 2.068002e-01 -4.893103e-01
vertex 2.836702e-01 2.545445e-01 -4.867031e-01
vertex 3.038012e-01 2.776099e-01 -3.844144e-01
endloop
endfacet
facet normal 0 0 0
outer loop
vertex 3.840240e-01 2.068002e-01 -4.893103e-01
vertex 3.038012e-01 2.776099e-01 -3.844144e-01
vertex 3.959461e-01 2.005943e-01 -3.506293e-01
endloop
endfacet
facet normal 0 0 0
outer loop
vertex 3.038012e-01 2.776099e-01 -3.844144e-01
vertex 3.229889e-01 2.586169e-01 -2.405452e-01
vertex 3.959461e-01 2.005943e-01 -3.506293e-01
endloop
endfacet
facet normal 0 0 0
outer loop
vertex 3.959461e-01 2.005943e-01 -3.506293e-01
vertex 3.229889e-01 2.586169e-01 -2.405452e-01
vertex 3.774609e-01 1.766679e-01 -2.639717e-01
endloop
endfacet
facet normal 0 0 0
outer loop
vertex 3.878776e-01 1.159900e-01 -3.183635e-01
vertex 3.959461e-01 2.005943e-01 -3.506293e-01
vertex 3.774609e-01 1.766679e-01 -2.639717e-01
endloop
endfacet
facet normal 0 0 0
outer loop
vertex 3.774609e-01 1.766679e-01 -2.639717e-01
vertex 3.229889e-01 2.586169e-01 -2.405452e-01
vertex 3.419356e-01 1.861614e-01 -1.884495e-01
endloop
endfacet
facet normal 0 0 0
outer loop
vertex 3.695531e-01 1.161706e-01 -2.235010e-01
vertex 3.774609e-01 1.766679e-01 -2.639717e-01
vertex 3.419356e-01 1.861614e-01 -1.884495e-01
endloop
endfacet
facet normal 0 0 0
outer loop
vertex 3.419356e-01 1.861614e-01 -1.884495e-01
vertex 3.229889e-01 2.586169e-01 -2.405452e-01
vertex 2.633386e-01 2.132308e-01 -1.330160e-01
endloop
endfacet
facet normal 0 0 0
outer loop
vertex 2.633386e-01 2.132308e-01 -1.330160e-01
vertex 3.229889e-01 2.586169e-01 -2.405452e-01
vertex 2.328912e-01 2.659969e-01 -1.739664e-01
endloop
endfacet
facet normal 0 0 0
outer loop
vertex 2.328912e-01 2.659969e-01 -1.739664e-01
vertex 3.229889e-01 2.586169e-01 -2.405452e-01
vertex 1.735419e-01 2.581854e-01 -2.631549e-01
endloop
endfacet
facet normal 0 0 0
outer loop
vertex 1.735419e-01 2.581854e-01 -2.631549e-01
vertex 3.229889e-01 2.586169e-01 -2.405452e-01
vertex 3.038012e-01 2.776099e-01 -3.844144e-01
endloop
endfacet
facet normal 0 0 0
outer loop
vertex 1.772951e-01 2.573203e-01 -4.427260e-01
vertex 1.735419e-01 2.581854e-01 -2.631549e-01
vertex 3.038012e-01 2.776099e-01 -3.844144e-01
endloop
endfacet
facet normal 0 0 0
outer loop
vertex 2.836702e-01 2.545445e-01 -4.867031e-01
vertex 1.772951e-01 2.573203e-01 -4.427260e-01
vertex 3.038012e-01 2.776099e-01 -3.844144e-01
endloop
endfacet
facet normal 0 0 0
outer loop
vertex 4.235234e-01 1.035481e-01 -4.173506e-01
vertex 3.840240e-01 2.068002e-01 -4.893103e-01
vertex 3.959461e-01 2.005943e-01 -3.506293e-01
endloop
endfacet
facet normal 0 0 0
outer loop
vertex 3.878776e-01 1.159900e-01 -3.183635e-01
vertex 4.235234e-01 1.035481e-01 -4.173506e-01
vertex 3.959461e-01 2.005943e-01 -3.506293e-01
endloop
endfacet
facet normal 0 0 0
outer loop
vertex 3.687302e-01 5.937636e-02 -2.780454e-01
vertex 3.377610e-01 -1.967638e-02 -2.916112e-01
vertex 3.741693e-01 4.861239e-02 -3.620897e-01
endloop
endfacet
facet normal 0 0 0
outer loop
vertex 3.695531e-01 1.161706e-01 -2.235010e-01
vertex 3.878776e-01 1.159900e-01 -3.183635e-01
vertex 3.774609e-01 1.766679e-01 -2.639717e-01
endloop
endfacet
facet normal 0 0 0
outer loop
vertex 3.475154e-01 4.348031e-02 -1.892262e-01
vertex 3.377610e-01 -1.967638e-02 -2.916112e-01
vertex 3.687302e-01 5.937636e-02 -2.780454e-01
endloop
endfacet
facet normal 0 0 0
outer loop
vertex 3.146595e-01 1.245802e-01 -1.070203e-01
vertex 3.695531e-01 1.161706e-01 -2.235010e-01
vertex 3.419356e-01 1.861614e-01 -1.884495e-01
endloop
endfacet
facet normal 0 0 0
outer loop
vertex 3.182120e-01 -3.160243e-02 -1.630419e-01
vertex 3.377610e-01 -1.967638e-02 -2.916112e-01
vertex 3.475154e-01 4.348031e-02 -1.892262e-01
endloop
endfacet
facet normal 0 0 0
outer loop
vertex 2.773078e-01 -3.944411e-02 -8.466151e-02
vertex 2.773279e-01 -7.918824e-02 -1.397939e-01
vertex 3.182120e-01 -3.160243e-02 -1.630419e-01
endloop
endfacet
facet normal 0 0 0
outer loop
vertex 2.773279e-01 -7.918824e-02 -1.397939e-01
vertex 2.773078e-01 -3.944411e-02 -8.466151e-02
vertex 2.386916e-01 -8.658834e-02 -6.506038e-02
endloop
endfacet
facet normal 0 0 0
outer loop
vertex 2.628769e-01 8.470163e-02 1.013143e-01
vertex 2.615522e-01 4.133472e-02 4.379742e-02
vertex 2.693999e-01 1.013905e-01 1.072082e-02
endloop
endfacet
facet normal 0 0 0
outer loop
vertex 3.146595e-01 1.245802e-01 -1.070203e-01
vertex 2.693999e-01 1.013905e-01 1.072082e-02
vertex 2.984624e-01 2.820041e-02 -6.820750e-02
endloop
endfacet
facet normal 0 0 0
outer loop
vertex 2.633386e-01 2.132308e-01 -1.330160e-01
vertex 3.146595e-01 1.245802e-01 -1.070203e-01
vertex 3.419356e-01 1.861614e-01 -1.884495e-01
endloop
endfacet
facet normal 0 0 0
outer loop
vertex 1.463460e-01 2.828543e-01 -6.736250e-02
vertex 2.633386e-01 2.132308e-01 -1.330160e-01
vertex 2.328912e-01 2.659969e-01 -1.739664e-01
endloop
endfacet
facet normal 0 0 0
outer loop
vertex 2.328109e-01 1.823400e-01 -1.504202e-02
vertex 1.506412e-01 2.180358e-01 8.722857e-02
vertex 2.453552e-01 1.616610e-01 9.506220e-02
endloop
endfacet
facet normal 0 0 0
outer loop
vertex 1.837981e-01 1.806058e-01 1.647941e-01
vertex 2.453552e-01 1.616610e-01 9.506220e-02
vertex 1.506412e-01 2.180358e-01 8.722857e-02
endloop
endfacet
facet normal 0 0 0
outer loop
vertex -2.004066e-02 2.591528e-01 8.790899e-02
vertex -4.706632e-03 2.470440e-01 1.459275e-01
vertex 5.038768e-02 2.686422e-01 7.225978e-02
endloop
endfacet
facet normal 0 0 0
outer loop
vertex -3.212325e-02 2.625026e-01 2.264983e-03
vertex -2.004066e-02 2.591528e-01 8.790899e-02
vertex 5.038768e-02 2.686422e-01 7.225978e-02
endloop
endfacet
facet normal 0 0 0
outer loop
vertex -8.729780e-02 2.390057e-01 1.333934e-01
vertex -4.706632e-03 2.470440e-01 1.459275e-01
vertex -2.004066e-02 2.591528e-01 8.790899e-02
endloop
endfacet
facet normal 0 0 0
outer loop
vertex 5.652934e-02 2.410890e-01 2.517989e-01
vertex 6.060369e-02 2.329223e-01 1.601898e-01
vertex 1.849522e-02 2.447018e-01 1.989726e-01
endloop
endfacet
facet normal 0 0 0
outer loop
vertex 6.060369e-02 2.329223e-01 1.601898e-01
vertex 5.652934e-02 2.410890e-01 2.517989e-01
vertex 1.191702e-01 2.107942e-01 1.863983e-01
endloop
endfacet
facet normal 0 0 0
outer loop
vertex 1.837981e-01 1.806058e-01 1.647941e-01
vertex 1.506412e-01 2.180358e-01 8.722857e-02
vertex 1.191702e-01 2.107942e-01 1.863983e-01
endloop
endfacet
facet normal 0 0 0
outer loop
vertex 2.305831e-01 1.137882e-01 1.844594e-01
vertex 2.453552e-01 1.616610e-01 9.506220e-02
vertex 1.837981e-01 1.806058e-01 1.647941e-01
endloop
endfacet
facet normal 0 0 0
outer loop
vertex 2.305831e-01 1.137882e-01 1.844594e-01
vertex 1.597734e-01 7.106759e-02 2.323041e-01
vertex 2.110541e-01 2.932437e-02 1.390894e-01
endloop
endfacet
facet normal 0 0 0
outer loop
vertex 1.597734e-01 7.106759e-02 2.323041e-01
vertex 1.297274e-01 4.131551e-03 1.998035e-01
vertex 2.110541e-01 2.932437e-02 1.390894e-01
endloop
endfacet
facet normal 0 0 0
outer loop
vertex 1.607367e-01 -5.933622e-02 1.236911e-01
vertex 2.110541e-01 2.932437e-02 1.390894e-01
vertex 1.297274e-01 4.131551e-03 1.998035e-01
endloop
endfacet
facet normal 0 0 0
outer loop
vertex 1.597734e-01 7.106759e-02 2.323041e-01
vertex 7.573707e-02 4.052590e-02 2.774894e-01
vertex 1.297274e-01 4.131551e-03 1.998035e-01
endloop
endfacet
facet normal 0 0 0
outer loop
vertex 1.297274e-01 4.131551e-03 1.998035e-01
vertex 7.573707e-02 4.052590e-02 2.774894e-01
vertex 9.315851e-02 -2.177779e-02 2.502273e-01
endloop
endfacet
facet normal 0 0 0
outer loop
vertex 4.822001e-02 1.503993e-01 2.947764e-01
vertex 1.336412e-01 1.472181e-01 2.250084e-01
vertex 9.568741e-02 1.924295e-01 2.467570e-01
endloop
endfacet
facet normal 0 0 0
outer loop
vertex 7.573707e-02 4.052590e-02 2.774894e-01
vertex 1.597734e-01 7.106759e-02 2.323041e-01
vertex 1.023308e-01 1.045115e-01 2.570714e-01
endloop
endfacet
facet normal 0 0 0
outer loop
vertex -9.884879e-03 8.997022e-02 3.752521e-01
vertex 4.822001e-02 1.503993e-01 2.947764e-01
vertex 1.092856e-02 1.521053e-01 3.713524e-01
endloop
endfacet
facet normal 0 0 0
outer loop
vertex -1.434055e-02 -1.074087e-02 4.017335e-01
vertex -9.884879e-03 8.997022e-02 3.752521e-01
vertex -8.178806e-03 4.100358e-02 4.345332e-01
endloop
endfacet
facet normal 0 0 0
outer loop
vertex 3.989062e-02 -4.010041e-02 3.358552e-01
vertex -1.434055e-02 -1.074087e-02 4.017335e-01
vertex 1.130985e-02 -6.788836e-02 3.932135e-01
endloop
endfacet
facet normal 0 0 0
outer loop
vertex 2.507841e-02 3.335860e-02 3.420852e-01
vertex 7.573707e-02 4.052590e-02 2.774894e-01
vertex 2.983518e-02 7.815056e-02 3.183535e-01
endloop
endfacet
facet normal 0 0 0
outer loop
vertex 7.465324e-02 -7.390759e-02 2.784589e-01
vertex 3.989062e-02 -4.010041e-02 3.358552e-01
vertex 5.749274e-02 -9.003448e-02 3.268274e-01
endloop
endfacet
facet normal 0 0 0
outer loop
vertex 5.149158e-02 -1.196971e-01 3.064917e-01
vertex 7.465324e-02 -7.390759e-02 2.784589e-01
vertex 5.749274e-02 -9.003448e-02 3.268274e-01
endloop
endfacet
facet normal 0 0 0
outer loop
vertex 9.315851e-02 -2.177779e-02 2.502273e-01
vertex 7.573707e-02 4.052590e-02 2.774894e-01
vertex 7.342891e-02 -2.365039e-02 2.871254e-01
endloop
endfacet
facet normal 0 0 0
outer loop
vertex 1.104595e-01 -6.403479e-02 2.108124e-01
vertex 1.297274e-01 4.131551e-03 1.998035e-01
vertex 9.315851e-02 -2.177779e-02 2.502273e-01
endloop
endfacet
facet normal 0 0 0
outer loop
vertex 1.607367e-01 -5.933622e-02 1.236911e-01
vertex 1.297274e-01 4.131551e-03 1.998035e-01
vertex 1.104595e-01 -6.403479e-02 2.108124e-01
endloop
endfacet
facet normal 0 0 0
outer loop
vertex 1.607367e-01 -5.933622e-02 1.236911e-01
vertex 2.326503e-01 -2.412007e-02 1.688854e-02
vertex 2.110541e-01 2.932437e-02 1.390894e-01
endloop
endfacet
facet normal 0 0 0
outer loop
vertex 2.773078e-01 -3.944411e-02 -8.466151e-02
vertex 2.326503e-01 -2.412007e-02 1.688854e-02
vertex 2.386916e-01 -8.658834e-02 -6.506038e-02
endloop
endfacet
facet normal 0 0 0
outer loop
vertex 2.340352e-01 -1.400749e-01 -1.567939e-01
vertex 2.773279e-01 -7.918824e-02 -1.397939e-01
vertex 2.386916e-01 -8.658834e-02 -6.506038e-02
endloop
endfacet
facet normal 0 0 0
outer loop
vertex 2.022030e-01 -1.522559e-01 2.652656e-02
vertex 2.180790e-01 -1.497952e-01 -3.926542e-02
vertex 2.126799e-01 -1.022696e-01 3.278462e-02
endloop
endfacet
facet normal 0 0 0
outer loop
vertex 1.707922e-01 -1.451287e-01 9.126677e-02
vertex 2.022030e-01 -1.522559e-01 2.652656e-02
vertex 2.126799e-01 -1.022696e-01 3.278462e-02
endloop
endfacet
facet normal 0 0 0
outer loop
vertex 1.707922e-01 -1.451287e-01 9.126677e-02
vertex 1.033946e-01 -1.362093e-01 1.769008e-01
vertex 9.448314e-02 -1.681760e-01 8.201418e-02
endloop
endfacet
facet normal 0 0 0
outer loop
vertex 1.632456e-01 -1.775510e-01 7.641952e-03
vertex 9.201441e-02 -1.837067e-01 -2.361626e-02
vertex 1.671192e-01 -1.705343e-01 -8.568310e-02
endloop
endfacet
facet normal 0 0 0
outer loop
vertex 1.671192e-01 -1.705343e-01 -8.568310e-02
vertex 9.201441e-02 -1.837067e-01 -2.361626e-02
vertex 1.254323e-01 -2.043877e-01 -1.175153e-01
endloop
endfacet
facet normal 0 0 0
outer loop
vertex 1.758300e-01 -1.978928e-01 -1.647800e-01
vertex 1.671192e-01 -1.705343e-01 -8.568310e-02
vertex 1.254323e-01 -2.043877e-01 -1.175153e-01
endloop
endfacet
facet normal 0 0 0
outer loop
vertex 1.254323e-01 -2.043877e-01 -1.175153e-01
vertex 9.201441e-02 -1.837067e-01 -2.361626e-02
vertex 6.564143e-02 -1.880079e-01 -1.029199e-01
endloop
endfacet
facet normal 0 0 0
outer loop
vertex 1.024914e-01 -2.092067e-01 -1.729649e-01
vertex 1.254323e-01 -2.043877e-01 -1.175153e-01
vertex 6.564143e-02 -1.880079e-01 -1.029199e-01
endloop
endfacet
facet normal 0 0 0
outer loop
vertex 6.564143e-02 -1.880079e-01 -1.029199e-01
vertex 9.201441e-02 -1.837067e-01 -2.361626e-02
vertex 2.377384e-02 -1.722102e-01 -3.384432e-02
endloop
endfacet
facet normal 0 0 0
outer loop
vertex 5.730177e-03 -1.753754e-01 -9.218606e-02
vertex 6.564143e-02 -1.880079e-01 -1.029199e-01
vertex 2.377384e-02 -1.722102e-01 -3.384432e-02
endloop
endfacet
facet normal 0 0 0
outer loop
vertex 2.377384e-02 -1.722102e-01 -3.384432e-02
vertex 9.201441e-02 -1.837067e-01 -2.361626e-02
vertex 2.779787e-03 -1.601055e-01 6.211602e-02
endloop
endfacet
facet normal 0 0 0
outer loop
vertex 2.184703e-02 -1.445567e-01 2.044579e-01
vertex -4.759785e-02 -1.426319e-01 2.089176e-01
vertex -7.636963e-03 -1.506522e-01 1.521996e-01
endloop
endfacet
facet normal 0 0 0
outer loop
vertex 1.033946e-01 -1.362093e-01 1.769008e-01
vertex 4.274071e-02 -1.554692e-01 1.366248e-01
vertex 9.448314e-02 -1.681760e-01 8.201418e-02
endloop
endfacet
facet normal 0 0 0
outer loop
vertex 5.913856e-02 -1.280184e-01 2.515340e-01
vertex 1.033946e-01 -1.362093e-01 1.769008e-01
vertex 9.070984e-02 -1.031869e-01 2.324065e-01
endloop
endfacet
facet normal 0 0 0
outer loop
vertex -1.189193e-02 -1.412290e-01 2.879242e-01
vertex -4.759785e-02 -1.426319e-01 2.089176e-01
vertex 2.184703e-02 -1.445567e-01 2.044579e-01
endloop
endfacet
facet normal 0 0 0
outer loop
vertex 5.149158e-02 -1.196971e-01 3.064917e-01
vertex 5.913856e-02 -1.280184e-01 2.515340e-01
vertex 7.465324e-02 -7.390759e-02 2.784589e-01
endloop
endfacet
facet normal 0 0 0
outer loop
vertex 3.762265e-02 -1.226053e-01 3.715110e-01
vertex 5.149158e-02 -1.196971e-01 3.064917e-01
vertex 5.749274e-02 -9.003448e-02 3.268274e-01
endloop
endfacet
facet normal 0 0 0
outer loop
vertex -1.189193e-02 -1.412290e-01 2.879242e-01
vertex -9.450324e-02 -1.107034e-01 3.159972e-01
vertex -6.419637e-02 -1.312739e-01 2.628157e-01
endloop
endfacet
facet normal 0 0 0
outer loop
vertex 3.762265e-02 -1.226053e-01 3.715110e-01
vertex -4.029208e-02 -1.012400e-01 4.284698e-01
vertex -4.205830e-02 -1.346859e-01 3.606687e-01
endloop
endfacet
facet normal 0 0 0
outer loop
vertex -1.162599e-01 -6.078534e-02 4.545879e-01
vertex -4.029208e-02 -1.012400e-01 4.284698e-01
vertex -5.877725e-02 -4.048174e-02 4.382583e-01
endloop
endfacet
facet normal 0 0 0
outer loop
vertex -1.162599e-01 -6.078534e-02 4.545879e-01
vertex -1.983895e-01 -5.460353e-02 4.253127e-01
vertex -1.523271e-01 -9.547365e-02 3.764042e-01
endloop
endfacet
facet normal 0 0 0
outer loop
vertex -9.815610e-02 -9.873516e-02 3.905842e-01
vertex -9.450324e-02 -1.107034e-01 3.159972e-01
vertex -7.224473e-02 -1.171722e-01 3.760088e-01
endloop
endfacet
facet normal 0 0 0
outer loop
vertex -1.983895e-01 -5.460353e-02 4.253127e-01
vertex -2.217720e-01 -7.756853e-02 3.342978e-01
vertex -1.523271e-01 -9.547365e-02 3.764042e-01
endloop
endfacet
facet normal 0 0 0
outer loop
vertex -1.636470e-01 -1.039837e-01 2.406836e-01
vertex -9.450324e-02 -1.107034e-01 3.159972e-01
vertex -1.608371e-01 -9.782194e-02 3.168402e-01
endloop
endfacet
facet normal 0 0 0
outer loop
vertex -3.125320e-01 -2.943375e-03 3.204288e-01
vertex -2.658675e-01 -4.952964e-02 1.981216e-01
vertex -2.217720e-01 -7.756853e-02 3.342978e-01
endloop
endfacet
facet normal 0 0 0
outer loop
vertex -1.636470e-01 -1.039837e-01 2.406836e-01
vertex -1.803058e-01 -1.157030e-01 1.128851e-01
vertex -1.076897e-01 -1.335037e-01 1.717426e-01
endloop
endfacet
facet normal 0 0 0
outer loop
vertex -2.539253e-01 -7.787559e-02 1.010192e-01
vertex -2.952912e-01 -5.568936e-02 8.535597e-02
vertex -2.821047e-01 -9.401251e-02 3.023562e-02
endloop
endfacet
facet normal 0 0 0
outer loop
vertex -2.209290e-01 -1.049792e-01 3.318199e-02
vertex -2.507742e-01 -1.097660e-01 -3.579723e-02
vertex -1.943754e-01 -8.704190e-02 -3.345495e-02
endloop
endfacet
facet normal 0 0 0
outer loop
vertex -1.592917e-01 -9.976678e-02 1.955595e-02
vertex -2.209290e-01 -1.049792e-01 3.318199e-02
vertex -1.943754e-01 -8.704190e-02 -3.345495e-02
endloop
endfacet
facet normal 0 0 0
outer loop
vertex -1.943754e-01 -8.704190e-02 -3.345495e-02
vertex -2.507742e-01 -1.097660e-01 -3.579723e-02
vertex -2.157909e-01 -1.160623e-01 -9.880137e-02
endloop
endfacet
facet normal 0 0 0
outer loop
vertex -1.627037e-01 -1.170899e-01 -7.906978e-02
vertex -1.943754e-01 -8.704190e-02 -3.345495e-02
vertex -2.157909e-01 -1.160623e-01 -9.880137e-02
endloop
endfacet
facet normal 0 0 0
outer loop
vertex -2.157909e-01 -1.160623e-01 -9.880137e-02
vertex -2.507742e-01 -1.097660e-01 -3.579723e-02
vertex -2.692795e-01 -1.316432e-01 -1.097018e-01
endloop
endfacet
facet normal 0 0 0
outer loop
vertex -2.385110e-01 -1.364039e-01 -1.696191e-01
vertex -2.157909e-01 -1.160623e-01 -9.880137e-02
vertex -2.692795e-01 -1.316432e-01 -1.097018e-01
endloop
endfacet
facet normal 0 0 0
outer loop
vertex -2.732936e-01 -1.488960e-01 -1.621427e-01
vertex -2.385110e-01 -1.364039e-01 -1.696191e-01
vertex -2.692795e-01 -1.316432e-01 -1.097018e-01
endloop
endfacet
facet normal 0 0 0
outer loop
vertex -3.132344e-01 -1.375179e-01 -1.563403e-01
vertex -2.732936e-01 -1.488960e-01 -1.621427e-01
vertex -2.692795e-01 -1.316432e-01 -1.097018e-01
endloop
endfacet
facet normal 0 0 0
outer loop
vertex -3.132344e-01 -1.375179e-01 -1.563403e-01
vertex -2.692795e-01 -1.316432e-01 -1.097018e-01
vertex -3.163053e-01 -9.026329e-02 -5.734117e-02
endloop
endfacet
facet normal 0 0 0
outer loop
vertex -3.527337e-01 -6.616231e-02 -1.612777e-01
vertex -3.132344e-01 -1.375179e-01 -1.563403e-01
vertex -3.163053e-01 -9.026329e-02 -5.734117e-02
endloop
endfacet
facet normal 0 0 0
outer loop
vertex -3.465118e-01 -4.773131e-02 -7.461809e-02
vertex -3.527337e-01 -6.616231e-02 -1.612777e-01
vertex -3.163053e-01 -9.026329e-02 -5.734117e-02
endloop
endfacet
facet normal 0 0 0
outer loop
vertex -3.527337e-01 -6.616231e-02 -1.612777e-01
vertex -3.465118e-01 -4.773131e-02 -7.461809e-02
vertex -3.618659e-01 -1.973961e-03 -8.091631e-02
endloop
endfacet
facet normal 0 0 0
outer loop
vertex -3.544598e-01 -8.183869e-03 -1.669457e-01
vertex -3.527337e-01 -6.616231e-02 -1.612777e-01
vertex -3.618659e-01 -1.973961e-03 -8.091631e-02
endloop
endfacet
facet normal 0 0 0
outer loop
vertex -3.662012e-01 3.927749e-02 -1.477239e-01
vertex -3.544598e-01 -8.183869e-03 -1.669457e-01
vertex -3.618659e-01 -1.973961e-03 -8.091631e-02
endloop
endfacet
facet normal 0 0 0
outer loop
vertex -3.544598e-01 -8.183869e-03 -1.669457e-01
vertex -3.662012e-01 3.927749e-02 -1.477239e-01
vertex -3.392863e-01 1.463459e-02 -2.148987e-01
endloop
endfacet
facet normal 0 0 0
outer loop
vertex -3.544598e-01 -8.183869e-03 -1.669457e-01
vertex -3.392863e-01 1.463459e-02 -2.148987e-01
vertex -3.417952e-01 -2.724710e-02 -2.303753e-01
endloop
endfacet
facet normal 0 0 0
outer loop
vertex -3.392863e-01 1.463459e-02 -2.148987e-01
vertex -3.171081e-01 -4.575144e-03 -2.657259e-01
vertex -3.417952e-01 -2.724710e-02 -2.303753e-01
endloop
endfacet
facet normal 0 0 0
outer loop
vertex -3.417952e-01 -2.724710e-02 -2.303753e-01
vertex -3.171081e-01 -4.575144e-03 -2.657259e-01
vertex -3.196772e-01 -3.923134e-02 -2.847009e-01
endloop
endfacet
facet normal 0 0 0
outer loop
vertex -3.467928e-01 -7.209521e-02 -2.719880e-01
vertex -3.417952e-01 -2.724710e-02 -2.303753e-01
vertex -3.196772e-01 -3.923134e-02 -2.847009e-01
endloop
endfacet
facet normal 0 0 0
outer loop
vertex -3.250160e-01 -6.538557e-02 -3.379847e-01
vertex -3.467928e-01 -7.209521e-02 -2.719880e-01
vertex -3.196772e-01 -3.923134e-02 -2.847009e-01
endloop
endfacet
facet normal 0 0 0
outer loop
vertex -3.281069e-01 -1.148351e-02 -3.244791e-01
vertex -3.250160e-01 -6.538557e-02 -3.379847e-01
vertex -3.196772e-01 -3.923134e-02 -2.847009e-01
endloop
endfacet
facet normal 0 0 0
outer loop
vertex -3.467928e-01 -7.209521e-02 -2.719880e-01
vertex -3.250160e-01 -6.538557e-02 -3.379847e-01
vertex -3.156229e-01 -1.131118e-01 -3.272970e-01
endloop
endfacet
facet normal 0 0 0
outer loop
vertex -3.467928e-01 -7.209521e-02 -2.719880e-01
vertex -3.156229e-01 -1.131118e-01 -3.272970e-01
vertex -3.167067e-01 -1.266716e-01 -2.471926e-01
endloop
endfacet
facet normal 0 0 0
outer loop
vertex -3.527337e-01 -6.616231e-02 -1.612777e-01
vertex -3.467928e-01 -7.209521e-02 -2.719880e-01
vertex -3.167067e-01 -1.266716e-01 -2.471926e-01
endloop
endfacet
facet normal 0 0 0
outer loop
vertex -3.156229e-01 -1.131118e-01 -3.272970e-01
vertex -2.548486e-01 -1.702774e-01 -3.335110e-01
vertex -3.167067e-01 -1.266716e-01 -2.471926e-01
endloop
endfacet
facet normal 0 0 0
outer loop
vertex -3.167067e-01 -1.266716e-01 -2.471926e-01
vertex -2.548486e-01 -1.702774e-01 -3.335110e-01
vertex -2.700823e-01 -1.635818e-01 -2.180799e-01
endloop
endfacet
facet normal 0 0 0
outer loop
vertex -3.132344e-01 -1.375179e-01 -1.563403e-01
vertex -3.167067e-01 -1.266716e-01 -2.471926e-01
vertex -2.700823e-01 -1.635818e-01 -2.180799e-01
endloop
endfacet
facet normal 0 0 0
outer loop
vertex -2.700823e-01 -1.635818e-01 -2.180799e-01
vertex -2.548486e-01 -1.702774e-01 -3.335110e-01
vertex -2.097496e-01 -1.515936e-01 -2.478931e-01
endloop
endfacet
facet normal 0 0 0
outer loop
vertex -3.071129e-01 -1.149082e-01 -4.258445e-01
vertex -2.548486e-01 -1.702774e-01 -3.335110e-01
vertex -3.156229e-01 -1.131118e-01 -3.272970e-01
endloop
endfacet
facet normal 0 0 0
outer loop
vertex -3.250160e-01 -6.538557e-02 -3.379847e-01
vertex -3.071129e-01 -1.149082e-01 -4.258445e-01
vertex -3.156229e-01 -1.131118e-01 -3.272970e-01
endloop
endfacet
facet normal 0 0 0
outer loop
vertex -3.467928e-01 -7.209521e-02 -2.719880e-01
vertex -3.527337e-01 -6.616231e-02 -1.612777e-01
vertex -3.417952e-01 -2.724710e-02 -2.303753e-01
endloop
endfacet
facet normal 0 0 0
outer loop
vertex -3.196772e-01 -3.923134e-02 -2.847009e-01
vertex -3.171081e-01 -4.575144e-03 -2.657259e-01
vertex -3.281069e-01 -1.148351e-02 -3.244791e-01
endloop
endfacet
facet normal 0 0 0
outer loop
vertex -3.343289e-01 2.682356e-02 -2.758035e-01
vertex -3.171081e-01 -4.575144e-03 -2.657259e-01
vertex -3.392863e-01 1.463459e-02 -2.148987e-01
endloop
endfacet
facet normal 0 0 0
outer loop
vertex -3.527337e-01 -6.616231e-02 -1.612777e-01
vertex -3.544598e-01 -8.183869e-03 -1.669457e-01
vertex -3.417952e-01 -2.724710e-02 -2.303753e-01
endloop
endfacet
facet normal 0 0 0
outer loop
vertex -3.465118e-01 -4.773131e-02 -7.461809e-02
vertex -3.438022e-01 -3.109263e-02 -1.044983e-02
vertex -3.618659e-01 -1.973961e-03 -8.091631e-02
endloop
endfacet
facet normal 0 0 0
outer loop
vertex -3.438022e-01 -3.109263e-02 -1.044983e-02
vertex -3.690914e-01 3.969093e-02 3.593370e-02
vertex -3.618659e-01 -1.973961e-03 -8.091631e-02
endloop
endfacet
facet normal 0 0 0
outer loop
vertex -3.618659e-01 -1.973961e-03 -8.091631e-02
vertex -3.690914e-01 3.969093e-02 3.593370e-02
vertex -3.884597e-01 5.988413e-02 -6.031767e-02
endloop
endfacet
facet normal 0 0 0
outer loop
vertex -3.132344e-01 -1.375179e-01 -1.563403e-01
vertex -3.527337e-01 -6.616231e-02 -1.612777e-01
vertex -3.167067e-01 -1.266716e-01 -2.471926e-01
endloop
endfacet
facet normal 0 0 0
outer loop
vertex -2.732936e-01 -1.488960e-01 -1.621427e-01
vertex -3.132344e-01 -1.375179e-01 -1.563403e-01
vertex -2.700823e-01 -1.635818e-01 -2.180799e-01
endloop
endfacet
facet normal 0 0 0
outer loop
vertex -2.385110e-01 -1.364039e-01 -1.696191e-01
vertex -2.732936e-01 -1.488960e-01 -1.621427e-01
vertex -2.700823e-01 -1.635818e-01 -2.180799e-01
endloop
endfacet
facet normal 0 0 0
outer loop
vertex -2.692795e-01 -1.316432e-01 -1.097018e-01
vertex -2.507742e-01 -1.097660e-01 -3.579723e-02
vertex -3.163053e-01 -9.026329e-02 -5.734117e-02
endloop
endfacet
facet normal 0 0 0
outer loop
vertex -3.438022e-01 -3.109263e-02 -1.044983e-02
vertex -3.465118e-01 -4.773131e-02 -7.461809e-02
vertex -3.163053e-01 -9.026329e-02 -5.734117e-02
endloop
endfacet
facet normal 0 0 0
outer loop
vertex -3.275048e-01 -1.841396e-02 6.931943e-02
vertex -3.690914e-01 3.969093e-02 3.593370e-02
vertex -3.438022e-01 -3.109263e-02 -1.044983e-02
endloop
endfacet
facet normal 0 0 0
outer loop
vertex -2.952912e-01 -5.568936e-02 8.535597e-02
vertex -3.187539e-01 -6.123091e-02 2.713267e-02
vertex -2.821047e-01 -9.401251e-02 3.023562e-02
endloop
endfacet
facet normal 0 0 0
outer loop
vertex -2.952912e-01 -5.568936e-02 8.535597e-02
vertex -2.648840e-01 -3.826391e-02 1.234142e-01
vertex -2.946690e-01 -1.872503e-02 1.297746e-01
endloop
endfacet
facet normal 0 0 0
outer loop
vertex -3.353525e-01 1.786199e-02 1.310872e-01
vertex -3.690914e-01 3.969093e-02 3.593370e-02
vertex -3.275048e-01 -1.841396e-02 6.931943e-02
endloop
endfacet
facet normal 0 0 0
outer loop
vertex -2.946690e-01 -1.872503e-02 1.297746e-01
vertex -2.658675e-01 -4.952964e-02 1.981216e-01
vertex -3.067115e-01 -2.726623e-03 1.700867e-01
endloop
endfacet
facet normal 0 0 0
outer loop
vertex -3.067115e-01 -2.726623e-03 1.700867e-01
vertex -2.658675e-01 -4.952964e-02 1.981216e-01
vertex -3.375602e-01 3.265011e-02 2.202035e-01
endloop
endfacet
facet normal 0 0 0
outer loop
vertex -3.670643e-01 8.148633e-02 1.431759e-01
vertex -3.690914e-01 3.969093e-02 3.593370e-02
vertex -3.353525e-01 1.786199e-02 1.310872e-01
endloop
endfacet
facet normal 0 0 0
outer loop
vertex -4.019673e-01 1.157571e-01 8.229318e-02
vertex -3.690914e-01 3.969093e-02 3.593370e-02
vertex -3.670643e-01 8.148633e-02 1.431759e-01
endloop
endfacet
facet normal 0 0 0
outer loop
vertex -4.223994e-01 9.735025e-02 2.545973e-03
vertex -3.690914e-01 3.969093e-02 3.593370e-02
vertex -4.019673e-01 1.157571e-01 8.229318e-02
endloop
endfacet
facet normal 0 0 0
outer loop
vertex -4.019673e-01 1.157571e-01 8.229318e-02
vertex -4.058811e-01 1.802505e-01 9.089751e-02
vertex -4.235234e-01 1.589193e-01 3.171483e-02
endloop
endfacet
facet normal 0 0 0
outer loop
vertex -3.604811e-01 1.561596e-01 1.381461e-01
vertex -3.443040e-01 1.395972e-01 2.294882e-01
vertex -3.205202e-01 2.070832e-01 1.746629e-01
endloop
endfacet
facet normal 0 0 0
outer loop
vertex -3.569887e-01 2.233465e-01 1.047162e-01
vertex -2.707045e-01 2.560558e-01 1.075803e-01
vertex -3.230491e-01 2.398748e-01 2.370257e-02
endloop
endfacet
facet normal 0 0 0
outer loop
vertex -2.950102e-01 1.998597e-01 2.391482e-01
vertex -2.656266e-01 2.361617e-01 1.972686e-01
vertex -3.205202e-01 2.070832e-01 1.746629e-01
endloop
endfacet
facet normal 0 0 0
outer loop
vertex -2.984022e-01 1.782354e-01 3.141909e-01
vertex -2.096292e-01 2.210705e-01 3.470989e-01
vertex -2.236185e-01 2.196254e-01 2.602285e-01
endloop
endfacet
facet normal 0 0 0
outer loop
vertex -2.236185e-01 2.196254e-01 2.602285e-01
vertex -2.096292e-01 2.210705e-01 3.470989e-01
vertex -1.744852e-01 2.272644e-01 2.965527e-01
endloop
endfacet
facet normal 0 0 0
outer loop
vertex -1.333000e-01 2.273566e-01 2.463196e-01
vertex -2.236185e-01 2.196254e-01 2.602285e-01
vertex -1.744852e-01 2.272644e-01 2.965527e-01
endloop
endfacet
facet normal 0 0 0
outer loop
vertex -1.341831e-01 2.389134e-01 3.290573e-01
vertex -1.333000e-01 2.273566e-01 2.463196e-01
vertex -1.744852e-01 2.272644e-01 2.965527e-01
endloop
endfacet
facet normal 0 0 0
outer loop
vertex -2.096292e-01 2.210705e-01 3.470989e-01
vertex -1.341831e-01 2.389134e-01 3.290573e-01
vertex -1.744852e-01 2.272644e-01 2.965527e-01
endloop
endfacet
facet normal 0 0 0
outer loop
vertex -3.443040e-01 1.395972e-01 2.294882e-01
vertex -2.950102e-01 1.998597e-01 2.391482e-01
vertex -3.205202e-01 2.070832e-01 1.746629e-01
endloop
endfacet
facet normal 0 0 0
outer loop
vertex -3.352521e-01 8.850306e-02 3.198608e-01
vertex -3.443040e-01 1.395972e-01 2.294882e-01
vertex -3.375602e-01 3.265011e-02 2.202035e-01
endloop
endfacet
facet normal 0 0 0
outer loop
vertex -3.352521e-01 8.850306e-02 3.198608e-01
vertex -3.134753e-01 5.232949e-02 3.752943e-01
vertex -2.901932e-01 1.187236e-01 4.061792e-01
endloop
endfacet
facet normal 0 0 0
outer loop
vertex -1.899397e-01 1.802947e-01 4.332005e-01
vertex -2.901932e-01 1.187236e-01 4.061792e-01
vertex -2.234379e-01 1.200764e-01 4.570586e-01
endloop
endfacet
facet normal 0 0 0
outer loop
vertex -2.096292e-01 2.210705e-01 3.470989e-01
vertex -2.984022e-01 1.782354e-01 3.141909e-01
vertex -2.532028e-01 1.833034e-01 3.843020e-01
endloop
endfacet
facet normal 0 0 0
outer loop
vertex -1.163603e-01 2.304235e-01 4.105285e-01
vertex -1.899397e-01 1.802947e-01 4.332005e-01
vertex -1.282623e-01 1.985852e-01 4.594249e-01
endloop
endfacet
facet normal 0 0 0
outer loop
vertex -1.341831e-01 2.389134e-01 3.290573e-01
vertex -2.096292e-01 2.210705e-01 3.470989e-01
vertex -1.648111e-01 2.257730e-01 3.828188e-01
endloop
endfacet
facet normal 0 0 0
outer loop
vertex -5.833571e-02 2.414644e-01 3.359716e-01
vertex -1.163603e-01 2.304235e-01 4.105285e-01
vertex -4.787884e-02 2.305940e-01 4.117869e-01
endloop
endfacet
facet normal 0 0 0
outer loop
vertex -3.922831e-02 2.399169e-01 2.366234e-01
vertex -5.833571e-02 2.414644e-01 3.359716e-01
vertex 5.489383e-03 2.427871e-01 3.049121e-01
endloop
endfacet
facet normal 0 0 0
outer loop
vertex -1.333000e-01 2.273566e-01 2.463196e-01
vertex -1.341831e-01 2.389134e-01 3.290573e-01
vertex -9.121160e-02 2.376751e-01 2.887893e-01
endloop
endfacet
facet normal 0 0 0
outer loop
vertex -8.729780e-02 2.390057e-01 1.333934e-01
vertex -3.922831e-02 2.399169e-01 2.366234e-01
vertex -4.706632e-03 2.470440e-01 1.459275e-01
endloop
endfacet
facet normal 0 0 0
outer loop
vertex -1.926493e-01 2.453240e-01 1.713612e-01
vertex -2.236185e-01 2.196254e-01 2.602285e-01
vertex -1.333000e-01 2.273566e-01 2.463196e-01
endloop
endfacet
facet normal 0 0 0
outer loop
vertex -1.624428e-01 2.519353e-01 5.601851e-02
vertex -2.707045e-01 2.560558e-01 1.075803e-01
vertex -1.926493e-01 2.453240e-01 1.713612e-01
endloop
endfacet
facet normal 0 0 0
outer loop
vertex -2.440505e-01 2.216325e-01 -1.357888e-02
vertex -2.707045e-01 2.560558e-01 1.075803e-01
vertex -1.624428e-01 2.519353e-01 5.601851e-02
endloop
endfacet
facet normal 0 0 0
outer loop
vertex -3.212325e-02 2.625026e-01 2.264983e-03
vertex -8.729780e-02 2.390057e-01 1.333934e-01
vertex -2.004066e-02 2.591528e-01 8.790899e-02
endloop
endfacet
facet normal 0 0 0
outer loop
vertex -1.335810e-01 2.087069e-01 -7.401197e-02
vertex -2.440505e-01 2.216325e-01 -1.357888e-02
vertex -1.624428e-01 2.519353e-01 5.601851e-02
endloop
endfacet
facet normal 0 0 0
outer loop
vertex 1.463460e-01 2.828543e-01 -6.736250e-02
vertex -3.212325e-02 2.625026e-01 2.264983e-03
vertex 5.038768e-02 2.686422e-01 7.225978e-02
endloop
endfacet
facet normal 0 0 0
outer loop
vertex 1.735419e-01 2.581854e-01 -2.631549e-01
vertex 1.463460e-01 2.828543e-01 -6.736250e-02
vertex 2.328912e-01 2.659969e-01 -1.739664e-01
endloop
endfacet
facet normal 0 0 0
outer loop
vertex -1.335810e-01 2.087069e-01 -7.401197e-02
vertex 3.462201e-03 2.375666e-01 -1.678950e-01
vertex -1.335810e-01 1.661850e-01 -2.270235e-01
endloop
endfacet
facet normal 0 0 0
outer loop
vertex 1.772951e-01 2.573203e-01 -4.427260e-01
vertex 1.020595e-02 2.152800e-01 -3.484055e-01
vertex 1.735419e-01 2.581854e-01 -2.631549e-01
endloop
endfacet
facet normal 0 0 0
outer loop
vertex 6.198857e-02 -2.428634e-01 -3.892415e-01
vertex 9.222487e-03 -2.130221e-01 -4.561373e-01
vertex 8.498967e-02 -2.284726e-01 -4.519345e-01
endloop
endfacet
facet normal 0 0 0
outer loop
vertex 1.188089e-01 -2.285087e-01 -4.126982e-01
vertex 6.198857e-02 -2.428634e-01 -3.892415e-01
vertex 8.498967e-02 -2.284726e-01 -4.519345e-01
endloop
endfacet
facet normal 0 0 0
outer loop
vertex 2.026044e-01 -2.212853e-01 -4.364539e-01
vertex 1.559198e-01 -2.244284e-01 -4.287889e-01
vertex 1.438773e-01 -2.402361e-01 -4.681658e-01
endloop
endfacet
facet normal 0 0 0
outer loop
vertex 2.219326e-01 -1.798331e-01 -3.507136e-01
vertex 1.480119e-01 -2.095479e-01 -3.013616e-01
vertex 1.588501e-01 -2.131807e-01 -3.832262e-01
endloop
endfacet
facet normal 0 0 0
outer loop
vertex 2.884069e-01 -1.384974e-01 -3.516830e-01
vertex 3.014730e-01 -1.714977e-01 -4.481170e-01
vertex 3.245945e-01 -8.275681e-02 -3.820521e-01
endloop
endfacet
facet normal 0 0 0
outer loop
vertex 2.614318e-01 -1.407653e-01 -2.743985e-01
vertex 2.884069e-01 -1.384974e-01 -3.516830e-01
vertex 3.056678e-01 -9.585096e-02 -3.057129e-01
endloop
endfacet
facet normal 0 0 0
outer loop
vertex 2.019822e-01 -1.849411e-01 -2.480496e-01
vertex 1.480119e-01 -2.095479e-01 -3.013616e-01
vertex 2.219326e-01 -1.798331e-01 -3.507136e-01
endloop
endfacet
facet normal 0 0 0
outer loop
vertex 2.340352e-01 -1.400749e-01 -1.567939e-01
vertex 2.614318e-01 -1.407653e-01 -2.743985e-01
vertex 2.937257e-01 -8.664653e-02 -2.242537e-01
endloop
endfacet
facet normal 0 0 0
outer loop
vertex 1.758300e-01 -1.978928e-01 -1.647800e-01
vertex 2.340352e-01 -1.400749e-01 -1.567939e-01
vertex 1.671192e-01 -1.705343e-01 -8.568310e-02
endloop
endfacet
facet normal 0 0 0
outer loop
vertex 1.473697e-01 -2.200489e-01 -2.179375e-01
vertex 1.480119e-01 -2.095479e-01 -3.013616e-01
vertex 2.019822e-01 -1.849411e-01 -2.480496e-01
endloop
endfacet
facet normal 0 0 0
outer loop
vertex 1.392410e-01 -2.172129e-01 -1.670581e-01
vertex 1.758300e-01 -1.978928e-01 -1.647800e-01
vertex 1.254323e-01 -2.043877e-01 -1.175153e-01
endloop
endfacet
facet normal 0 0 0
outer loop
vertex 1.024914e-01 -2.092067e-01 -1.729649e-01
vertex 1.392410e-01 -2.172129e-01 -1.670581e-01
vertex 1.254323e-01 -2.043877e-01 -1.175153e-01
endloop
endfacet
facet normal 0 0 0
outer loop
vertex 3.728148e-02 -1.964858e-01 -1.813625e-01
vertex 1.024914e-01 -2.092067e-01 -1.729649e-01
vertex 6.564143e-02 -1.880079e-01 -1.029199e-01
endloop
endfacet
facet normal 0 0 0
outer loop
vertex 9.689160e-02 -2.050600e-01 -2.412978e-01
vertex 1.480119e-01 -2.095479e-01 -3.013616e-01
vertex 1.473697e-01 -2.200489e-01 -2.179375e-01
endloop
endfacet
facet normal 0 0 0
outer loop
vertex 1.588501e-01 -2.131807e-01 -3.832262e-01
vertex 1.480119e-01 -2.095479e-01 -3.013616e-01
vertex 1.082918e-01 -2.279407e-01 -3.524196e-01
endloop
endfacet
facet normal 0 0 0
outer loop
vertex 6.198857e-02 -2.428634e-01 -3.892415e-01
vertex 1.188089e-01 -2.285087e-01 -4.126982e-01
vertex 1.082918e-01 -2.279407e-01 -3.524196e-01
endloop
endfacet
facet normal 0 0 0
outer loop
vertex 3.482261e-03 -2.550122e-01 -3.669468e-01
vertex 6.198857e-02 -2.428634e-01 -3.892415e-01
vertex 3.720116e-02 -2.611458e-01 -3.391850e-01
endloop
endfacet
facet normal 0 0 0
outer loop
vertex 7.536549e-03 -2.715224e-01 -3.103453e-01
vertex 3.482261e-03 -2.550122e-01 -3.669468e-01
vertex 3.720116e-02 -2.611458e-01 -3.391850e-01
endloop
endfacet
facet normal 0 0 0
outer loop
vertex 5.129083e-02 -2.244805e-01 -2.678193e-01
vertex 6.449742e-02 -2.399651e-01 -3.260145e-01
vertex 9.412191e-02 -2.217790e-01 -2.989129e-01
endloop
endfacet
facet normal 0 0 0
outer loop
vertex 7.536549e-03 -2.715224e-01 -3.103453e-01
vertex 3.720116e-02 -2.611458e-01 -3.391850e-01
vertex 3.160143e-02 -2.509017e-01 -2.975160e-01
endloop
endfacet
facet normal 0 0 0
outer loop
vertex 5.129083e-02 -2.244805e-01 -2.678193e-01
vertex 3.728148e-02 -1.964858e-01 -1.813625e-01
vertex -6.111580e-03 -2.448383e-01 -2.427068e-01
endloop
endfacet
facet normal 0 0 0
outer loop
vertex 5.730177e-03 -1.753754e-01 -9.218606e-02
vertex 3.728148e-02 -1.964858e-01 -1.813625e-01
vertex 6.564143e-02 -1.880079e-01 -1.029199e-01
endloop
endfacet
facet normal 0 0 0
outer loop
vertex -3.718110e-02 -1.803469e-01 -4.916836e-02
vertex -1.029530e-01 -1.984989e-01 -3.570287e-02
vertex -4.169703e-02 -2.200047e-01 -1.301820e-01
endloop
endfacet
facet normal 0 0 0
outer loop
vertex -4.169703e-02 -2.200047e-01 -1.301820e-01
vertex -1.029530e-01 -1.984989e-01 -3.570287e-02
vertex -1.244488e-01 -2.538621e-01 -1.251643e-01
endloop
endfacet
facet normal 0 0 0
outer loop
vertex -1.244488e-01 -2.538621e-01 -1.251643e-01
vertex -1.029530e-01 -1.984989e-01 -3.570287e-02
vertex -1.414086e-01 -1.762585e-01 -1.003287e-01
endloop
endfacet
facet normal 0 0 0
outer loop
vertex -6.492869e-03 -1.643846e-01 -4.628017e-02
vertex 5.730177e-03 -1.753754e-01 -9.218606e-02
vertex 2.377384e-02 -1.722102e-01 -3.384432e-02
endloop
endfacet
facet normal 0 0 0
outer loop
vertex -1.610681e-02 -1.610730e-01 -9.518547e-03
vertex -6.492869e-03 -1.643846e-01 -4.628017e-02
vertex 2.377384e-02 -1.722102e-01 -3.384432e-02
endloop
endfacet
facet normal 0 0 0
outer loop
vertex -5.717159e-02 -1.732158e-01 1.834972e-02
vertex -1.029530e-01 -1.984989e-01 -3.570287e-02
vertex -3.718110e-02 -1.803469e-01 -4.916836e-02
endloop
endfacet
facet normal 0 0 0
outer loop
vertex 2.779787e-03 -1.601055e-01 6.211602e-02
vertex -1.610681e-02 -1.610730e-01 -9.518547e-03
vertex 2.377384e-02 -1.722102e-01 -3.384432e-02
endloop
endfacet
facet normal 0 0 0
outer loop
vertex -9.163308e-02 -1.486331e-01 8.426011e-02
vertex 2.779787e-03 -1.601055e-01 6.211602e-02
vertex -5.113028e-02 -1.418411e-01 1.377507e-01
endloop
endfacet
facet normal 0 0 0
outer loop
vertex -9.940049e-02 -1.754998e-01 3.045440e-02
vertex -1.029530e-01 -1.984989e-01 -3.570287e-02
vertex -5.717159e-02 -1.732158e-01 1.834972e-02
endloop
endfacet
facet normal 0 0 0
outer loop
vertex -1.419304e-01 -1.596238e-01 3.397883e-02
vertex -1.029530e-01 -1.984989e-01 -3.570287e-02
vertex -9.940049e-02 -1.754998e-01 3.045440e-02
endloop
endfacet
facet normal 0 0 0
outer loop
vertex -1.803058e-01 -1.157030e-01 1.128851e-01
vertex -9.163308e-02 -1.486331e-01 8.426011e-02
vertex -1.076897e-01 -1.335037e-01 1.717426e-01
endloop
endfacet
facet normal 0 0 0
outer loop
vertex -1.592917e-01 -9.976678e-02 1.955595e-02
vertex -1.803058e-01 -1.157030e-01 1.128851e-01
vertex -2.209290e-01 -1.049792e-01 3.318199e-02
endloop
endfacet
facet normal 0 0 0
outer loop
vertex -1.454428e-01 -1.412671e-01 -2.915581e-02
vertex -1.029530e-01 -1.984989e-01 -3.570287e-02
vertex -1.419304e-01 -1.596238e-01 3.397883e-02
endloop
endfacet
facet normal 0 0 0
outer loop
vertex -1.581677e-01 -1.030484e-01 -3.021151e-02
vertex -1.592917e-01 -9.976678e-02 1.955595e-02
vertex -1.943754e-01 -8.704190e-02 -3.345495e-02
endloop
endfacet
facet normal 0 0 0
outer loop
vertex -1.627037e-01 -1.170899e-01 -7.906978e-02
vertex -1.581677e-01 -1.030484e-01 -3.021151e-02
vertex -1.943754e-01 -8.704190e-02 -3.345495e-02
endloop
endfacet
facet normal 0 0 0
outer loop
vertex -1.414086e-01 -1.762585e-01 -1.003287e-01
vertex -1.029530e-01 -1.984989e-01 -3.570287e-02
vertex -1.454428e-01 -1.412671e-01 -2.915581e-02
endloop
endfacet
facet normal 0 0 0
outer loop
vertex -1.687851e-01 -1.445969e-01 -1.709719e-01
vertex -1.627037e-01 -1.170899e-01 -7.906978e-02
vertex -2.157909e-01 -1.160623e-01 -9.880137e-02
endloop
endfacet
facet normal 0 0 0
outer loop
vertex -1.244488e-01 -2.538621e-01 -1.251643e-01
vertex -1.414086e-01 -1.762585e-01 -1.003287e-01
vertex -1.494369e-01 -2.132790e-01 -1.756122e-01
endloop
endfacet
facet normal 0 0 0
outer loop
vertex -7.706171e-02 -2.706032e-01 -2.103969e-01
vertex -4.169703e-02 -2.200047e-01 -1.301820e-01
vertex -1.244488e-01 -2.538621e-01 -1.251643e-01
endloop
endfacet
facet normal 0 0 0
outer loop
vertex -1.099577e-01 -2.650054e-01 -2.303091e-01
vertex -1.280816e-01 -2.600600e-01 -1.975174e-01
vertex -1.222209e-01 -2.322018e-01 -2.450169e-01
endloop
endfacet
facet normal 0 0 0
outer loop
vertex -1.222209e-01 -2.322018e-01 -2.450169e-01
vertex -1.261347e-01 -1.904766e-01 -2.875890e-01
vertex -9.155281e-02 -2.299699e-01 -3.290131e-01
endloop
endfacet
facet normal 0 0 0
outer loop
vertex -1.261347e-01 -1.904766e-01 -2.875890e-01
vertex -1.175445e-01 -1.724511e-01 -3.511752e-01
vertex -9.155281e-02 -2.299699e-01 -3.290131e-01
endloop
endfacet
facet normal 0 0 0
outer loop
vertex -9.649022e-02 -2.682348e-01 -2.670004e-01
vertex -4.563088e-02 -2.828543e-01 -3.076518e-01
vertex -7.706171e-02 -2.706032e-01 -2.103969e-01
endloop
endfacet
facet normal 0 0 0
outer loop
vertex 7.536549e-03 -2.715224e-01 -3.103453e-01
vertex -4.563088e-02 -2.828543e-01 -3.076518e-01
vertex 3.482261e-03 -2.550122e-01 -3.669468e-01
endloop
endfacet
facet normal 0 0 0
outer loop
vertex 9.222487e-03 -2.130221e-01 -4.561373e-01
vertex 6.198857e-02 -2.428634e-01 -3.892415e-01
vertex 3.482261e-03 -2.550122e-01 -3.669468e-01
endloop
endfacet
facet normal 0 0 0
outer loop
vertex -9.155281e-02 -2.299699e-01 -3.290131e-01
vertex -8.639462e-02 -2.059773e-01 -4.366767e-01
vertex -4.647385e-02 -2.490291e-01 -3.864034e-01
endloop
endfacet
facet normal 0 0 0
outer loop
vertex -3.510478e-01 9.904423e-02 -4.470854e-01
vertex -3.720820e-01 4.630226e-02 -4.607717e-01
vertex -3.571894e-01 5.465167e-02 -3.949094e-01
endloop
endfacet
facet normal 0 0 0
outer loop
vertex -3.104848e-01 1.660726e-01 -4.117528e-01
vertex -3.510478e-01 9.904423e-02 -4.470854e-01
vertex -3.439829e-01 1.109743e-01 -3.599201e-01
endloop
endfacet
facet normal 0 0 0
outer loop
vertex -2.423847e-01 1.969113e-01 -3.937775e-01
vertex -3.104848e-01 1.660726e-01 -4.117528e-01
vertex -2.777293e-01 1.963312e-01 -3.299865e-01
endloop
endfacet
facet normal 0 0 0
outer loop
vertex -2.423847e-01 1.969113e-01 -3.937775e-01
vertex -2.777293e-01 1.963312e-01 -3.299865e-01
vertex -2.227153e-01 2.046044e-01 -3.371939e-01
endloop
endfacet
facet normal 0 0 0
outer loop
vertex -1.907827e-01 1.809450e-01 -4.093142e-01
vertex -1.511028e-01 1.468307e-01 -4.704578e-01
vertex -2.348782e-01 1.687500e-01 -4.695968e-01
endloop
endfacet
facet normal 0 0 0
outer loop
vertex -1.891971e-01 1.835321e-01 -3.612166e-01
vertex -1.366518e-01 1.475452e-01 -3.664089e-01
vertex -1.907827e-01 1.809450e-01 -4.093142e-01
endloop
endfacet
facet normal 0 0 0
outer loop
vertex -2.087460e-01 1.986294e-01 -3.773274e-01
vertex -2.423847e-01 1.969113e-01 -3.937775e-01
vertex -2.227153e-01 2.046044e-01 -3.371939e-01
endloop
endfacet
facet normal 0 0 0
outer loop
vertex -1.879326e-01 1.770814e-01 -3.074551e-01
vertex -1.366518e-01 1.475452e-01 -3.664089e-01
vertex -1.891971e-01 1.835321e-01 -3.612166e-01
endloop
endfacet
facet normal 0 0 0
outer loop
vertex -2.777293e-01 1.963312e-01 -3.299865e-01
vertex -2.407991e-01 2.010178e-01 -2.452377e-01
vertex -2.227153e-01 2.046044e-01 -3.371939e-01
endloop
endfacet
facet normal 0 0 0
outer loop
vertex -1.335810e-01 1.661850e-01 -2.270235e-01
vertex -1.366518e-01 1.475452e-01 -3.664089e-01
vertex -1.879326e-01 1.770814e-01 -3.074551e-01
endloop
endfacet
facet normal 0 0 0
outer loop
vertex -2.215913e-01 1.979169e-01 -1.323517e-01
vertex -1.335810e-01 2.087069e-01 -7.401197e-02
vertex -1.335810e-01 1.661850e-01 -2.270235e-01
endloop
endfacet
facet normal 0 0 0
outer loop
vertex -2.808001e-01 2.048332e-01 -1.622129e-01
vertex -2.407991e-01 2.010178e-01 -2.452377e-01
vertex -3.025970e-01 1.956388e-01 -2.107682e-01
endloop
endfacet
facet normal 0 0 0
outer loop
vertex -2.808001e-01 2.048332e-01 -1.622129e-01
vertex -3.395071e-01 1.762203e-01 -1.407091e-01
vertex -2.904943e-01 2.093070e-01 -8.351347e-02
endloop
endfacet
facet normal 0 0 0
outer loop
vertex -1.335810e-01 2.087069e-01 -7.401197e-02
vertex -2.215913e-01 1.979169e-01 -1.323517e-01
vertex -2.440505e-01 2.216325e-01 -1.357888e-02
endloop
endfacet
facet normal 0 0 0
outer loop
vertex -3.230491e-01 2.398748e-01 2.370257e-02
vertex -2.707045e-01 2.560558e-01 1.075803e-01
vertex -2.440505e-01 2.216325e-01 -1.357888e-02
endloop
endfacet
facet normal 0 0 0
outer loop
vertex -3.418955e-01 1.927627e-01 -3.506061e-02
vertex -2.997268e-01 2.148606e-01 -2.632383e-02
vertex -2.904943e-01 2.093070e-01 -8.351347e-02
endloop
endfacet
facet normal 0 0 0
outer loop
vertex -3.802508e-01 2.018266e-01 3.399888e-02
vertex -3.569887e-01 2.233465e-01 1.047162e-01
vertex -3.230491e-01 2.398748e-01 2.370257e-02
endloop
endfacet
facet normal 0 0 0
outer loop
vertex -3.418955e-01 1.927627e-01 -3.506061e-02
vertex -3.790064e-01 1.517420e-01 -6.638107e-02
vertex -3.864326e-01 1.677786e-01 -8.822083e-03
endloop
endfacet
facet normal 0 0 0
outer loop
vertex -4.235234e-01 1.589193e-01 3.171483e-02
vertex -4.058811e-01 1.802505e-01 9.089751e-02
vertex -3.802508e-01 2.018266e-01 3.399888e-02
endloop
endfacet
facet normal 0 0 0
outer loop
vertex -3.790064e-01 1.517420e-01 -6.638107e-02
vertex -4.124242e-01 1.410885e-01 -2.032064e-02
vertex -3.864326e-01 1.677786e-01 -8.822083e-03
endloop
endfacet
facet normal 0 0 0
outer loop
vertex -4.223994e-01 9.735025e-02 2.545973e-03
vertex -4.019673e-01 1.157571e-01 8.229318e-02
vertex -4.235234e-01 1.589193e-01 3.171483e-02
endloop
endfacet
facet normal 0 0 0
outer loop
vertex -4.087713e-01 1.094590e-01 -6.623253e-02
vertex -4.124242e-01 1.410885e-01 -2.032064e-02
vertex -3.790064e-01 1.517420e-01 -6.638107e-02
endloop
endfacet
facet normal 0 0 0
outer loop
vertex -3.884597e-01 5.988413e-02 -6.031767e-02
vertex -3.690914e-01 3.969093e-02 3.593370e-02
vertex -4.223994e-01 9.735025e-02 2.545973e-03
endloop
endfacet
facet normal 0 0 0
outer loop
vertex -3.803913e-01 1.198656e-01 -1.297103e-01
vertex -3.967289e-01 7.862222e-02 -1.191471e-01
vertex -4.087713e-01 1.094590e-01 -6.623253e-02
endloop
endfacet
facet normal 0 0 0
outer loop
vertex -3.662012e-01 3.927749e-02 -1.477239e-01
vertex -3.618659e-01 -1.973961e-03 -8.091631e-02
vertex -3.884597e-01 5.988413e-02 -6.031767e-02
endloop
endfacet
facet normal 0 0 0
outer loop
vertex -3.967289e-01 7.862222e-02 -1.191471e-01
vertex -3.803913e-01 1.198656e-01 -1.297103e-01
vertex -3.845258e-01 7.630403e-02 -1.879035e-01
endloop
endfacet
facet normal 0 0 0
outer loop
vertex -3.392863e-01 1.463459e-02 -2.148987e-01
vertex -3.662012e-01 3.927749e-02 -1.477239e-01
vertex -3.623075e-01 4.045565e-02 -2.240450e-01
endloop
endfacet
facet normal 0 0 0
outer loop
vertex -3.598789e-01 1.215937e-01 -2.116914e-01
vertex -3.621871e-01 6.304932e-02 -2.915189e-01
vertex -3.845258e-01 7.630403e-02 -1.879035e-01
endloop
endfacet
facet normal 0 0 0
outer loop
vertex -3.343289e-01 2.682356e-02 -2.758035e-01
vertex -3.392863e-01 1.463459e-02 -2.148987e-01
vertex -3.623075e-01 4.045565e-02 -2.240450e-01
endloop
endfacet
facet normal 0 0 0
outer loop
vertex -3.531954e-01 1.082113e-02 -3.232889e-01
vertex -3.621871e-01 6.304932e-02 -2.915189e-01
vertex -3.659403e-01 1.707721e-02 -3.643678e-01
endloop
endfacet
facet normal 0 0 0
outer loop
vertex -3.561257e-01 -1.108610e-02 -3.512294e-01
vertex -3.531954e-01 1.082113e-02 -3.232889e-01
vertex -3.659403e-01 1.707721e-02 -3.643678e-01
endloop
endfacet
facet normal 0 0 0
outer loop
vertex -3.281069e-01 -1.148351e-02 -3.244791e-01
vertex -3.171081e-01 -4.575144e-03 -2.657259e-01
vertex -3.343289e-01 2.682356e-02 -2.758035e-01
endloop
endfacet
facet normal 0 0 0
outer loop
vertex -3.561257e-01 -1.108610e-02 -3.512294e-01
vertex -3.409121e-01 2.985504e-03 -3.392833e-01
vertex -3.531954e-01 1.082113e-02 -3.232889e-01
endloop
endfacet
facet normal 0 0 0
outer loop
vertex -3.406511e-01 -4.327559e-02 -3.838665e-01
vertex -3.250160e-01 -6.538557e-02 -3.379847e-01
vertex -3.281069e-01 -1.148351e-02 -3.244791e-01
endloop
endfacet
facet normal 0 0 0
outer loop
vertex -3.761363e-01 -2.210897e-02 -3.913870e-01
vertex -3.561257e-01 -1.108610e-02 -3.512294e-01
vertex -3.659403e-01 1.707721e-02 -3.643678e-01
endloop
endfacet
facet normal 0 0 0
outer loop
vertex -3.761363e-01 -2.210897e-02 -3.913870e-01
vertex -3.865128e-01 7.615860e-03 -4.276208e-01
vertex -3.737478e-01 -5.598241e-02 -4.456724e-01
endloop
endfacet
facet normal 0 0 0
outer loop
vertex -3.071129e-01 -1.149082e-01 -4.258445e-01
vertex -3.250160e-01 -6.538557e-02 -3.379847e-01
vertex -3.406511e-01 -4.327559e-02 -3.838665e-01
endloop
endfacet
facet normal 0 0 0
outer loop
vertex -2.419632e-01 -2.230234e-01 -4.625158e-01
vertex -2.548486e-01 -1.702774e-01 -3.335110e-01
vertex -3.071129e-01 -1.149082e-01 -4.258445e-01
endloop
endfacet
facet normal 0 0 0
outer loop
vertex -1.685845e-01 -1.899387e-01 -4.067773e-01
vertex -2.548486e-01 -1.702774e-01 -3.335110e-01
vertex -2.419632e-01 -2.230234e-01 -4.625158e-01
endloop
endfacet
facet normal 0 0 0
outer loop
vertex -1.175445e-01 -1.724511e-01 -3.511752e-01
vertex -8.639462e-02 -2.059773e-01 -4.366767e-01
vertex -9.155281e-02 -2.299699e-01 -3.290131e-01
endloop
endfacet
facet normal 0 0 0
outer loop
vertex -1.712739e-01 -1.502729e-01 -3.228353e-01
vertex -2.548486e-01 -1.702774e-01 -3.335110e-01
vertex -1.685845e-01 -1.899387e-01 -4.067773e-01
endloop
endfacet
facet normal 0 0 0
outer loop
vertex -1.261347e-01 -1.904766e-01 -2.875890e-01
vertex -1.345846e-01 -1.592887e-01 -3.048078e-01
vertex -1.175445e-01 -1.724511e-01 -3.511752e-01
endloop
endfacet
facet normal 0 0 0
outer loop
vertex -1.528690e-01 -1.567296e-01 -2.605316e-01
vertex -1.345846e-01 -1.592887e-01 -3.048078e-01
vertex -1.261347e-01 -1.904766e-01 -2.875890e-01
endloop
endfacet
facet normal 0 0 0
outer loop
vertex -2.097496e-01 -1.515936e-01 -2.478931e-01
vertex -2.548486e-01 -1.702774e-01 -3.335110e-01
vertex -1.712739e-01 -1.502729e-01 -3.228353e-01
endloop
endfacet
facet normal 0 0 0
outer loop
vertex -1.491760e-01 -1.903281e-01 -2.282859e-01
vertex -1.687851e-01 -1.445969e-01 -1.709719e-01
vertex -1.528690e-01 -1.567296e-01 -2.605316e-01
endloop
endfacet
facet normal 0 0 0
outer loop
vertex -2.385110e-01 -1.364039e-01 -1.696191e-01
vertex -2.700823e-01 -1.635818e-01 -2.180799e-01
vertex -2.097496e-01 -1.515936e-01 -2.478931e-01
endloop
endfacet
facet normal 0 0 0
outer loop
vertex -2.385110e-01 -1.364039e-01 -1.696191e-01
vertex -1.687851e-01 -1.445969e-01 -1.709719e-01
vertex -2.157909e-01 -1.160623e-01 -9.880137e-02
endloop
endfacet
endsolid D:/VSprojects/TaihuStone/model/ori/RockSetBr_rotated.stl
